hash,author_date,files_changed,insertions,deletions,message_length,label,total_complexity,max_complexity,total_nloc,max_duplication_similarity,security_issues_low,security_issues_medium,security_issues_high
e7615cbc6b4af5985c4e0d4848a426e2d35f79c3,2011-02-13 18:41:18+00:00,1,0,0,12,0,0,0,0,0.0,0,0,0
d0bf5538097cbdee663eddf4e29e9f34106c67cb,2011-02-13 18:52:30+00:00,1,0,0,13,0,0,0,0,0.0,0,0,0
0477018761c67152cdcc0b83d56f27e701e65b9e,2011-02-13 18:52:37+00:00,1,48,0,13,1,1,1,32,0.9972162842750549,2,0,0
75b499dd046060021db0c7a772dd34df9374a30b,2011-02-13 18:52:47+00:00,1,4,0,27,0,0,0,1,0.0,0,0,0
c51b44d96bb460ebea3daee7deeff6b686585087,2011-02-13 18:53:01+00:00,1,13,0,18,0,0,0,0,0.0,0,0,0
72e99c0f49823a5b798f8d15896480b7216c4fba,2011-02-13 18:53:08+00:00,1,0,0,9,0,0,0,0,0.0,0,0,0
ffdbc387ea67398ac123b2ff5a5d69df3e198340,2011-02-13 18:53:15+00:00,1,1,0,9,0,0,0,0,0.0,0,0,0
853a4fd04ce3f4644e204418ee2cd694d9f29180,2011-02-13 18:53:25+00:00,3,4,0,16,0,0,0,1,0.0,0,0,0
a6ffd97ef150f50eb1a0e0e54edf217831011753,2011-02-13 18:56:54+00:00,1,59,0,14,0,0,0,0,0.0,0,0,0
45c6897128c1e20a98cf259101067123a4768793,2011-02-13 20:08:32+00:00,1,52,3,18,0,0,0,0,0.0,0,0,0
23842865e973f9aacd58fa935f1fec5c2069de11,2011-02-13 20:10:54+00:00,1,2,1,13,0,0,0,0,0.0,0,0,0
b079a4e03e1a07ce0dd10a3b17d795c9452c9691,2011-02-13 20:47:00+00:00,1,1,0,24,0,0,0,0,0.0,0,0,0
c840bc7d0962d253afd4c8a72c242cbf2b882dc0,2011-02-13 20:49:34+00:00,1,11,3,13,0,0,0,0,0.0,0,0,0
d6cf93e3989d03dcaa19f92619ddb0021ccb49f4,2011-02-13 20:50:55+00:00,1,1,0,19,0,0,0,0,0.0,0,0,0
d8b19573f38aa84db95a7e4d1f1c0a2fa26517eb,2011-02-13 21:03:47+00:00,1,56,1,21,0,5,5,22,1.0000001192092896,0,0,0
b72e1d19aff997d00ef617a3aa0eea8ccdcc3984,2011-02-13 21:16:36+00:00,1,43,5,9,0,13,13,45,1.0000003576278687,0,0,0
54240b4811b66dc7d5c2738b91994c21023f0e9e,2011-02-13 21:24:14+00:00,1,25,4,11,0,13,13,48,0.9967218041419983,0,0,0
ef9bae8d9f2dc605d4fbcdf24256b6cc82612a2d,2011-02-13 21:41:58+00:00,1,43,9,49,0,18,18,62,1.0000003576278687,0,0,0
32cc197a81502c30715c9e164006dce6debcd1bf,2011-02-13 21:59:01+00:00,1,53,13,5,0,19,19,83,1.0000003576278687,0,0,0
49f915fb90f135082a83f64a21cc901d0b0e4d15,2011-02-13 21:59:13+00:00,1,8,1,12,0,0,0,4,0.0,0,0,0
af272d58276a9d1415a563e4ac763a6207742342,2011-02-13 22:13:10+00:00,1,37,3,31,0,35,35,108,1.0000003576278687,0,0,0
e9c2b917d2ba340e440f3da35846167c86c610a8,2011-02-13 22:17:33+00:00,1,49,14,20,0,41,41,131,0.9995052814483643,0,0,0
d4c1eccb449f538e233623bd5b5e8f350f266e88,2011-02-13 23:03:33+00:00,1,1,2,26,0,0,0,0,0.0,0,0,0
44aa6806f3bf2255c151ec2661b8765ca190c0c4,2011-02-13 23:03:48+00:00,1,41,14,20,0,44,44,148,1.0000003576278687,0,0,0
327d923ce673a13c170446911ceec50529a9253c,2011-02-13 23:07:37+00:00,1,33,1,32,0,47,47,166,0.9987204074859619,0,0,0
4f9d598ff486396d9ad45c7e402abe099dec8f4a,2011-02-13 23:26:17+00:00,1,32,23,49,0,48,48,170,0.9998654127120972,0,0,0
871de2ab23a49dd0beaee4cd8742c54038d16e96,2011-02-13 23:33:50+00:00,1,10,15,12,0,46,46,167,0.9996529817581177,0,0,0
71df02df2c9ab37a8ee40b31f5e28742d1a6cee8,2011-02-13 23:49:02+00:00,1,39,9,44,0,51,51,188,1.0000003576278687,0,0,0
3c32045da05cda554e65d3b943bb1128b2482c7f,2011-02-14 00:02:11+00:00,1,25,35,5,0,52,52,186,0.9999936819076538,0,0,0
6fb1997b6a37f27aeda5e26aebcb886a4d2b817a,2011-02-14 00:04:47+00:00,1,9,6,16,0,52,52,187,0.9999936819076538,0,0,0
7de5726a812c5ae2cb8204e2974b62ca2750c9d0,2011-02-14 00:05:13+00:00,1,4,0,13,0,0,0,0,0.0,0,0,0
f1d9aae10e82e7d122b2172616c7a675971cd0e6,2011-02-14 03:00:31+00:00,1,6,24,33,0,45,45,173,0.9998380541801453,0,0,0
f566bb21400cecf4dfe5a6c7d9bc7fb62abbb57d,2011-02-14 03:50:45+00:00,1,49,48,30,0,45,45,172,0.9999997019767761,0,0,0
59c6aebd606e3c5fb7b684817faa92051fc0295a,2011-02-14 03:53:14+00:00,1,1,1,36,0,45,45,172,0.9990082383155823,0,0,0
2c168d20a5b3ce7bbf711fd70c9a29b9d5c32be7,2011-02-14 03:56:13+00:00,1,0,0,16,0,0,0,0,0.0,0,0,0
4018276b54a644f3529cbe751e8db594056dc9e9,2011-02-14 03:56:20+00:00,1,2,4,6,0,45,45,170,0.0,0,0,0
e796aae504ac3170d01d0be92c87a9c39350bbf9,2011-02-14 04:25:41+00:00,1,63,14,21,0,45,45,172,1.0000003576278687,0,0,0
e403a8a42c3fb94e95c48e71fdb944811a2b45f4,2011-02-14 04:35:43+00:00,1,19,0,23,0,45,45,172,0.9995808601379395,0,0,0
9f4ce17a29ead608a42649b3fec4a85b9911dbc9,2011-02-14 04:35:53+00:00,1,1,1,6,0,1,1,32,0.0,2,0,0
fdd54e14d68123899e61dd651176264b1276f416,2011-02-14 04:51:29+00:00,1,0,1,10,0,45,45,172,0.0,0,0,0
4a3f55997bc73d9ff8312cfae68a028728b49f66,2011-02-14 04:51:37+00:00,1,38,2,27,0,8,8,28,0.9998634457588196,0,5,0
e76fa915341f750dff6f1ac77bc3d77ff7134450,2011-02-14 04:54:42+00:00,4,595,0,20,0,0,0,27,0.0,0,0,0
090fcf14c57e842013b8ecebd536d368d014f2d5,2011-02-14 05:14:50+00:00,1,0,4,10,0,0,0,0,0.0,0,0,0
98d257e0394e6839bef9c8dc1359d02a43eb8bed,2011-02-14 05:15:02+00:00,1,16,0,17,0,0,0,0,0.0,0,0,0
2cc80155cbf758c8e6e948ef5fe52754a996a40b,2011-02-14 05:22:16+00:00,1,11,1,14,0,0,0,0,0.0,0,0,0
839873c77fcdb79a5f3ca0af00abb645f11e516f,2011-02-14 05:23:46+00:00,1,1,0,15,0,0,0,0,0.0,0,0,0
71626dea7e72e63c31742e4368ab9dc136484bbe,2011-02-14 05:24:13+00:00,1,1,1,16,0,0,0,0,0.0,0,0,0
2b54b01ce2726a04f155ef29637b0d5011f965e2,2011-02-14 05:39:16+00:00,1,37,46,20,0,0,0,0,0.0,0,0,0
927294fbd439d96c0cea0750017122102effe9ff,2011-02-14 05:45:28+00:00,1,61,49,18,0,0,0,0,0.0,0,0,0
00d900c575c05473ddd95cdf6adeaaf520687671,2011-02-14 05:47:07+00:00,1,14,14,7,0,0,0,0,0.0,0,0,0
d789badbb25958e8ff5adb7c73dcfbabf583dde3,2011-02-14 05:47:42+00:00,1,24,24,11,0,0,0,0,0.0,0,0,0
a2ecf9c7864a849236c6a9589ac76b05c00244fb,2011-02-14 05:48:08+00:00,1,3,3,7,0,0,0,0,0.0,0,0,0
88b64d271f2f58caadabfa9e5e45ff85c77d3944,2011-02-14 05:50:04+00:00,1,3,3,33,0,0,0,0,0.0,0,0,0
8cca789ba5df5d31f3c923001ee6dc9fcf7f1b1b,2011-02-14 05:50:52+00:00,1,4,8,6,0,0,0,0,0.0,0,0,0
4a3bee6cffadba86342829f4595301b81297ee22,2011-02-14 06:10:44+00:00,1,8,3,20,0,0,0,0,0.0,0,0,0
908d7de7b8ad05c537b8131f076f9112657a77ee,2011-02-14 06:11:27+00:00,1,5,5,28,0,0,0,0,0.0,0,0,0
bb5614253a4fa29832cfbe108829985d5f308e40,2011-02-14 06:12:38+00:00,1,2,0,29,0,0,0,0,0.0,0,0,0
52de0ba0ce72c1f1809b7516d2987937955d7ecd,2011-02-14 06:13:20+00:00,1,1,1,10,0,0,0,0,0.0,0,0,0
d4db03da53fda82cd3ebc75cdb0c2ab89c39d7f6,2011-02-14 06:26:28+00:00,1,1,1,13,0,0,0,0,0.0,0,0,0
c9b0f8f19d3ddce13974d77dcd29147269ae4b15,2011-02-14 06:31:56+00:00,1,3,3,18,0,0,0,0,0.0,0,0,0
7b658388260a8ad24542795670e19c2cdd8767fc,2011-02-14 06:33:41+00:00,1,7,3,10,0,0,0,0,0.0,0,0,0
1b885614760d48c8417d275b5521849633773810,2011-02-14 06:45:07+00:00,1,11,1,13,0,0,0,0,0.0,0,0,0
a42c003cdc43e0ade4fe624db56f405761eb3afc,2011-02-14 06:45:52+00:00,1,2,3,14,0,0,0,0,0.0,0,0,0
7ed73b29a8e6705c0972b8b1d59bc98794d5209c,2011-02-14 06:47:10+00:00,1,1,0,23,0,0,0,0,0.0,0,0,0
d6e7e19100f9f2ccbb95cb98ec2c261a293802f2,2011-02-14 06:47:16+00:00,1,5,6,6,0,0,0,0,0.0,0,0,0
8fd480df3fc0665c90ed9e9c18d0ca4eeab349bd,2011-02-14 07:09:09+00:00,1,1,17,24,0,0,0,0,0.0,0,0,0
18db8b8445951c6b2d77fcb5d4934e8ca2dd1d6e,2011-02-14 07:13:32+00:00,1,1,1,15,0,0,0,1,0.0,0,0,0
bb4577802990599b68820c1b41e231918c50d97c,2011-02-14 07:13:40+00:00,1,13,0,21,0,49,49,184,0.9993441104888916,0,0,0
d2427ecae751a533ddd9026849dd19cfaa3394f4,2011-02-14 07:15:30+00:00,1,2,4,14,0,0,0,0,0.0,0,0,0
f66eafdffdc8fa9a33e97a7c8f0d927ef72a1fdb,2011-02-14 07:35:01+00:00,1,88,90,20,0,49,49,181,1.0000003576278687,0,0,0
d1dc6aa329ef2bc972f9e71a795a9d00c3c46ceb,2011-02-14 07:40:39+00:00,1,19,19,23,0,49,49,181,0.9999998807907104,0,0,0
800b03457b6a80c0310940c03bffe7e6dd5b3286,2011-02-14 07:42:46+00:00,1,1,0,10,0,49,49,181,0.0,0,0,0
19db3ead4cd9bd0d9ac5d4615871ad3dcfde8144,2011-02-14 07:45:09+00:00,1,1,0,26,0,0,0,0,0.0,0,0,0
06b49693834b3ae8b22245ac9d71f15bac3a580d,2011-02-14 07:49:18+00:00,1,1,1,11,0,0,0,0,0.0,0,0,0
9ad8589efd625fe125345a6e1508ee5be78fd547,2011-02-14 08:58:26+00:00,1,1,1,3,0,1,1,32,0.0,2,0,0
d961000b96d2f67de97ccee6d150c30353c9b3c4,2011-02-14 10:15:47+00:00,1,0,1,10,0,49,49,181,0.9998434782028198,0,0,0
8e8604d88bb6dc98a1fa5b0f040ba1a5b6dbc775,2011-02-14 13:55:24+00:00,1,12,0,37,0,0,0,0,0.0,0,0,0
df419fa6fa5db2c539145cc823c7106c00bb2b13,2011-02-14 13:55:55+00:00,4,643,0,17,0,101,66,326,1.0000001192092896,2,0,0
e6d5e5319ecba82021143624c1040d0ad01bce41,2011-02-14 14:01:09+00:00,1,4,2,27,0,49,49,181,0.9997841119766235,0,0,0
221bed27dda5e3c2c051de72b5553c73d6183985,2011-02-14 14:04:35+00:00,1,3,0,40,0,49,49,183,0.0,0,0,0
127bbbb18dccc0bb0522377c7b81b99b63b84a68,2011-02-14 14:04:41+00:00,1,1,0,12,0,0,0,1,0.0,0,0,0
7dd37d5ea91cd26c869a39b5a200136305c6f3bb,2011-02-14 14:27:47+00:00,2,3,2,21,0,0,0,5,0.0,0,0,0
f7abfa8a1426b018b99c9ac3237331b55bf7103c,2011-02-14 14:27:57+00:00,1,23,10,24,0,51,51,192,1.0000003576278687,0,0,0
a16278e85dc1dda84e55f2f63e4d56cb60329601,2011-02-14 14:30:37+00:00,1,4,11,42,0,49,49,184,0.9999998807907104,0,0,0
4c8b428bbd3800cafa0e3764512eb719f67315f0,2011-02-14 14:34:36+00:00,1,4,4,29,0,49,49,184,0.999995768070221,0,0,0
4c192ec5acd4417fe60b5a63ea3c6a5c034c1d45,2011-02-14 14:36:14+00:00,3,5,5,16,0,0,0,6,0.0,0,0,0
3216bda17432dcb0e7480ba0068b927f7ff746b5,2011-02-14 14:45:12+00:00,1,15,7,37,0,51,51,191,0.9998996257781982,0,0,0
ca51bdb16fb5ab43ffd0d5e7b612257d6b2f6371,2011-02-14 14:45:35+00:00,0,704,28,52,0,0,0,0,0.0,0,0,0
e89eba79dfb51e7d88de1fe85ba2b61ed92a8dac,2011-02-14 14:53:56+00:00,2,8,1,50,0,51,51,195,1.0000003576278687,0,0,0
324c572b6496f2f39cf0f266012df1f9f4930568,2011-02-14 14:59:42+00:00,1,12,12,32,0,51,51,196,1.0000003576278687,0,0,0
02834e353d7a9d9a6dff5a2c2ee5ba477f83d46c,2011-02-14 15:00:05+00:00,1,14,0,70,0,9,9,36,0.9966704845428467,0,8,0
9f9ebecec27108db292a31397e44d447f4ebfeb9,2011-02-14 15:35:15+00:00,3,12,3,6,0,52,51,230,0.0,2,0,0
e1659ed7afb674006f6ce07f9908a7bccb7a8474,2011-02-14 15:37:38+00:00,1,7,6,19,0,0,0,35,0.0,4,0,0
43790c4d3212afec36e6a5dc303546dc6705db7b,2011-02-14 15:43:54+00:00,1,5,2,38,0,0,0,0,0.0,0,0,0
e09efc490ef6dec36298af3fcc04eabb81cdec54,2011-02-14 15:46:40+00:00,0,752,43,28,0,0,0,0,0.0,0,0,0
44d402c1e61c6a3570fa75ebcb4c21de65ea7f5d,2011-02-14 15:50:18+00:00,1,1,0,21,0,0,0,0,0.0,0,0,0
a82f4de38ddd31fa8a5773e60fc2f4324ca79d45,2011-02-14 15:50:24+00:00,1,13,0,19,0,0,0,0,0.0,0,0,0
10280c697dcfd3d334f1c9c381a11c324bb550bc,2011-02-14 16:31:06+00:00,1,20,21,98,0,51,51,194,1.000000238418579,0,0,0
09740c35e1e148b41a7f1384a38e33011471d9dc,2011-02-14 16:31:44+00:00,1,1,1,4,0,51,51,194,1.000000238418579,0,0,0
f70e89a163208076f12577cd98ce09650b9d1241,2011-02-14 16:45:50+00:00,1,4,1,17,0,51,51,197,0.0,0,0,0
d87bcce6ad9d28bf6fe642543238af61d1ddf132,2011-02-14 16:46:04+00:00,1,6,0,25,0,0,0,0,0.0,0,0,0
bfe91296cbf990ce579639777412f5395e951247,2011-02-14 16:57:12+00:00,1,12,2,36,0,51,51,204,0.0,0,0,0
cde3b88f3e93a9503810acc0ded890025fcbc119,2011-02-14 17:07:34+00:00,1,7,6,27,0,51,51,205,0.0,0,0,0
2203c3bccd5e4888a16d73247d540fd6e359d29c,2011-02-14 17:23:55+00:00,1,19,6,15,0,52,52,209,1.0000003576278687,0,0,0
c9b8750597ded352b367e9d308387b007c92ea50,2011-02-14 17:24:03+00:00,1,3,1,14,0,0,0,0,0.0,0,0,0
4452934929b3addd7c8188d4ea8132b41157daef,2011-02-14 17:25:44+00:00,1,2,7,8,0,52,52,209,0.9974251389503479,0,0,0
b09218d5aceff0062e59bb2d93150e0b48b1dcc2,2011-02-14 17:33:12+00:00,1,14,14,9,0,52,52,198,0.0,0,0,0
16e5119b2ad8be05673b5f8762cd71edaa0cd882,2011-02-14 17:39:13+00:00,1,17,13,20,0,54,54,201,0.9974673390388489,0,0,0
5fe24abfb99fd9850352329de9c4c091a8a71a05,2011-02-14 17:40:41+00:00,1,15,14,26,0,54,54,212,0.0,0,0,0
f023c81dad05fd8c5e9c1979b26c3c9ecfc4cf3b,2011-02-14 17:43:13+00:00,1,10,5,24,0,54,54,217,0.9998080730438232,0,0,0
397bd4b67688fe8b35b5c17a6f1d6f43ab076c18,2011-02-14 17:45:03+00:00,1,2,1,14,0,54,54,217,0.9998812675476074,0,0,0
98c8a78c3e0f3827ef4ba304de9fa74666f0be0e,2011-02-14 17:52:15+00:00,2,14,8,28,0,54,54,217,0.9998349547386169,0,0,0
8ff8e02ace48c9cf10e2b6fa46177865eaee546d,2011-02-14 17:52:50+00:00,0,69,22,43,0,0,0,0,0.0,0,0,0
d511e6f148d03b5e52228b54064a24eb47c9e756,2011-02-14 17:58:20+00:00,4,6,5,19,0,54,54,252,0.0,4,0,0
ed909eaac7e7bc95ca2cf7dba22fe8c64ce627e7,2011-02-14 17:59:06+00:00,0,106,45,28,0,0,0,0,0.0,0,0,0
d6fa43fba746274aaf54fa908996116c13ba25d2,2011-02-14 17:59:22+00:00,0,6,5,41,0,0,0,0,0.0,0,0,0
c900b4379b9bda3fb8491fa3bd96fdfa2f163a3f,2011-02-15 14:18:43+00:00,1,19,11,39,0,56,56,224,1.0000001192092896,0,0,0
ce122cc811e937d72272c28231065363d351d3d1,2011-02-15 14:22:11+00:00,1,1,1,15,0,56,56,224,1.0000001192092896,0,0,0
748633d616db4e27bb00530d8db5afa660460a67,2011-02-15 14:26:07+00:00,1,1,1,26,0,56,56,224,0.9995846748352051,0,0,0
6d8a531e87efabdbfa734bd9f70e7220623c1cf7,2011-02-15 14:26:44+00:00,1,10,0,43,0,0,0,0,0.0,0,0,0
4f1301f6ad24505e67125ee3b316c8e4cdbdf409,2011-02-15 14:36:34+00:00,1,1,0,35,0,56,56,225,0.0,0,0,0
7ad08c5edaf68330cb9753634f4b80dfca00f686,2011-02-15 14:37:21+00:00,1,17,1,38,0,12,12,50,0.9987294673919678,0,13,0
4ad73c3655a2c0fd3862e7803d02f1ff4006e18b,2011-02-15 14:42:05+00:00,1,10,0,16,0,12,12,50,0.0,0,13,0
83a9bcf1a1ad4b5bf086c2ca332623ae65fc6f75,2011-02-15 14:44:52+00:00,1,2,1,16,0,0,0,0,0.0,0,0,0
933cf49daa524bb1ea89e82ecbcb5c57d8ae03e2,2011-02-15 14:45:54+00:00,1,2,2,6,0,56,56,225,0.0,0,0,0
d5256802d468e997f71ba2ff3069b327cf978a5e,2011-02-15 14:46:46+00:00,1,1,1,6,0,0,0,35,0.0,4,0,0
53e785f6561ea61e11338f62fc6815c292ae9780,2011-02-15 14:46:55+00:00,0,62,16,28,0,0,0,0,0.0,0,0,0
adb53c2b4fba5c86256a01549b7d92bc883050b0,2011-02-15 14:46:58+00:00,0,1,1,41,0,0,0,0,0.0,0,0,0
8ac29b40e91910660afaa5d90529a1c6861e5014,2011-02-15 14:51:46+00:00,1,9,0,37,0,0,0,0,0.0,0,0,0
fa42c12e5b3a9bad83594d9831ddb00be094e249,2011-02-15 14:58:02+00:00,1,8,8,15,0,0,0,0,0.0,0,0,0
a5517960ea63728d3d8cb5c761a13b749575b3c9,2011-02-15 15:02:39+00:00,1,4,4,32,0,0,0,0,0.0,0,0,0
34ca692c9cee4b9d146b8cd276d00ca4a7df8cb1,2011-02-16 17:47:58+00:00,3,6,1,39,0,56,56,232,0.0,0,0,0
f4e03a5d32366dc874a60eef64ea36502e3e23a9,2011-02-17 18:13:52+00:00,1,4,1,28,0,0,0,0,0.0,0,0,0
efedbd9775b5c086b57b32c62cf45dd952c8f5b6,2011-02-17 18:14:03+00:00,1,4,0,26,0,0,0,0,0.0,0,0,0
f4c4bf3d0b8d8a09ec645f4064522852d0c5f9ee,2011-02-17 21:17:46+00:00,1,17,64,44,0,55,55,194,1.0000001192092896,0,0,0
015d6b78d5035a6a19402b21cd963cd13ec82f83,2011-02-17 21:20:53+00:00,1,17,9,24,0,55,55,201,1.0000001192092896,0,0,0
7229dbe0331492b16ed57745b0b448e8f26160ca,2011-02-17 21:22:03+00:00,3,331,331,27,1,67,55,286,1.0000004768371582,4,13,0
7b6ed48a86bc8bb4619445b5da859b7d603cd558,2011-02-18 00:38:40+00:00,2,5,1,21,0,0,0,0,0.0,0,0,0
d3911da65316730a3b0ebfeb3f21ceb3be3461ef,2011-02-18 08:32:10+00:00,1,4,1,24,0,0,0,0,0.0,0,0,0
952970f40351589cbf316491dbda9448efd3f606,2011-02-18 08:35:18+00:00,0,372,383,28,0,0,0,0,0.0,0,0,0
6bde9551709444a9b3859ae33b6174edcc99b03e,2011-02-18 09:39:53+00:00,2,8,5,17,0,55,55,203,1.0000001192092896,0,0,0
4419e7183f07cd5a5123b6e193e841f9a2ab3907,2011-02-18 09:41:34+00:00,1,0,4,18,0,0,0,0,0.0,0,0,0
7e20f32b02f3ee50408118bef3ea269e7769be80,2011-02-18 09:41:42+00:00,1,6,2,18,0,0,0,0,0.0,0,0,0
a7c87edebe395416571ad9cac7a37e2a8122b31d,2011-02-18 20:57:50+00:00,1,1,1,9,0,0,0,0,0.0,0,0,0
b82e72eb04156f269aa393b1805e7d9de48f6b62,2011-02-18 21:00:34+00:00,1,5,1,14,0,12,12,53,0.0,0,13,0
fbe0393eb34e975022cd3bf884dc94a6f5aa886d,2011-02-18 21:08:26+00:00,1,8,4,22,0,12,12,57,0.0,0,13,0
e8234a013752ee8bae05c142d1950023c4a9fa8b,2011-02-18 21:13:49+00:00,1,4,2,10,0,0,0,3,0.0,0,0,0
8eafb8d3dfd9ead6e9f02f9854ef46720d712cb0,2011-02-19 05:37:33+00:00,1,11,10,20,0,12,12,53,0.9998770356178284,0,14,0
736cb70e9a656a9351563bd5d3debceb50c267e3,2011-02-19 05:38:09+00:00,0,4,2,71,0,0,0,0,0.0,0,0,0
5072399f7af38ab14d638838a5e45818ca9ede41,2011-02-19 05:41:28+00:00,1,2,4,24,0,0,0,2,0.0,0,0,0
b5c2806e8c656332ad3664f14a3364d192214d81,2011-02-19 05:43:27+00:00,1,4,2,14,0,0,0,0,0.0,0,0,0
f66b35454ff156534675fa6c51d93d3046217496,2011-02-19 05:59:56+00:00,1,8,0,26,0,0,0,0,0.0,0,0,0
a34e0bea8beb9f19706d751adbaa4f1c9234b37f,2011-02-19 06:00:03+00:00,1,2,2,21,0,55,55,201,0.0,0,0,0
433452f9f147ce14dae0389c46a2f35ea4be9e30,2011-02-19 06:01:51+00:00,1,2,1,28,1,0,0,36,0.0,4,0,0
d2584ff853c2cc319daa5ad5e93486f96c595d0e,2011-02-19 06:02:01+00:00,1,2,2,51,0,0,0,38,0.0,4,0,0
720d0b2c38bd5c8dcc03a1a1de23a976c76f5f87,2011-02-19 06:02:13+00:00,1,1,2,41,0,0,0,3,0.0,0,0,0
d2cdefa7df40e8b9cb98e831dc70bcefa71467c5,2011-02-19 06:03:39+00:00,0,42,20,28,0,0,0,0,0.0,0,0,0
5c4aa1f4b7ef64845b523494dbf652e6c24c10ee,2011-02-19 06:30:03+00:00,1,1,1,16,0,0,0,0,0.0,0,0,0
8b3c4da2c7003a8d60e64ec4275cffe229621cad,2011-02-19 06:30:10+00:00,0,1,1,26,0,0,0,0,0.0,0,0,0
e26570d0d87d9af37bfe356228a0e08ea04a07eb,2011-02-19 06:30:22+00:00,0,1,1,39,0,0,0,0,0.0,0,0,0
d1c89333d05fbfefd2fa71e835164b59f40bc1e2,2011-02-19 15:51:54+00:00,2,103,203,275,1,55,43,206,1.0000003576278687,0,14,0
3b82b06adcb77c4a62ffd3ef7526d9f4385dfb00,2011-02-19 16:13:10+00:00,2,45,2,86,0,43,43,179,0.0,0,0,0
a9e18e9106fc78ca8ab668ab1d164c27309f1466,2011-02-19 16:18:29+00:00,1,52,25,17,0,0,0,0,0.0,0,0,0
edfdef23963ab1c5a0424f16f97cdc39dccae34a,2011-02-19 20:04:56+00:00,4,158,102,130,1,84,72,305,1.0000003576278687,0,14,0
15761fc1267f11d5ec348125c4c7b3ac58926b8e,2011-02-19 20:07:58+00:00,1,4,1,87,0,73,73,230,1.0000004768371582,0,0,0
718f45698de90994effa734ac6d608e92008c177,2011-02-19 20:21:47+00:00,1,1,1,35,0,0,0,26,0.0,0,0,0
f96157d259e43d9dfa9adeae54a9779004d35cf6,2011-02-19 20:33:24+00:00,1,1,1,36,0,73,73,230,0.9999814033508301,0,0,0
68dea921e7482c8ee235b571e8dd5f5bb7a07650,2011-02-21 07:25:01+00:00,1,14,0,19,0,0,0,0,0.0,0,0,0
e788ca7ee629f7ed8700d31bbdf7a2930c1a7398,2011-02-21 19:36:41+00:00,1,3,3,30,1,55,55,201,0.9996206164360046,0,0,0
6f5b64bca68489c31c7f5a62a31024bf0ddd8aa9,2011-02-23 07:49:08+00:00,2,9,6,29,0,91,55,295,0.9999266266822815,0,0,0
7369e47f1847b5942c4c6d21a19cf35a06d3030e,2011-02-24 06:29:51+00:00,1,1,0,23,0,0,0,0,0.0,0,0,0
47ecb3662d69e57a031b504d361e277f64109a30,2011-02-24 06:30:00+00:00,1,1,1,3,0,55,55,202,0.9999266266822815,0,0,0
9e45d201f329e9c37972af41268f1ee3365d846c,2011-02-24 06:38:58+00:00,1,1,0,30,0,0,0,0,0.0,0,0,0
1f60e1004c4a6866089843b88612cf60b16c2281,2011-02-24 06:45:44+00:00,0,301,272,61,0,0,0,0,0.0,0,0,0
e7b8e9371a0ee9bb9bb8e2269474ca67088cdc86,2011-02-24 06:50:38+00:00,2,24,11,13,0,73,73,256,0.0,0,0,0
d91157c56773c507f86ac46f4c7d752be1c943f1,2011-02-24 06:53:55+00:00,0,29,14,38,0,0,0,0,0.0,0,0,0
3fe4753d5d3afd9f02f80675f4ff60259ab4e450,2011-02-24 07:06:48+00:00,1,11,0,8,0,71,71,232,1.0000001192092896,0,0,0
22798ca32babce0cefe6b11d9421216f2f8ffa85,2011-02-25 09:40:33+00:00,1,10,0,28,0,0,0,0,0.0,0,0,0
9a1d90d184d5830f4bc31b1c328e0c4ed066f2d0,2011-02-25 09:43:18+00:00,1,4,3,24,0,0,0,23,0.0,0,0,0
ccb7fdd8c23e9d1181b455be1e21c82623fd78d4,2011-02-25 09:48:10+00:00,1,2,2,12,0,71,71,232,0.0,0,0,0
14ba99f97503baeb341075312a5e173091f43329,2011-02-25 10:03:12+00:00,2,27,1,16,0,71,71,255,0.0,0,0,0
9a8b25d5fafe3cb1b74c636000bf5b0d06d75816,2011-02-25 12:20:37+00:00,1,1,0,14,0,0,0,0,0.0,0,0,0
32f75585adf97ec4bb9c3b39de409deb5c2795e3,2011-02-25 12:20:59+00:00,1,23,9,21,1,74,74,241,1.0000004768371582,0,0,0
a74e95478822e59c2ae659c6af77148530d36ff9,2011-02-25 12:21:11+00:00,1,33,6,17,0,15,15,65,0.9999998807907104,0,18,0
b3b2b192127b02984e201176a3eda040d480ee8f,2011-02-25 12:39:19+00:00,2,20,13,4,0,89,74,305,1.000000238418579,0,0,0
b252cd84037053bd7675d1ff41c102ce237cd0ae,2011-02-25 13:00:11+00:00,1,11,8,45,1,74,74,242,1.000000238418579,0,0,0
839c8cf150be3ebe80cbcb6e67f955405665c9e2,2011-02-25 13:00:23+00:00,1,13,19,25,0,15,15,67,0.9999328851699829,0,0,0
99c3970fd39b676bda45a5ce082559b910cc0212,2011-02-25 13:02:53+00:00,1,7,5,7,0,0,0,0,0.0,0,0,0
dd01f8661ebaa4840598e04ba909b6a5663b6e64,2011-02-25 13:11:10+00:00,1,8,7,24,0,0,0,0,0.0,0,0,0
897dd3aaa8f8d3856cf7351025192c5bb20aafba,2011-02-25 13:11:17+00:00,1,0,1,10,0,0,0,0,0.0,0,0,0
270898e5215f121cbeecedae0bd6c07537692fef,2011-02-25 13:48:09+00:00,1,5,2,14,0,0,0,0,0.0,0,0,0
f0d2ac3dd5d3a2838cf2e55519feaa1e1b5023d2,2011-02-25 13:58:17+00:00,1,4,4,13,0,0,0,0,0.0,0,0,0
f8032e08aeeff297ce72d8539be57207b97cf0f7,2011-02-25 13:58:24+00:00,1,3,2,14,0,15,15,66,0.9998855590820312,0,0,0
044252ea7b6518137c134412dd6192020b069f82,2011-02-25 14:00:23+00:00,0,429,272,28,0,0,0,0,0.0,0,0,0
ee43ad249798c3d88db809ca68d356a4a06ce5c6,2011-03-01 15:15:14+00:00,1,2,1,27,0,0,0,0,0.0,0,0,0
e4c690e7bcf90c78bc052b52b284c1fa599b1f8f,2011-03-01 15:21:00+00:00,2,19,3,27,0,93,77,319,1.000000238418579,0,0,0
c6acfef3d08c80d36ba33d60c3925265ca53ea35,2011-03-06 23:48:14+00:00,1,2,1,30,0,0,0,0,0.0,0,0,0
9fdee250de7e1aa0c92db5fb435cf1f2f8efe7e7,2011-03-06 23:48:44+00:00,1,1,1,46,0,74,74,242,1.000000238418579,0,0,0
e17111a5dd3049a614cbb2ad2db2bf1c4f72edfd,2011-03-06 23:50:28+00:00,1,11,0,47,0,16,16,72,0.9998860955238342,0,0,0
1d021c5cc1fe3d8757834d09d265fe76a01fd911,2011-03-07 00:07:29+00:00,1,2,1,27,0,0,0,0,0.0,0,0,0
fa2f1c5f60a5e6d5b9c35e076cc18785d5d1bd88,2011-03-07 00:08:32+00:00,0,21,4,76,0,0,0,0,0.0,0,0,0
a67cc5c5a98e79545caa89f665bf1528c0c832f4,2011-03-07 00:19:22+00:00,1,9,8,28,0,77,77,247,1.000000238418579,0,0,0
89192c64f04e9fa49adfc6cf35e10bd98bd64a8e,2011-03-09 11:31:13+00:00,1,2,2,111,0,77,77,247,1.000000238418579,0,0,0
48ffb627fed0d76806f25fa934a8142be2cf8a87,2011-03-09 18:22:47+00:00,1,2,1,28,0,0,0,0,0.0,0,0,0
be228043a1eede54c0913166f36ac5b1d99f16be,2011-03-22 00:45:37+00:00,1,1,1,14,0,0,0,0,0.0,0,0,0
2401f149750337970300383634f3942e9da3c68f,2011-03-30 05:07:24+00:00,2,22,11,61,0,99,81,335,1.0,0,0,0
e350bea167b0bbbd6bc5da6d42036bc560ccde15,2011-03-31 08:46:19+00:00,1,2,1,18,0,82,82,254,0.9999996423721313,0,0,0
f2b04f94ca689bb4cc1d9f3c4a85476b17dc5c5d,2011-03-31 08:47:02+00:00,1,3,1,34,0,83,83,256,0.9999996423721313,0,0,0
267a852ba61041f96ac719a4914337f0b49c2f16,2011-04-01 18:52:33+00:00,1,8,0,14,0,0,0,0,0.0,0,0,0
ed8ff63048a5ccaf304e2a59bfed58c9206cfd69,2011-04-01 18:53:53+00:00,1,2,2,21,0,83,83,256,0.0,0,0,0
cc16073c3671de468c2df1f8690c3bae41abf2c6,2011-04-01 18:55:24+00:00,0,76,22,22,0,0,0,0,0.0,0,0,0
23d5761bd4676c6bcbe99d4da27b190837330bb7,2011-04-02 22:22:05+00:00,1,17,17,33,0,83,83,256,0.9999999403953552,0,0,0
7a62b10ff2fb5091d77aaf63d1ab091713ead332,2011-04-14 23:44:29+00:00,1,8,1,76,0,85,85,262,0.9992325901985168,0,0,0
1359094cc8a46732c146486b3feb0d6fa09ca7f0,2011-04-14 23:46:35+00:00,1,13,10,24,0,19,19,86,1.0,0,0,0
2814664e91d9a7516f0f5f156fb482b9109a8b5b,2011-04-15 21:18:58+00:00,1,17,2,10,0,91,91,272,1.0000004768371582,0,0,0
f494cd9c7283f9f920d04a59ed47efd5ae0c284a,2011-04-15 21:24:03+00:00,1,8,1,34,0,20,20,90,0.999882698059082,0,24,0
6e14d4704d87f572ab3257956bf7f32b0e6dab79,2011-04-15 21:26:51+00:00,2,4,4,12,0,91,91,299,0.0,0,0,0
b8b87d416e5e76b5aab322bd38f0b1cfb9218d01,2011-04-15 21:27:02+00:00,1,4,3,34,0,0,0,40,0.0,4,0,0
642c667566f3c0eca98b947f2b2aa45a74e3ed06,2011-04-15 21:27:17+00:00,0,71,38,28,0,0,0,0,0.0,0,0,0
fec0d1a9a09e60bd4da70765095a42f56d337f28,2011-04-15 21:29:26+00:00,1,8,1,15,0,0,0,0,0.0,0,0,0
ea86602765ccb6a8677065d6364ac49cece81364,2011-04-15 21:29:38+00:00,0,8,7,41,0,0,0,0,0.0,0,0,0
d3a46c822f635f2278536a8960af029e77f21e4b,2011-04-15 22:00:10+00:00,1,360,0,22,0,57,57,126,1.0000003576278687,0,0,0
576cba81d991c943c0748fd6b863ac1b6edf8a17,2011-04-15 22:00:37+00:00,0,368,1,34,0,0,0,0,0.0,0,0,0
4687951a04f7bd85db55a1f9a9dcf742ce7c5194,2011-04-21 12:01:43+00:00,1,5,5,80,0,0,0,0,0.0,0,0,0
f31dc8a9efc1fdd53c43ad514d9762a2f63fa287,2011-04-21 12:17:02+00:00,1,5,5,35,0,0,0,0,0.0,0,0,0
d93731213afad71d8125551ebcbdda0a66691622,2011-04-21 12:52:58+00:00,1,16,12,48,1,91,91,275,1.0000004768371582,0,0,0
39e9424f012dcae29d9b64d97582f7a80206c5d0,2011-04-21 12:55:01+00:00,1,1,0,14,0,0,0,0,0.0,0,0,0
f6f636f74cdb0e94574539428787babfbcdd3b77,2011-04-21 14:16:54+00:00,0,10,10,103,0,0,0,0,0.0,0,0,0
83494152fe6db7e22dbeeff47bc28c253073d00a,2011-04-21 14:28:26+00:00,0,17,12,74,0,0,0,0,0.0,0,0,0
122c4f05146836969b1c248bc3b03849caee1b58,2011-04-21 14:37:22+00:00,1,6,0,33,0,0,0,0,0.0,0,0,0
77f4b8a75e804b83cca7c917a16bec93fdd6b302,2011-04-21 15:56:25+00:00,2,44,14,34,0,95,91,292,1.0000003576278687,0,0,0
45ca6d8a7869468a1ccd934b077573a1843c7f43,2011-04-21 21:24:43+00:00,0,44,14,606,0,0,0,0,0.0,0,0,0
64d6c3074f2e1bd5ae5f5d786f83d592a5a56ead,2011-05-12 04:29:31+00:00,1,1,1,20,0,0,0,27,0.0,0,0,0
8a4a05aac071095ff26d5cf3b4949cbcd01b3cef,2011-05-12 07:12:30+00:00,1,6,0,27,0,21,21,94,0.9990392923355103,0,27,0
b6f6048cff7189afee6a4fb89f9f0cdca0095b66,2011-05-12 07:14:09+00:00,1,16,4,33,0,91,91,277,1.0000004768371582,0,0,0
59dd3ed4596809a56d5103b45a20f61c18d72e77,2011-05-12 07:20:27+00:00,1,1,0,12,0,0,0,0,0.0,0,0,0
a046a04aa26c82fd5c692783cd670c0ac4f8d24c,2011-05-12 07:56:13+00:00,0,44,14,43,0,0,0,0,0.0,0,0,0
d28804cc48bbb6d5b6f961c540af491433f9959f,2011-05-12 07:57:17+00:00,1,1,0,14,0,0,0,0,0.0,0,0,0
01b22a7e127d1b9c90d02a7101267b12ef1ed2ec,2011-05-12 08:02:06+00:00,3,5,5,12,0,91,91,305,1.000000238418579,0,0,0
7215452da57775982b1d50db868b857c530839c2,2011-05-12 08:02:16+00:00,0,452,31,28,0,0,0,0,0.0,0,0,0
9e0dcae0aa1377b59ef7b4c33bb44b2d6c5e3103,2011-05-12 08:02:18+00:00,0,5,5,41,0,0,0,0,0.0,0,0,0
23ee58d6ec47a06358008cb7a4ab4f9556edc285,2011-05-12 08:16:21+00:00,2,9,4,185,0,112,91,376,0.9998883605003357,0,29,0
86fb0cb23586b3bb326f5ba62abc4bf54447918f,2011-05-12 14:09:00+00:00,0,9,4,54,0,0,0,0,0.0,0,0,0
912f48eececb6355b3511416d4d5361aedbd5d08,2011-05-12 14:12:04+00:00,1,3,3,15,0,91,91,281,0.0,0,0,0
1971bdbe6726af224d92723b3f5f12f26aa4277f,2011-05-12 16:50:09+00:00,2,9,7,26,0,112,91,379,0.9995365738868713,0,30,0
9b0bb871d21aaf20c8e5717bdd19c3e3379a3285,2011-05-12 17:36:45+00:00,0,9,7,211,0,0,0,0,0.0,0,0,0
b1e28c7fd8a9fe15d16a9636950559869b46ea96,2011-05-14 17:04:49+00:00,2,9,6,32,0,91,91,282,0.9999998807907104,0,0,0
62931b60f8c6da1a1f1a3bd472c8d6ce0570c27c,2011-05-14 17:11:08+00:00,1,6,0,18,0,0,0,0,0.0,0,0,0
1421ffa32ab4709c9a7634493803bd55a3c6615f,2011-05-14 18:02:36+00:00,2,39,3,31,0,119,97,402,1.0000004768371582,0,0,0
14ef4622634ae8746bce600523cbed15a119d15a,2011-05-14 18:21:42+00:00,6,649,576,16,1,125,83,420,1.0000004768371582,0,31,0
8ba12ff4f3fb17ad5b9f21076474cbd7558ca881,2011-05-14 18:24:06+00:00,2,7,11,19,1,96,83,289,0.0,0,0,0
d77c0ec138c47bc554d627761042c995fa6803b1,2011-05-14 18:29:41+00:00,1,3,0,14,0,0,0,0,0.0,0,0,0
fa1db9581477b8748b76344623e9b3eb8f77f4f9,2011-05-14 18:30:36+00:00,1,2,2,20,0,0,0,8,0.0,0,0,0
0c00a17372891f6cfee91d1b5ab5cb632a3b52ef,2011-05-14 18:31:24+00:00,0,668,544,28,0,0,0,0,0.0,0,0,0
dfe7d877eb094070be5efd35b415aa70ce16adad,2011-05-14 18:46:47+00:00,1,2,2,22,0,0,0,0,0.0,0,0,0
5172d24e66d748459963bc6a344a68023e44e183,2011-05-15 01:50:25+00:00,1,36,332,23,1,13,13,29,0.9998657703399658,0,0,0
e8ff405fce85bce50d41f57a894aa14331a1b564,2011-05-15 01:50:41+00:00,1,0,7,20,0,0,0,18,0.0,0,0,0
29aa7736ca24bb714996b8fe6c701ded7bae52e9,2011-05-15 01:52:33+00:00,1,2,5,24,0,13,13,27,0.9996191263198853,0,0,0
85b8b2bd446ecfc7cee8b6e2f781f5f6f6e510a3,2011-05-15 02:02:07+00:00,1,5,8,31,1,82,82,249,1.0000004768371582,0,0,0
35beda21b8187f7a5e99d76084c7ddbd05f4b738,2011-05-15 02:02:14+00:00,1,2,2,25,0,13,13,27,0.997734785079956,0,0,0
cd8ce63a3b6850afb5ba3c3677f5715907468f7e,2011-05-15 03:00:40+00:00,2,69,17,55,1,101,87,314,1.0000004768371582,0,0,0
c40deefb8a192c83ceab0cfe745ed2bdf378130c,2011-05-15 03:03:31+00:00,1,0,3,12,0,14,14,44,0.9982169270515442,0,0,0
5708fe95657f2e00050acce95963b5cf72e8827c,2011-05-15 03:21:58+00:00,1,3,2,14,0,0,0,8,0.0,0,0,0
3cec61481cd8b9dd8d208437d52fb6d5014f7c1d,2011-05-15 03:22:26+00:00,1,2,1,36,0,88,88,271,0.9999998807907104,0,0,0
155863bf719aa8020a02557b14cd73385f3a4199,2011-05-15 03:54:43+00:00,1,5,4,13,0,0,0,0,0.0,0,0,0
af0febe8ad9a48c491aec1df1dc08a95ffb0baed,2011-05-15 03:57:19+00:00,1,8,0,14,0,0,0,0,0.0,0,0,0
51360e1ede1fd48ff46117ff36737cf4bca411a5,2011-05-15 03:57:53+00:00,1,2,2,12,0,0,0,8,0.0,0,0,0
aa3319460630c6280ceae427a57656936880acb5,2011-05-15 03:58:00+00:00,0,124,373,28,0,0,0,0,0.0,0,0,0
0f520a8c6983d5c37b7b55adafefb0dd752112cd,2011-05-15 03:58:07+00:00,0,2,2,41,0,0,0,0,0.0,0,0,0
0ee249247a18c7c76e7c5269e87f55a0fb9ebfc0,2011-05-15 04:00:44+00:00,1,5,2,26,0,0,0,0,0.0,0,0,0
3e45e4ba51addaa8c65b34864d272e9b8bad014b,2011-05-15 04:38:59+00:00,12,1035,0,14,0,0,0,68,0.0,0,0,0
27dd96cf3db0feb03afa325724d9c3aeb9d995ef,2011-05-15 04:41:00+00:00,1,9,3,13,0,0,0,33,0.0,0,0,0
d27e4bff1ebf0caef629f4a05ca42a7038f72caf,2011-05-15 04:41:26+00:00,1,1,0,13,0,0,0,0,0.0,0,0,0
2546bafdde7ba1900e5a905acb21e7eb3de0d723,2011-05-15 15:35:06+00:00,1,1,1,8,0,0,0,0,0.0,0,0,0
80b71a03ce861f981d40c58806168411eb043d07,2011-05-15 16:43:34+00:00,1,39,2,17,0,0,0,0,0.0,0,0,0
79b43b2b6e076d10831176317557fdd565695559,2011-05-15 16:49:19+00:00,1,6,4,6,0,0,0,0,0.0,0,0,0
9b165629f94b5160265fba9cfa0188d0b32facb2,2011-05-15 17:01:58+00:00,1,9,7,12,0,0,0,0,0.0,0,0,0
f7481adf45608d27853292ea733b9bee801dc13d,2011-05-15 17:05:22+00:00,1,2,2,14,0,0,0,0,0.0,0,0,0
319b570f8212c5681326782764e4a0e361e95ea5,2011-05-15 17:13:41+00:00,1,43,12,17,0,0,0,0,0.0,0,0,0
84544b1d017c18044d111eb3118e9223b3adaf97,2011-05-15 17:14:22+00:00,1,1,1,8,0,0,0,0,0.0,0,0,0
1ebf3afb24e21cced0fab67e55294ed397d714c0,2011-05-15 17:23:05+00:00,1,4,2,4,0,0,0,0,0.0,0,0,0
6b36911260b48b512b82bd4527e670de070acdb5,2011-05-15 21:28:16+00:00,1,7,1,12,0,0,0,0,0.0,0,0,0
0f76e17258d63d4d423b105da8c8810dbd8572a6,2011-05-15 21:49:59+00:00,1,5,14,13,0,0,0,0,0.0,0,0,0
874a874ea6e80d50ebd057e112a679f02074026c,2011-05-15 21:52:09+00:00,1,8,11,12,0,0,0,0,0.0,0,0,0
da726fc030f6098cfb377b21c76d31d9088799e6,2011-05-16 00:24:55+00:00,1,61,28,17,0,0,0,0,0.0,0,0,0
70857f30971590208f42ecf4d80ce80389b0a66b,2011-05-16 00:25:01+00:00,1,6,8,14,0,0,0,0,0.0,0,0,0
928facfcd98503006777dc29a74c14c1c61b2839,2011-05-16 00:34:40+00:00,1,2,2,12,0,0,0,0,0.0,0,0,0
f1f578806657a6b123cc159129906199cfd04a57,2011-05-16 00:46:28+00:00,6,20,2,13,0,0,0,0,0.0,0,0,0
3e23e48239d74755b782f4beee012582fc0b7583,2011-05-16 00:46:36+00:00,1,55,0,10,0,0,0,0,0.0,0,0,0
58d5e0318e688f08373496dc3fee1d4977902958,2011-05-16 01:01:44+00:00,2,14,0,17,0,0,0,0,0.0,0,0,0
d39cde206b8cffc7acd9bfdc1441902790573822,2011-05-16 01:01:48+00:00,1,38,2,12,0,0,0,0,0.0,0,0,0
d18ea48b956df50fbd69cea6526f16fb9cb856c0,2011-05-16 01:14:51+00:00,4,58,2,11,0,0,0,0,0.0,0,0,0
054891ab5eab54256cce05edbaf86a11807a5ba8,2011-05-16 01:22:40+00:00,2,26,1,8,0,0,0,0,0.0,0,0,0
a7d072a7c01bef07e487311072732d57feb49755,2011-05-16 01:29:49+00:00,1,8,3,19,0,0,0,0,0.0,0,0,0
b7970c2a463041d3dd7efa2d205f3bd08cb7aba7,2011-05-16 02:58:17+00:00,2,4,4,13,0,0,0,35,0.0,0,0,0
9fd70c209b0e295840bc9399f5343703c528f189,2011-05-16 03:00:15+00:00,1,1,2,9,0,0,0,0,0.0,0,0,0
ba45b9d8904c3982ebe1a0bc0290b36f859f23c2,2011-05-16 03:19:19+00:00,3,36,2,18,0,0,0,40,0.0,0,0,0
cc851818c2a052131e78ba432adf73eaef0865cd,2011-05-16 03:24:25+00:00,2,4,1,18,0,0,0,0,0.0,0,0,0
f9f3b46ef6f5266099e351243f4068c100274d0b,2011-05-16 04:10:30+00:00,1,1,1,10,0,0,0,0,0.0,0,0,0
6e13e7343d2d1a37fe61365c7658984bcf4d9194,2011-05-16 05:13:05+00:00,5,96,16,14,1,108,88,319,1.0000004768371582,0,0,0
7929bb91be414a798cf6fa386adc7639976c26fd,2011-05-16 05:18:09+00:00,1,6,0,10,0,0,0,0,0.0,0,0,0
461497f5be722fa010a691bb6951d13d8df63688,2011-05-16 05:31:54+00:00,1,1,1,24,0,0,0,40,0.0,0,0,0
d7f49f3aa51a14f317cb4282c1f26642dad735b9,2011-05-16 05:33:33+00:00,1,1,1,23,0,0,0,0,0.0,0,0,0
12187155b4e4939165a2dcda9f6c35b5a8f71046,2011-05-16 05:38:48+00:00,1,1,1,7,0,0,0,0,0.0,0,0,0
8ffb2462f99a51dd5d2d5c4054da9e986e669899,2011-05-18 14:11:07+00:00,1,1,1,20,0,0,0,40,0.0,4,0,0
ec5f227381ae3911e0cd979b24564064c5a11efd,2011-05-19 08:13:37+00:00,1,17,13,17,0,9,9,23,1.0,0,0,0
21e2d0c34a7f3e7b661ca93cb6afd3c0fcffa3c9,2011-05-19 08:13:42+00:00,1,10,0,22,0,23,23,108,0.9991064071655273,0,32,0
637d0330c2e0ed96da4d2458847a3fc811aa4006,2011-05-19 08:14:15+00:00,1,3,0,37,0,24,24,110,0.9991416931152344,0,33,0
baddc5b6adc72ad1cd1f0500344569ffef04cdf7,2011-05-19 08:16:54+00:00,1,2,6,25,0,88,88,270,0.0,0,0,0
59c747b793cd84589edece4e905fd175af16686a,2011-05-19 21:32:27+00:00,2,2,2,9,0,95,88,291,0.9999357461929321,0,0,0
a00dc1abf37a0348e963d4e061c3f820bddca09d,2011-05-20 16:17:46+00:00,1,5,0,33,0,90,90,273,0.9999998807907104,0,0,0
c8cc2d0421a35e8001b8ddd584777dc0d1b30963,2011-05-20 16:20:17+00:00,3,25,22,19,0,90,90,283,0.0,0,0,0
da26f1f37729b614db68cef4c968e99009210a51,2011-05-20 16:31:23+00:00,1,2,4,12,0,24,24,109,0.999411404132843,0,33,0
ef81c166114c3e11502b96ce344bfdaa7292d9ff,2011-05-20 16:34:43+00:00,1,1,1,9,0,0,0,5,0.0,0,0,0
ba79a2eb97f87e883af6871c2b59b7b00501d0a5,2011-05-20 16:53:20+00:00,2,40,1,19,0,9,9,30,1.0,0,0,0
21e51b504e6d53c6a1aafabffdb328536cbf18de,2011-05-20 16:55:36+00:00,1,1,0,7,0,0,0,0,0.0,0,0,0
bbd58b922bb1e5268206aa266cddfb1293c6f959,2011-05-20 18:32:39+00:00,3,4,30,30,0,7,7,35,0.9999357461929321,0,0,0
2f60748c7340c0f1b034998677115d465d470f0d,2011-05-20 18:45:51+00:00,1,0,2,22,0,0,0,3,0.0,0,0,0
7d0374df2f478b0a93af2d8ca317f38b556ba486,2011-05-20 20:50:50+00:00,2,4,5,15,0,9,9,29,0.0,0,0,0
e153b94190359f9d7dbdd0753d182bf672baab9d,2011-05-21 16:44:58+00:00,3,41,18,41,0,125,94,415,1.0000004768371582,0,33,0
06e662be86d0cd383373e9714c2eb8f1fb96a461,2011-05-21 16:47:29+00:00,1,2,0,14,0,24,24,113,0.0,0,33,0
0b29964bf8fd51cc0287a58fff4ce548da393682,2011-05-21 17:00:21+00:00,1,8,0,15,0,0,0,0,0.0,0,0,0
8d9bcefa9de15ed62e58ff332dc8c403d5a264ff,2011-05-21 17:04:32+00:00,0,7,37,423,0,0,0,0,0.0,0,0,0
398f5b501f7d67c52a27b8a6e00b883866d11e48,2011-05-21 20:24:28+00:00,1,1,1,12,0,0,0,0,0.0,0,0,0
8aa6fabd4d57ca0f9a5efc4a7d70fec338c94e2a,2011-05-22 09:39:49+00:00,1,6,0,37,1,95,95,283,1.000000238418579,0,0,0
ddc54529782562e221fd76b9b5c5c7f49b513d3e,2011-05-22 15:25:31+00:00,0,6,0,88,0,0,0,0,0.0,0,0,0
3cdb777c234a1511c959083ff25847166158cdd3,2011-05-22 15:35:01+00:00,1,7,4,31,0,7,7,25,0.9999731183052063,0,0,0
8a4d5c4683304bc6f6bd9fcd09a1852957dafb64,2011-05-22 16:10:56+00:00,1,12,2,9,0,24,24,121,0.9997134208679199,0,34,0
074144879852b1f7fdd600e0c4fcb343e9c87f3e,2011-05-22 16:14:50+00:00,1,2,2,17,0,0,0,0,0.0,0,0,0
49f1ec1efbd2ac934754b8fa974a2d9a0a083cbd,2011-05-22 17:27:17+00:00,2,52,38,52,0,7,7,24,1.0,0,0,0
d64bf501d023c3f13999dddecc7e77ecf29f47e5,2011-05-22 17:30:22+00:00,1,0,2,18,0,0,0,2,0.0,0,0,0
982fd9d8032385b1ee4ed97737d100077ab799c8,2011-05-22 17:30:55+00:00,1,2,2,17,0,7,7,25,0.9999731183052063,0,0,0
f887906ec3def9d96b622f2da737f7b1cb13b3ea,2011-05-22 17:31:09+00:00,1,23,20,18,0,7,7,24,1.000000238418579,0,0,0
c0faa9e79c24a9d37ff6a061780a0821b29eded7,2011-05-22 17:31:17+00:00,1,1,1,21,0,0,0,10,0.0,0,0,0
bc290f62d7f17392ac30e57cc213c5034c48b9da,2011-05-22 17:55:13+00:00,2,8,6,8,0,14,7,51,0.9999538660049438,0,0,0
0b36d925f653b10e62c8653f3918ffffb3d1a954,2011-05-22 17:56:57+00:00,1,0,1,18,0,7,7,25,1.000000238418579,0,0,0
215d3984cc72fe617a9d52e9420050fb93a3ccda,2011-05-22 17:58:37+00:00,1,0,0,13,0,0,0,0,0.0,0,0,0
670c4aecdde6232f2f487564a4ccac70f9cc7002,2011-05-22 18:13:49+00:00,2,4,4,21,0,0,0,10,0.0,0,0,0
add6feab02d21967ca35f1572e6202b1dd11b788,2011-05-22 18:16:48+00:00,0,1674,102,28,0,0,0,0,0.0,0,0,0
82f1320ed54abd2676a2c09abb6d4c6e7723794d,2011-05-22 21:43:00+00:00,1,16,12,20,0,10,10,31,0.9993624687194824,0,0,0
b51e042e735a18b1301aad637c0aecd089d52dee,2011-05-22 21:54:10+00:00,0,16,12,361,0,0,0,0,0.0,0,0,0
3189d8690e5b6a90d1921e9697e9231269f806e4,2011-05-22 22:01:21+00:00,1,2,2,10,0,11,11,31,0.9998086094856262,0,0,0
5593f12347419c33063b19a3d9c33fee54348d1b,2011-05-23 15:39:15+00:00,1,1,1,27,0,0,0,0,0.0,0,0,0
04c169ecfeb8a00aafe851392ca6eb01812ee396,2011-05-23 15:42:52+00:00,0,1,1,71,0,0,0,0,0.0,0,0,0
ef02d02b1f4db1053c6e124ed740ff061d248fc4,2011-05-24 21:18:19+00:00,1,1,1,19,0,0,0,0,0.0,0,0,0
f990a7b4538a34f8bb19d5c89266d65c7bc56a65,2011-05-24 21:18:28+00:00,0,1,1,71,0,0,0,0,0.0,0,0,0
7e3d265b0f1fa52f5ce0889b18e501732c7c3660,2011-05-24 22:38:45+00:00,1,14,0,8,0,0,0,0,0.0,0,0,0
9b2d7382bfc8656630b70fd68831fc47ae1c5eee,2011-05-26 18:04:17+00:00,1,16,10,72,0,11,11,34,0.9998929500579834,0,0,0
d91af4cadfa5fa299d4702a9eedbfc7f7f558b9d,2011-05-26 19:37:31+00:00,6,63,0,20,0,0,0,0,0.0,0,0,0
5962c0ea8609837454e79bad9e0a94ae5099ad23,2011-05-27 07:17:44+00:00,1,4,40,38,1,4,4,8,0.9997626543045044,0,0,0
52bedf4c0b03a85c7e1361d0c3089b96f623ab10,2011-05-27 11:59:28+00:00,1,2,2,47,0,11,11,34,0.9999030232429504,0,0,0
54449483b625c10ffd1818f4b4cfcc0dfe30be88,2011-05-27 12:00:22+00:00,0,4,40,73,0,0,0,0,0.0,0,0,0
e63569041a1635574c1d2931875622152b015749,2011-05-27 12:02:57+00:00,1,3,1,23,0,0,0,0,0.0,0,0,0
cd0d0a2b1779f38206ec0029f8ed7efd321aa2cc,2011-06-06 01:22:35+00:00,1,21,0,10,0,24,24,121,0.9990392923355103,0,34,0
1fa1cdd2a334d5acb9f3d9ca11ab4eaaec794292,2011-06-08 23:11:08+00:00,1,20,20,10,0,24,24,121,0.9998883605003357,0,34,0
74013d751c410ff2157d66de0864c8ed3052f75c,2011-06-08 23:18:11+00:00,1,1,1,42,0,24,24,121,0.9999647736549377,0,34,0
2153b21152ae86ff760b5e693ac88d998fd9ddcc,2011-06-08 23:22:19+00:00,1,2,2,14,0,0,0,0,0.0,0,0,0
54fd24b7575af3c9fb8218aeae4d06c9d0ea3317,2011-06-09 10:30:43+00:00,1,8,6,35,0,26,26,128,0.9985251426696777,0,34,0
d6cde6a5dfee65da0c0fb8eacacd8c500618f674,2011-06-09 22:09:39+00:00,1,2,1,31,0,0,0,0,0.0,0,0,0
8f3da7b72c132e51e22e64f91d05230ac126a5dc,2011-06-12 17:14:56+00:00,1,2,1,40,0,0,0,0,0.0,0,0,0
3b86c3c0e34e8f986726a5929acd1d45ee184c12,2011-06-13 02:00:17+00:00,1,6,4,7,0,26,26,129,0.9997407793998718,1,34,0
1749260c974265144a811389f47bde54b79c1cb5,2011-06-13 02:02:35+00:00,1,6,5,12,0,26,26,129,0.9997812509536743,1,34,0
24e2a05605b0817c9e29edc8e4eb93d24e845e89,2011-06-13 10:41:33+00:00,0,0,0,76,0,0,0,0,0.0,0,0,0
fade9e36b68a4e3e0ce8a38f0162bd5870120f6f,2011-06-13 10:41:40+00:00,0,14,9,77,0,0,0,0,0.0,0,0,0
cb0a96fbf30c2b8bc0b45833bac89ed3c1d4e0eb,2011-06-16 02:43:26+00:00,1,4,1,32,1,95,95,283,1.0000004768371582,0,0,0
245c6edec34efd3216da2bd685a73fe411399b82,2011-06-16 02:56:14+00:00,1,3,0,4,0,95,95,283,0.9999998807907104,0,0,0
45e30048f0bca3fc2fad22aba8b7fa4f67f9af2b,2011-06-16 04:11:47+00:00,1,74,51,55,0,28,28,131,1.0000004768371582,1,32,0
1f1211747b52ebd18d534ae28c03505e9d46a0a7,2011-06-16 06:56:38+00:00,0,81,52,60,0,0,0,0,0.0,0,0,0
4d3a9defd25bebae524c15647b897a3459365410,2011-06-16 07:08:32+00:00,1,5,6,35,0,28,28,133,0.9999997615814209,1,33,0
3d1444b829f63582b0acb6aa53b82b2693c19213,2011-06-16 10:18:47+00:00,1,3,3,292,0,11,11,34,0.9999452829360962,0,0,0
47f1f283857080b797c4b29a0aa6fb07793bb4d2,2011-06-16 10:27:13+00:00,1,2,1,29,0,0,0,0,0.0,0,0,0
4320f81bf4c6a6b6f97dbfb7a6ba667dd71c4977,2011-06-16 12:06:22+00:00,1,1,1,58,0,28,28,133,0.9999998807907104,1,33,0
023ab755e5404fe379a22e0b8536aa668792b71a,2011-06-16 12:35:33+00:00,1,23,10,166,1,100,100,285,0.9998994469642639,0,0,0
f31ade335de9df096ba3c67c9507dd4eb32667a8,2011-06-16 14:40:14+00:00,1,8,8,325,0,11,11,34,0.9999452829360962,0,0,0
80d860d2d409b6d2a6b4c133ef0eef4de6b32ef2,2011-06-16 14:48:43+00:00,3,102,27,82,1,141,100,510,1.0000004768371582,1,38,0
a25f5ff1dd599fc6701d3c58073d9597fce9d948,2011-06-17 17:51:29+00:00,1,1,1,10,0,0,0,0,0.0,0,0,0
bbd1e40bd57322fb0f41a0ab202c2b788de053c5,2011-06-17 18:09:33+00:00,1,1,5,15,0,0,0,0,0.0,0,0,0
3e7c682e66fb4b276c8343bb718d8b13037cea15,2011-06-19 20:36:50+00:00,3,29,13,19,0,109,101,333,1.0000004768371582,0,0,0
bd49da067fe865d78bb78047aee41564fa17be08,2011-06-21 04:07:41+00:00,1,7,0,15,0,0,0,0,0.0,0,0,0
bcd30f05abfa3295a4189427c4271b6d93b98035,2011-06-21 20:48:31+00:00,1,4,1,75,0,0,0,43,0.0,4,0,0
428678b2e4601b6c8b484a9c15e389474b7067d5,2011-06-21 21:35:29+00:00,1,1,0,29,0,0,0,0,0.0,0,0,0
bdf9f90c8a3015ff7b7d03259ce57ec0ee98eb12,2011-06-21 21:59:24+00:00,2,3,4,18,0,33,33,182,0.0,1,38,0
00f066a467901bdbb107396c015c17275fb59cc6,2011-06-21 22:03:06+00:00,3,81,28,13,0,146,103,541,1.0000004768371582,1,42,0
8c81cf64deb2a310fbd74c15fd1f70a6e1a6241d,2011-06-21 22:24:28+00:00,1,22,14,20,0,37,37,194,1.0000004768371582,1,42,0
b4a4f38ccecba498085d3d0bb38463aac3b79419,2011-06-22 01:59:57+00:00,1,1,1,29,0,7,7,25,0.0,0,0,0
b4eac4c993219626ed96fcc0d5191c2cac6c8c0d,2011-06-22 02:00:04+00:00,2,17,4,12,1,119,105,344,1.0,0,0,0
2da86daa3a5869185d80ca90dc0acdf08d3690c1,2011-06-22 02:03:56+00:00,1,4,0,14,0,0,0,0,0.0,0,0,0
34a583b8217a1eaf65131958cec0ad659e85fb52,2011-06-22 02:06:31+00:00,1,2,2,13,0,0,0,0,0.0,0,0,0
15de7d9dbabd6acc97267c1c6addb59a08c6367b,2011-06-22 02:21:54+00:00,1,3,1,17,0,0,0,0,0.0,0,0,0
483d00736c2e61a0e9285eb49bda32946ae990e8,2011-06-22 02:22:02+00:00,1,14,10,13,0,0,0,0,0.0,0,0,0
2374d0fd7a6ac34bd6e5cd7d39c73e856162740b,2011-06-22 02:22:46+00:00,1,2,2,22,0,0,0,0,0.0,0,0,0
20aed5488b117d82abc4a22cdb6585d06a02a70f,2011-06-22 02:26:06+00:00,2,4,4,19,0,0,0,10,0.0,0,0,0
162b751f6db97c1c3ae4fea4af4d75f89b2ec698,2011-06-22 02:40:27+00:00,2,11,6,56,0,143,105,498,1.0000001192092896,1,43,0
e2d6a92150de44722a305959b2326376343aedce,2011-06-22 02:43:15+00:00,1,2,0,54,0,0,0,0,0.0,0,0,0
2d98ca7477a2521dd3354c34e1cbde25c4c06a9e,2011-06-22 02:44:02+00:00,0,433,185,28,0,0,0,0,0.0,0,0,0
8521075868820f838e670df9d8fb46e249757db2,2011-06-22 02:55:35+00:00,1,1,1,13,0,0,0,43,0.0,4,0,0
6253cf4c183161bed987aaa76c0b59e82e281eac,2011-06-23 07:30:22+00:00,2,16,0,9,0,0,0,0,0.0,0,0,0
784fe8bbdbe4510bf2471b39234a61a5965229c6,2011-06-23 07:30:32+00:00,1,2217,0,21,0,0,0,0,0.0,0,0,0
882b465968ca9b8baecd6449e42c3253d0f29bef,2011-06-23 09:15:09+00:00,1,1,1,7,0,0,0,0,0.0,0,0,0
749edb35541d7bc008f5db860c798f800881cd2e,2011-06-23 09:16:13+00:00,3,8,3,16,0,0,0,0,0.0,0,0,0
5f38c1209ed1ed71d1cd4d535fb67f3a96ebb570,2011-06-23 09:18:13+00:00,1,6,1,7,0,0,0,0,0.0,0,0,0
9603589b06458d299b2ff7a5389defa915b7bf58,2011-06-23 09:32:05+00:00,1,6,0,4,0,0,0,0,0.0,0,0,0
0b719f037c5558c2b063eb9d65e234d9f521035c,2011-06-23 09:34:44+00:00,1,1,1,1,0,0,0,0,0.0,0,0,0
4cf4362610ae85c6df467b1caad5043bdefed6bf,2011-06-23 10:06:56+00:00,1,2,2,5,0,0,0,0,0.0,0,0,0
39edf7a7fad2e799cc9129bcf3d2ba33df0cc507,2011-06-23 10:22:46+00:00,1,1,1,26,0,105,105,301,0.9999005198478699,0,0,0
868cd3d1cb86cf1b657e16dd00aa66d3ceb7fc1e,2011-06-24 10:21:25+00:00,2,8,1,29,0,144,105,504,0.9979946613311768,1,44,0
6f08c816981b0ba29f2c8a490f137fa194df353c,2011-06-24 22:24:44+00:00,1,1,0,16,0,105,105,304,0.9999006986618042,0,0,0
20319044a3e8b73993da667828992dd111ca145c,2011-06-24 22:47:41+00:00,1,2,1,35,0,0,0,0,0.0,0,0,0
787110c8535fcd04faff6bbd197858d8c84e2ff5,2011-06-25 00:32:28+00:00,1,6,0,34,0,0,0,0,0.0,0,0,0
d2ff0f40eb55ea572794daf286e74833ca773d59,2011-06-26 05:32:19+00:00,2,3,2,75,0,105,105,304,0.9998994469642639,0,0,0
891e52d72348d3bb2e5dfc243076992320b65f5d,2011-06-29 09:10:39+00:00,1,17,20,84,1,106,106,307,1.0000004768371582,0,0,0
f18c40fd368310556b8822bb9c4997277ca8a307,2011-07-09 14:41:44+00:00,1,1,1,4,0,0,0,0,0.0,0,0,0
73b414ab4564486f2335f02a1727fd0f4d005608,2011-07-13 09:08:54+00:00,2,31,6,47,0,151,109,529,0.9999381303787231,1,47,0
f408829d516614c813a59621bfec9b09a6251da4,2011-07-23 20:15:28+00:00,1,4,1,61,0,39,39,203,0.0,1,44,0
04c456b8775a2560d0fffad445745793929a82f0,2011-07-23 20:16:12+00:00,1,25,6,85,1,13,13,25,1.0000003576278687,0,0,0
369e7cb38f7cd2b5ccbc86127d3a59f2fb8790c0,2011-07-23 20:19:28+00:00,1,1,0,21,0,0,0,0,0.0,0,0,0
747f882b0e99f7d70e08acef78e517df93085c58,2011-07-23 20:25:07+00:00,1,1,1,63,0,13,13,25,0.9992505311965942,0,0,0
7d91d3fb5c8c826f4972db36c27384fc0e6550b9,2011-07-24 00:10:37+00:00,1,1,1,32,0,106,106,307,1.0000001192092896,0,0,0
30d699b64fbf298881c0de88cd6b727b1972538a,2011-07-24 01:36:24+00:00,1,59,2,37,0,25,25,78,1.0000001192092896,0,0,0
5fff2c757b7e95b22610a171e6eb07c2d12acdda,2011-07-24 01:37:08+00:00,1,9,3,29,1,107,107,312,1.0000001192092896,0,0,0
260e32a7c329c868ae59c045ef8521f6f9003778,2011-07-24 01:39:14+00:00,1,2,1,19,1,7,7,26,0.0,0,0,0
87e7a0420964558efb4c8e7904b0730331ee26d5,2011-07-24 01:42:12+00:00,1,7,2,21,0,0,0,0,0.0,0,0,0
6ba3523a2680438d54775ae2f7e448290b03f9b9,2011-07-24 01:45:45+00:00,0,30,7,75,0,0,0,0,0.0,0,0,0
2edda29448a9530059b9d6f772ba1e9a92371e7b,2011-07-24 01:48:28+00:00,1,2,2,28,0,39,39,203,0.9998030066490173,2,44,0
080db5ee5d8bfdd7106b1c555a72935da2b5bbc5,2011-07-24 01:49:08+00:00,1,1,0,25,0,0,0,0,0.0,0,0,0
1e1fb1e7a81b0a925e772e20db24e4ef5c94ae72,2011-07-24 02:11:54+00:00,1,1,4,33,0,107,107,310,0.9999998807907104,0,0,0
9b6a190652354953c6bdb400daac0013b08974e5,2011-07-24 02:11:59+00:00,0,31,6,72,0,0,0,0,0.0,0,0,0
7f9c6233bbfd0c3e3292220254f8dcf333350905,2011-07-24 02:12:34+00:00,1,1,0,25,0,0,0,0,0.0,0,0,0
7e4f7fa600c9a7d41289a78737a9b847e171526c,2011-07-24 02:12:41+00:00,1,1,0,27,0,0,0,0,0.0,0,0,0
87560d65ca09d2065334f940f04b40ac28b0509a,2011-07-24 02:16:21+00:00,1,9,0,28,0,43,43,231,0.9973230957984924,2,49,0
c3c90bb09c9f4cd635ea28cbc784ee5f724bdab8,2011-07-24 02:35:46+00:00,2,17,4,56,0,120,113,344,1.0000001192092896,0,0,0
074150ff2c625a400244110c74f4e3546d08cbca,2011-07-24 02:42:51+00:00,1,1,1,8,0,43,43,231,1.0,2,49,0
3293c0e8f4e23206e81f01f2d6332c401da53f8c,2011-07-24 02:49:01+00:00,1,1,0,17,0,25,25,79,1.0000001192092896,0,0,0
1cdd1d04cec8aa0ba9067a9fcef57e0b92c3ad3a,2011-07-24 02:58:32+00:00,2,4,3,6,0,0,0,10,0.0,0,0,0
95ba6fcab2564a0e13f7fec99e4470a851b19c99,2011-07-24 02:59:15+00:00,0,2462,59,28,0,0,0,0,0.0,0,0,0
291d4742d63e523eb4353758039d145f2c1e2dfc,2011-08-02 15:05:03+00:00,1,2,4,267,1,112,112,315,0.9999998807907104,0,0,0
5a7ec361f4bf093e251d4953bcf6a432717cf690,2011-08-02 15:51:21+00:00,1,1,1,43,0,112,112,315,0.9999998807907104,0,0,0
f238dffc189a9a2038bf79dc08059c415e013f9d,2011-08-03 03:23:41+00:00,0,63,0,56,0,0,0,0,0.0,0,0,0
18c42e88f5adc0c547b23905b7c2a60c0ecfe789,2011-08-04 19:47:15+00:00,1,1,1,53,0,0,0,0,0.0,0,0,0
d10b08ff8869c29b2d47b342f1c48a85336167fa,2011-08-05 01:07:49+00:00,0,1,1,102,0,0,0,0,0.0,0,0,0
e1714e678ec90d6ed67f95b83ed7e7c2c1a6925f,2011-08-05 01:08:32+00:00,1,2,1,29,0,0,0,0,0.0,0,0,0
0b6dc091f50965250d9c421d8aadaa701186a1b9,2011-08-08 16:11:33+00:00,1,3,2,45,1,106,106,308,1.0000001192092896,0,0,0
7dc581fad99a162baf060e24df0b18b75afe01bd,2011-08-08 16:14:08+00:00,0,235,30,37,0,0,0,0,0.0,0,0,0
e4adef522645bfbeb5f7f56d0cd539f5c57a1b92,2011-08-09 08:03:09+00:00,2,3,2,34,0,17,10,86,1.000000238418579,0,0,0
aa0f78b740b6098f29594242b6b923113d0659b3,2011-08-09 13:14:08+00:00,1,6,4,30,1,114,114,320,0.9993928074836731,0,0,0
2ce26d4a1c74650e9eac1bb30478d08e41462375,2011-08-09 13:16:23+00:00,0,3,2,60,0,0,0,0,0.0,0,0,0
32a861b2eddcfd73049f245984a12b88b364dadd,2011-08-09 13:34:44+00:00,1,7,1,59,0,117,117,325,0.9998994469642639,0,0,0
7b79cea7384a2dd3df90ac748bac3c4a89ebce24,2011-08-09 13:41:59+00:00,1,2,3,44,0,114,114,319,0.9999998807907104,0,0,0
e776242de1b4978f2134916c81051c38af153319,2011-08-09 13:42:18+00:00,0,2,3,37,0,0,0,0,0.0,0,0,0
e7e395549f8b60777f00c244dabd2bd9f89271b6,2011-08-09 15:28:58+00:00,2,7,1,26,0,118,118,332,0.9998072385787964,0,0,0
cf94c96a68904b0c541425bb2eb0ee816d6a4e4c,2011-08-09 15:30:19+00:00,1,2,0,44,0,117,117,326,0.9998994469642639,0,0,0
e1909375f595d06d540bf93baa93a782f5cea239,2011-08-09 15:31:26+00:00,0,2,0,70,0,0,0,0,0.0,0,0,0
f7cc7b1778f6479d1ab21cb7994e26f2656ee41f,2011-08-13 12:39:16+00:00,0,2,4,74,0,0,0,0,0.0,0,0,0
a987729712c3fa150fc86550495f6ed2aff4bfc0,2011-08-13 13:14:49+00:00,1,4,0,11,0,43,43,231,0.0,2,49,0
bb16fe8115420f9ff40faed039f79ec57e4f4323,2011-08-13 13:37:07+00:00,1,188,107,16,0,61,61,257,1.000000238418579,2,49,0
b141da36a45f64a717e78e7a2091b6680f015104,2011-08-13 13:37:14+00:00,1,8,0,23,0,63,63,262,1.000000238418579,2,50,0
e7084940e1461833f2b6da840e36b87ba03a6c26,2011-08-13 13:40:24+00:00,1,2,1,29,0,0,0,0,0.0,0,0,0
2e4724cceaed86cfd6a73ee495db668ceea80be7,2011-08-13 16:34:13+00:00,1,8,0,7,0,0,0,0,0.0,0,0,0
5693314a37ff8815c3c6a4bb7b9ebd5ef1abb5b9,2011-08-13 17:01:44+00:00,1,6,4,30,0,112,112,315,1.0,0,0,0
d4eabaaacc5ebbdaafbb619c7d809409e80c7c1b,2011-08-13 17:04:14+00:00,1,1,0,6,0,0,0,0,0.0,0,0,0
629d730da606110f2adcf46a16b7a73b829fa159,2011-08-13 17:11:16+00:00,1,12,37,78,0,10,10,33,0.9999059438705444,0,0,0
10cc4673f9a6570443394c6421042f2e822d2c86,2011-08-13 17:14:10+00:00,1,0,5,22,0,112,112,312,1.0000001192092896,0,0,0
2d70647f72fc230aec3453349fc4475cd3341de7,2011-08-13 17:17:17+00:00,1,3,1,34,1,112,112,313,1.0000001192092896,0,0,0
907e5294719c7d5a230eaa3c1a03f6230b90d875,2011-08-13 17:17:41+00:00,1,3,0,24,0,0,0,0,0.0,0,0,0
773630b0109c7671930b7ab38bb71c22ac8a94c5,2011-08-13 18:50:38+00:00,2,2,0,14,0,10,10,45,0.0,0,0,0
6cead64345d875d0049ef27655c9d5f650033dc5,2011-08-13 18:50:48+00:00,1,18,0,22,0,17,17,35,1.0000003576278687,0,0,0
9469b4bb6939e84b4539e6cd854e12c3d6b5d1fb,2011-08-13 18:50:59+00:00,1,74,0,24,0,0,0,69,0.0,0,0,0
47378164ef18323a96b443db4a415057bc3d92ce,2011-08-13 18:55:41+00:00,1,3,2,3,0,0,0,70,0.0,0,0,0
56e58fdcafa3ec173d43b41e26b8f8c8b07edc34,2011-08-14 06:50:25+00:00,1,1,1,32,0,0,0,0,0.0,0,0,0
43669183ce3199533680f0552c96cb1aa33dbfea,2011-08-14 10:30:43+00:00,1,1,1,31,0,0,0,0,0.0,0,0,0
95dcdd8a05ef5dade3dd2234e445ba78d42a1f4e,2011-08-14 13:13:50+00:00,1,1,1,20,0,0,0,0,0.0,0,0,0
c4c86fd6e8f7400d0a8d3bf656db201ed7bec767,2011-08-14 13:46:43+00:00,1,1,1,8,0,0,0,0,0.0,0,0,0
85c79658ef2bf4bc0ac4cd440a1e11d520590484,2011-08-14 14:21:52+00:00,0,1,1,50,0,0,0,0,0.0,0,0,0
c9d61aefe42087ed91a6f76b057273d39237d847,2011-08-14 14:39:35+00:00,0,1,1,79,0,0,0,0,0.0,0,0,0
f6e97c322b0e1c6a84393b0d80ed96fa7d730e16,2011-08-14 14:39:47+00:00,0,1,1,73,0,0,0,0,0.0,0,0,0
ced96912f3044bd8e26826257efa886c2b2880fb,2011-08-14 14:40:32+00:00,0,1,1,58,0,0,0,0,0.0,0,0,0
f52a413b6acfd524ee8f90a1c5a1f2c4be1d2e3a,2011-08-14 14:41:15+00:00,0,1,1,77,0,0,0,0,0.0,0,0,0
ce1945c78025af0ec235d70d8cb501bfe7623145,2011-08-14 14:43:02+00:00,1,2,2,16,0,0,0,70,0.0,0,0,0
933cbd735bc57383b812a35aaf1e51c51de59d95,2011-08-14 15:06:41+00:00,1,3,1,19,0,0,0,0,0.0,0,0,0
23ff27ea4b285bb55f7e87a62719e52a491141cf,2011-08-14 15:43:25+00:00,1,2,1,19,0,112,112,314,1.0000001192092896,0,0,0
1361506ae6ab1f25fd0d25147335a4576469d8a8,2011-08-14 19:44:03+00:00,1,8,0,13,0,0,0,70,0.0,0,0,0
975720a30c0437a2b9076ca699408cf5b0348dfa,2011-08-14 19:50:18+00:00,1,0,1,40,0,112,112,313,1.000000238418579,0,0,0
3bc9a181a16418eb9486a158ec7d07256186ec40,2011-08-15 01:16:04+00:00,2,55,5,9,0,0,0,0,0.0,0,0,0
d50742f059ee40abb1d410c3b0d1115a8ea8d8fb,2011-08-15 02:07:15+00:00,6,116,60,28,0,0,0,0,0.0,0,0,0
414b9dde840f2624b247f42eec2c11e5ee5c6717,2011-08-15 02:08:01+00:00,1,1,1,12,0,0,0,0,0.0,0,0,0
2cf0dad5738b877fffc2cc3c6013d4152dfc1860,2011-08-15 02:12:50+00:00,1,1,1,8,0,0,0,0,0.0,0,0,0
f137db6803d4feadf0616dfb74059df2d6586dc1,2011-08-15 02:20:03+00:00,1,22,4,28,0,0,0,0,0.0,0,0,0
2357b13824952b4380c0fd2939eae827595f6ad3,2011-08-15 02:30:30+00:00,1,36,1,27,0,0,0,0,0.0,0,0,0
49e5df1ff9771810108a346cf8329c196cb099b2,2011-08-15 02:32:35+00:00,1,2,2,6,0,0,0,0,0.0,0,0,0
430e87d0fd738adde494ccfe7d3fb3882fd8ca02,2011-08-15 04:12:14+00:00,1,31,0,41,0,117,117,326,0.9992006421089172,0,0,0
c510d21e4ee8affe66ad0f5c1de32c659bf04fc3,2011-08-15 09:58:57+00:00,1,2,1,74,0,113,113,314,1.0,0,0,0
647cdd38476f6b21887d3ebcd6e0c79a6c97baa1,2011-08-15 14:51:33+00:00,2,15,3,144,0,114,114,321,1.000000238418579,0,0,0
88f79b74ce70815b343f5eeff871f0ee9e8cec67,2011-08-15 15:03:37+00:00,2,12,5,74,0,123,116,352,1.000000238418579,0,0,0
ca428504d485b0495b5e794cdd1b47bbb0bd890f,2011-08-15 20:01:26+00:00,2,46,1,35,1,7,7,19,0.9997674822807312,0,0,0
4625445d2ab2ce748841f553a57d4280dac8ed10,2011-08-16 01:50:00+00:00,0,2,1,75,0,0,0,0,0.0,0,0,0
08a821381aa87803e925eb1e9c61269e4186fa80,2011-08-16 01:53:22+00:00,1,2,2,29,0,0,0,70,0.0,0,0,0
8f72c48548ef033b31f944e4ed4ada1e753d21d2,2011-08-16 02:17:55+00:00,1,2,1,21,0,0,0,0,0.0,0,0,0
c2fd5686950f49128c9d282bf28d440a71225c6b,2011-08-16 05:38:39+00:00,1,24,0,32,0,66,66,280,0.9998590350151062,0,0,0
aad27218d58e82637c43f92c85237fa90f0178c6,2011-08-16 05:39:02+00:00,1,9,2,42,0,119,119,331,0.9996289610862732,0,0,0
0ed641a26ec2200de00e4bbf3d170c767375351e,2011-08-16 06:00:11+00:00,1,22,0,63,0,0,0,0,0.0,0,0,0
2fa021582b8b12b7072dee4b641906574ba80087,2011-08-16 06:34:44+00:00,0,92,1,110,0,0,0,0,0.0,0,0,0
f319006813c76454d5a0dfccebc6d73f02de88f1,2011-08-17 02:15:03+00:00,1,7,4,19,1,8,8,21,0.9998481869697571,0,0,0
853383a8d3e58ba30c6682cd7ddc0f2d82f42b18,2011-08-17 02:16:22+00:00,1,4,3,13,0,8,8,21,0.9998481869697571,0,0,0
5bb18810d4a9bad0255628dde7d3d2825ca5113a,2011-08-17 02:19:49+00:00,1,6,1,40,0,8,8,21,0.9999322891235352,0,0,0
efba606e574707968ec2b35985b8cbb78213cb71,2011-08-17 02:20:26+00:00,1,5,0,21,0,8,8,21,0.0,0,0,0
519b9cee969e7364654a05ed466db253d35370d3,2011-08-17 02:55:10+00:00,1,18,4,16,0,11,11,27,1.0000001192092896,0,0,0
fc04d8a368b373945f2b7d701a683d1167ff4101,2011-08-17 02:55:18+00:00,1,5,1,8,0,7,7,29,0.0,0,0,0
d0cb56932c251667420e4876f99f5fa6b5c8a9a6,2011-08-17 03:57:44+00:00,2,34,4,21,0,14,9,46,0.9997161626815796,0,0,0
86a06c5c184272ffd8e6fd4a33b427400713f739,2011-08-17 03:58:07+00:00,1,1,1,21,0,0,0,11,0.0,0,0,0
9322d13f610fc26f63cc51c8c4b0a907d7392153,2011-08-17 03:58:55+00:00,1,18,26,8,0,65,65,271,1.0000004768371582,4,48,0
6b11cf21f3d703315f4ae82ee493ee52a57d0b30,2011-08-17 04:00:47+00:00,1,4,3,4,0,117,117,324,1.0,0,0,0
7322aa5b6442af61a7c0d96c33c7e253215b6f95,2011-08-17 04:02:18+00:00,2,4,2,8,0,126,117,361,1.000000238418579,0,0,0
8d2ab68a9716670fb44e6be729aa9d72fa433876,2011-08-17 04:08:06+00:00,1,1,1,5,0,117,117,324,1.000000238418579,0,0,0
17d3e1d498cd8afade26a31ec313739a71550eed,2011-08-17 04:08:39+00:00,1,11,0,10,0,117,117,324,1.000000238418579,0,0,0
24da41005c5d36922516d22aa9d596ec88a1a8d8,2011-08-17 04:09:38+00:00,1,4,1,4,0,117,117,324,1.0000001192092896,0,0,0
783e540d6dc63c3fdebdcc94d163a05a54127dd6,2011-08-17 04:09:47+00:00,1,2,0,4,0,117,117,324,0.9999325275421143,0,0,0
5ba43d0fe5ff5b1705e94ae1b7f2abfe744c56d4,2011-08-17 04:16:57+00:00,1,15,0,10,0,5,5,9,0.0,0,0,0
e102c1b4ca68c19920dfb835f89719985f532b2c,2011-08-17 04:17:58+00:00,1,1,1,24,0,0,0,40,0.0,0,0,0
8ef0e88220dd5c87e6489a174ce4d87654a6b2dc,2011-08-17 04:27:41+00:00,1,2,2,23,0,9,9,37,0.9999997615814209,0,0,0
3e8a14e133d8c2dc35a76e0a2a2ae3151c171c26,2011-08-17 04:27:53+00:00,2,16,4,16,0,122,117,339,1.000000238418579,0,0,0
2a0eff9c7130371874a07ec74806cc703ebad2cc,2011-08-17 04:33:21+00:00,1,1,1,10,0,5,5,9,0.9998859167098999,0,0,0
7836536459b6a15796c004440d3f927281808455,2011-08-17 04:33:28+00:00,1,3,0,17,0,117,117,332,1.0000001192092896,0,0,0
281ab5a8f9403135ffd05ff40f177529decd749e,2011-08-17 04:40:28+00:00,2,12,10,30,0,126,117,365,1.0000001192092896,0,0,0
855c27370790c0ba781d20f776a907fa5e2995ae,2011-08-17 04:40:37+00:00,1,1,1,10,0,5,5,9,0.9998859167098999,0,0,0
51038497f6551e132bee06c1220daa69a7b7a71d,2011-08-17 04:40:49+00:00,1,0,1,6,0,9,9,40,0.9999997615814209,0,0,0
8c737069a53933566403ad115234e9e6c809b3d6,2011-08-17 04:49:19+00:00,2,114,1,32,0,134,128,385,1.0,0,2,0
b0a0b509da5df358b1ab2f66f0aa6aebad27bd16,2011-08-17 05:00:00+00:00,1,1,0,29,0,0,0,12,0.0,0,0,0
7e255177dc206ec22118ef98b3b857c598073bd9,2011-08-17 05:23:49+00:00,2,32,0,30,0,122,118,336,1.0,0,0,0
d9e571737716e2929386f5279ce80c130d772a5b,2011-08-17 05:29:58+00:00,1,25,1,23,0,6,6,19,0.9998983144760132,0,0,0
d0aa0175e6b32bdb5b4f6b87c07d02c0088fcdea,2011-08-17 05:32:04+00:00,1,2,2,6,0,0,0,12,0.0,0,0,0
ec33ce9d29d591e18ded52018501942d3eb02776,2011-08-17 05:32:12+00:00,1,1,1,3,0,6,6,19,0.9998983144760132,0,0,0
f7024a60004db98e467260402e6c2f5338e9d619,2011-08-17 06:01:13+00:00,1,26,10,35,0,7,7,34,0.9989113211631775,0,0,0
66391e5c9da77889ebaf1c8a1cd3f84543d6943b,2011-08-17 06:01:19+00:00,1,7,0,19,0,10,10,45,0.9998867511749268,0,0,0
467766cfe8b2f4f13f5bee1346b9ab7a8cbfcb62,2011-08-17 06:25:41+00:00,1,9,0,26,1,12,12,32,0.9997515678405762,0,0,0
e477fce2112dc7078363c34798facbde7be4f7c4,2011-08-17 06:25:56+00:00,1,8,0,73,0,8,8,37,0.9989113211631775,0,0,0
abcf81e2a8cd5497080fad7fb4ac6b6a87eacd6c,2011-08-17 06:49:13+00:00,1,36,10,11,0,0,0,0,0.0,0,0,0
b7307298d28a30ed893d095338a36f7f62a7f1b9,2011-08-17 06:49:29+00:00,1,3,0,30,1,14,14,34,0.9997515678405762,0,0,0
77b37687b69ef21262e04c60401e0bcf712f0357,2011-08-17 07:07:24+00:00,1,57,1,13,0,0,0,0,0.0,0,0,0
008c77c911f504cd72f7e097f1744daaadab2162,2011-08-17 07:19:46+00:00,1,31,0,16,0,0,0,0,0.0,0,0,0
3f8f1dc00c11c501c9596a8d8008e40d4d99179f,2011-08-17 07:19:51+00:00,1,3,1,16,0,7,7,31,0.0,0,0,0
4d0c6cefd033c39b80bd7efb74c53f91c5ec9903,2011-08-17 07:21:31+00:00,1,3,2,5,0,0,0,0,0.0,0,0,0
b72eb53a7303c290b1c18c40f1f918a7ec17c58d,2011-08-17 07:25:31+00:00,1,6,2,16,0,0,0,0,0.0,0,0,0
3992ed6ad17347c128dac1784020c5e627b3e742,2011-08-17 07:58:55+00:00,1,30,1,12,0,0,0,0,0.0,0,0,0
d4502aff8751bbb82e74974c8f6423865d1d210a,2011-08-17 08:00:12+00:00,1,0,2,13,0,0,0,0,0.0,0,0,0
5f603ae787d6d98a8c1384fb693da21efd3c2b18,2011-08-17 08:01:11+00:00,1,1,1,4,0,0,0,0,0.0,0,0,0
e0ae2b415513268df3b56cb1d396b01f2888dcdf,2011-08-17 08:03:54+00:00,2,9,11,5,0,128,118,373,1.000000238418579,0,0,0
3f873dc22271625c21cc85fe8d1186aa1dd465a0,2011-08-17 08:05:20+00:00,1,1,1,23,0,10,10,45,1.0000001192092896,0,0,0
fe109b27be1fcafee5d33924d9b84f47ba173264,2011-08-17 08:07:43+00:00,0,1048,242,92,0,0,0,0,0.0,0,0,0
0c21aa55309a522d29fbca76ecb0aa40eda06abe,2011-08-17 08:16:19+00:00,3,11,12,12,0,0,0,0,0.0,0,0,0
47a36de74e7697a3030bb0d8d6f324b868001ec4,2011-08-17 08:17:21+00:00,1,1,1,22,0,0,0,0,0.0,0,0,0
0b34812afccc17c9d40c72c88f62c289d389faa9,2011-08-17 08:23:16+00:00,1,27,77,14,0,0,0,0,0.0,0,0,0
470af42bf203327f84d5554cf99b4b7207b47abb,2011-08-17 08:28:47+00:00,1,1,1,16,0,0,0,0,0.0,0,0,0
9471b0ab889a4684f87952cb951f7f4dc3f59dda,2011-08-17 08:32:46+00:00,2,6,6,13,0,0,0,0,0.0,0,0,0
81d599786ac5ed87dd3f7f0538e71e57682381b0,2011-08-17 08:33:34+00:00,0,1157,340,22,0,0,0,0,0.0,0,0,0
91e75f721508d2198ccb3d4e2979047249ae01f4,2011-08-17 10:40:29+00:00,1,3,3,60,0,0,0,70,0.0,0,0,0
5e6ecdad9f69b1ff789a17733b8edc6fd7091bd8,2011-08-17 12:38:50+00:00,1,1,1,97,0,0,0,0,0.0,0,0,0
571d808d25d3391664a69920d4e0a5cb1418af90,2011-08-17 13:31:24+00:00,1,2,1,16,0,124,124,341,0.9999998211860657,0,0,0
a17110b32a000dabb8c084eb9bf486c6fdccdcb6,2011-08-17 13:32:11+00:00,0,54,107,60,0,0,0,0,0.0,0,0,0
61d50d531cca57061335c776148c55d452ef5c3e,2011-08-17 13:41:24+00:00,1,1,0,16,0,0,0,0,0.0,0,0,0
0708736c4594c41136dd163a29b5a7060a6723d8,2011-08-17 13:45:23+00:00,0,1,1,75,0,0,0,0,0.0,0,0,0
007963afde4d856803e61357c64f29329a361ad9,2011-08-17 13:45:31+00:00,1,40,0,7,0,0,0,0,0.0,0,0,0
c22b71fc5b69736f40f8e491c5a6c4db461321f3,2011-08-17 14:04:53+00:00,1,5,0,34,1,125,125,343,0.9999998211860657,0,0,0
96e7a60b8d8a930d3257b87e3159b5abbbf385d5,2011-08-18 00:13:44+00:00,2,2,11,37,0,114,114,322,0.0,0,0,0
efbbb84315505d78aff709106c53073e5111a9fe,2011-08-18 00:17:22+00:00,1,2,1,35,0,0,0,0,0.0,0,0,0
820e2c73e62b94b43fc957a7d4d168050c7eabf5,2011-08-18 06:22:54+00:00,1,1,0,9,0,128,128,356,0.0,0,0,0
d26f3333e4d2ac65fd82bd413bc5759a0808e259,2011-08-18 06:42:35+00:00,1,4,3,25,0,128,128,357,0.9996981620788574,0,0,0
2f55393593fb0d8818fa014bc004dfed73564110,2011-08-19 16:18:26+00:00,1,2,1,327,0,114,114,324,0.9997650384902954,0,0,0
17c551539bca9d71e5f5e041654983aebd8bbbaa,2011-08-19 16:20:54+00:00,0,0,0,65,0,0,0,0,0.0,0,0,0
ce4927e5d36e02bfb9de064f87e6027fff8c1a1f,2011-08-19 23:39:53+00:00,1,2,1,29,0,0,0,0,0.0,0,0,0
9d143ed653414d2383a5c41eefd8b67ee8bb0807,2011-08-19 23:58:24+00:00,0,30,7,78,0,0,0,0,0.0,0,0,0
d9a349c1a1451f7c6d1dbea0b637b35107eb8de5,2011-08-20 00:12:16+00:00,1,1,1,15,0,0,0,70,0.0,0,0,0
c75eaec8527b32a5b1bdf95c1c70f34a33f508d6,2011-08-20 00:12:33+00:00,1,6,4,30,0,121,121,340,0.9999998211860657,0,0,0
abc5e279319425e226121165d15052542acfaa9a,2011-08-20 00:12:41+00:00,1,1,0,20,0,7,7,32,0.0,0,0,0
e7d89825836c2582e3a37cc56a895137650922fe,2011-08-20 00:12:53+00:00,0,37,11,41,0,0,0,0,0.0,0,0,0
53a53668d90f4defdc5ece7ed79f7cbac8bed5f3,2011-08-20 00:59:16+00:00,1,0,6,15,0,0,0,0,0.0,0,0,0
5f16a8a6b1684095f78b14533e1fe492265ce442,2011-08-20 21:05:39+00:00,1,1,0,41,0,121,121,341,0.9997678995132446,0,0,0
c58ddff3a4b782012894e148bf471e0ebd146d64,2011-08-20 22:24:58+00:00,1,11,0,14,0,0,0,0,0.0,0,0,0
8b640979ee06a03a57e72ba3ed73fcb73efc4c74,2011-08-20 22:25:32+00:00,1,2,2,6,0,0,0,12,0.0,0,0,0
3b085ed20f7f2710a37d71ea35e8ff85b31b0e97,2011-08-20 22:26:04+00:00,0,100,34,22,0,0,0,0,0.0,0,0,0
8bfa909ff2bcf8b51f19a5d612f82301f9afce3f,2011-08-20 22:34:33+00:00,1,0,40,20,0,0,0,0,0.0,0,0,0
7eb272b299fb5b496c786c0c34f6bfd96585f00f,2011-08-20 22:42:18+00:00,0,119,1,94,0,0,0,0,0.0,0,0,0
7fc8c7ccfd46b2ac37dfc4d8aa1225b139287de1,2011-08-20 23:17:25+00:00,1,25,54,46,0,122,122,344,1.0,0,0,0
8fbb1e6d97cda90d588d4263a18906a52d147fba,2011-08-20 23:17:41+00:00,1,61,0,57,0,18,18,68,0.9983897805213928,0,0,0
4922daf4989d921dd873b93f5ec08e02ad2222b6,2011-08-20 23:22:18+00:00,1,2,1,25,0,0,0,0,0.0,0,0,0
01411e37d65111d9bf09ac7ba82338664b595a0f,2011-08-20 23:22:48+00:00,1,2,1,31,0,0,0,0,0.0,0,0,0
850e1c7d4057464e07bb4587bf9e66e651752c4b,2011-08-20 23:23:53+00:00,0,1,0,74,0,0,0,0,0.0,0,0,0
882ea76aa994918d3a62d9f31ad88533edd3ba03,2011-08-20 23:26:56+00:00,1,42,10,21,1,122,122,349,1.0,0,0,0
21cd47d22341e6d0115158883c8556b15ba5fe08,2011-08-20 23:30:46+00:00,0,129,1,67,0,0,0,0,0.0,0,0,0
7bd47777a941237036ba8e15a2aaf2e93cc8e467,2011-08-20 23:40:33+00:00,1,0,66,22,0,0,0,0,0.0,0,0,0
a609f726e633018ebd0f11d59d7c63f54945b1be,2011-08-20 23:43:36+00:00,2,2,5,22,0,129,122,380,0.9999381303787231,0,0,0
f038ec3b6e9e3dc9ba118eb34f60db295c6a5534,2011-08-20 23:44:24+00:00,1,1,1,33,0,122,122,347,0.9999381303787231,0,0,0
49066861863495f8e401ea22a25d01b07ccbab0e,2011-08-20 23:46:50+00:00,2,9,2,17,0,141,122,418,0.9999743700027466,0,0,0
c19b2c517256ef2a8cd5915d9d5f44612731881d,2011-08-20 23:47:43+00:00,2,2,2,23,0,129,122,380,0.9999743700027466,0,0,0
86cc274cf01e38fd482c9e8be2e4c7f621340468,2011-08-20 23:49:23+00:00,1,1,10,39,0,119,119,341,0.9999999403953552,0,0,0
7f35ec7665de834c012c218df279aa28c68443bd,2011-08-20 23:52:18+00:00,1,1,1,11,0,119,119,341,0.9999999403953552,0,0,0
873d128c5a75bb862a6a857c9a72aa7c916659af,2011-08-20 23:58:00+00:00,1,29,8,27,0,19,19,71,1.0,0,0,0
c5d787d6fd57b3cea6731c2afd5ba9de05cda720,2011-08-20 23:59:21+00:00,1,1,3,8,0,119,119,341,1.0000001192092896,0,0,0
d0fdf0eb38da6afaddc8bca88af3fa32fac367cf,2011-08-20 23:59:41+00:00,1,1,1,18,0,119,119,341,1.0,0,0,0
13db806861188ae15a5fb23bd39610fdb0aba4f2,2011-08-21 00:04:11+00:00,1,17,2,18,0,119,119,344,1.0,0,0,0
1f3e53b32ec603c8859dacc2dbe17b875fcd2fe3,2011-08-21 00:05:38+00:00,1,1,2,3,0,119,119,344,1.0,0,0,0
596aceb185c3ca013e83db70eeeff3014d8e3a40,2011-08-21 02:47:03+00:00,5,82,82,15,0,148,119,474,1.000000238418579,0,0,0
28ee9788a071ac1314ed920ab5cb4af74ceee307,2011-08-21 02:51:24+00:00,2,2,2,7,0,129,119,390,1.000000238418579,0,0,0
b45b329861ed77c264df4271e38771eec6238e64,2011-08-21 02:55:30+00:00,1,5,0,7,0,0,0,0,0.0,0,0,0
d4bdd84364b602624096b1407c5d10936c6c9068,2011-08-21 03:00:17+00:00,1,23,1,8,0,0,0,0,0.0,0,0,0
6a96652396515631bb72ba7c363e96c27edd769a,2011-08-21 08:57:03+00:00,1,22,26,263,1,119,119,343,1.000000238418579,0,0,0
03e18bb7ca02953c817af2d2c51d12fb1b1e1019,2011-08-21 09:13:56+00:00,0,0,0,76,0,0,0,0,0.0,0,0,0
8d5108b142dd8d9de27559ee8364967b13f2b62a,2011-08-21 10:58:34+00:00,1,6,3,3,0,0,0,0,0.0,0,0,0
1143d4237f5e433a6181e6f7e1abcb1e7031120a,2011-08-21 10:59:13+00:00,1,1,0,25,0,0,0,0,0.0,0,0,0
c8110222a532821d27b0ade3ebdd7d0cb9545f80,2011-08-21 11:01:29+00:00,1,1,6,44,0,118,118,340,0.9997518658638,0,0,0
59924b92236fa4ab37abd3e4112cd67fcbc72d43,2011-08-21 11:06:31+00:00,0,8,9,77,0,0,0,0,0.0,0,0,0
a86af4477ec377223c10ddd6bf2fe90f508e1b60,2011-08-21 11:09:03+00:00,1,0,1,76,0,0,0,0,0.0,0,0,0
317c5b693a16e5e638d9253dd2913d93f5389e00,2011-08-21 11:12:54+00:00,1,4,3,8,0,118,118,340,1.000000238418579,0,0,0
e8dbecb4dbed3e835021977cf43f225a76bc5ec3,2011-08-23 09:29:36+00:00,1,1,1,32,0,0,0,0,0.0,0,0,0
75027f9557e61f2416af1794a269758604a7454c,2011-08-23 09:37:51+00:00,6,26,15,30,0,0,0,0,0.0,0,0,0
2dc556e0825bf3a235140c5af6b473945ebf4ab8,2011-08-23 13:06:22+00:00,2,24,16,29,0,15,10,57,0.9999997615814209,0,0,0
d12eac8669bc820c7fdd4efe47032112a6b41a1b,2011-08-23 21:30:50+00:00,4,43,30,226,0,141,115,431,0.999934196472168,0,0,0
660e0903157579fae39d72c1ac7af45a1f6dc9d1,2011-08-23 21:39:07+00:00,4,64,0,35,0,3,3,23,0.9999223947525024,0,0,0
56406b3442b20a3ea5536cabbd10477cc36244b8,2011-08-23 21:43:40+00:00,1,4,3,31,0,3,3,24,0.9999223947525024,0,0,0
2a17e5237c90a537c96b486ef30cddf8b544a966,2011-08-24 02:03:42+00:00,1,13,12,55,0,119,119,331,0.9997100830078125,0,0,0
c56acf0e321d7a2ae1c0726352d9d7698091d05c,2011-08-24 02:17:36+00:00,1,4,7,13,0,119,119,330,0.9997100830078125,0,0,0
68a2954c677c711919633bc19cc3f531fbe7d43b,2011-08-24 02:22:51+00:00,0,1066,314,60,0,0,0,0,0.0,0,0,0
84d9ff0c5c63ec22dd10670e373b4a46d8770ff4,2011-08-24 02:34:05+00:00,1,1,0,18,0,125,125,357,0.0,0,0,0
281aa5ebc49520374707035343b74a5263ede5bf,2011-08-24 03:01:23+00:00,1,1,0,15,0,0,0,0,0.0,0,0,0
ce3b85a62ee2bd12463aa2937a6b66a5a5e35a2d,2011-08-24 03:01:35+00:00,1,0,1,12,0,118,118,339,1.000000238418579,0,0,0
a94541d38c8883457195a1a388c56172fc2df745,2011-08-24 03:03:18+00:00,1,0,13,64,0,16,16,62,0.9989520311355591,0,0,0
0bf60c8876cddb5b203c652834ab8c6da55e4ce5,2011-08-24 03:08:26+00:00,1,2,4,35,0,126,126,357,0.9994858503341675,0,0,0
636e61d68b9176c614f8243295c81552dd0ee199,2011-08-24 03:09:09+00:00,1,19,0,23,0,19,19,70,0.9999561905860901,0,0,0
1d0a5b2665ce73dac5f27f9f698f451ca3812579,2011-08-24 03:09:51+00:00,1,1,4,10,0,19,19,70,0.9999561905860901,0,0,0
a276ebd240310555de64d674f4e3f4fa45a1a02e,2011-08-24 03:50:56+00:00,0,35,0,85,0,0,0,0,0.0,0,0,0
256c86f8f7deb5375c38b6cc55c3d54d0366d283,2011-08-24 03:52:43+00:00,2,36,36,27,0,145,118,425,1.0,0,0,0
2dfcc0bb7b7eb9060e523f785845919d277ab412,2011-08-24 04:04:18+00:00,1,2,2,22,0,27,27,86,0.9999217987060547,0,0,0
cc2c54093e97965b38d0ae1611bb19cd503d6888,2011-08-24 05:21:44+00:00,1,16,12,51,0,28,28,89,0.99989914894104,0,0,0
3dd2235ac5343ce0c4d4a4b7937f8ce2127f0612,2011-08-24 05:30:38+00:00,1,1,1,56,0,28,28,89,0.99989914894104,0,0,0
cfee8308772a3c931539688f9928ca6ff81d36cf,2011-08-24 05:39:43+00:00,1,32,31,37,0,28,28,89,0.998103678226471,0,0,0
ec0b708b1856be4803ab10eeb50824f739baf0ce,2011-08-24 05:40:44+00:00,1,38,38,33,0,28,28,89,0.9999998211860657,0,0,0
71195bb219ed24717961a3f968a00be7f3d8a4a7,2011-08-24 05:50:06+00:00,2,1,1,44,0,28,28,89,0.9999998211860657,0,0,0
7fa4fdacc9d3e0a418bf2dee1a897bfa799748e9,2011-08-25 02:01:06+00:00,1,21,8,27,0,32,32,96,0.9995057582855225,0,0,0
c243d0939828423bc5af92b07a4026ee406466ee,2011-08-25 14:17:38+00:00,1,14,4,70,0,7,7,43,0.0,0,0,0
d8fb6d2a5a169d1bbfd0c1a8cc583a55ecd4e88b,2011-08-25 14:19:19+00:00,1,52,17,68,0,11,11,29,1.0,0,0,0
335bf7018d7b073ff9fe3ab68fa92dd12a4c57b8,2011-08-25 14:24:55+00:00,1,2,1,24,0,11,11,30,0.9999061822891235,0,0,0
3bf6c63d522fa096bad1bf4873bc1a9accc8ed61,2011-08-25 14:26:10+00:00,1,6,7,21,0,11,11,45,0.999934196472168,0,0,0
d8c923c3850a4f29a39f7da46a77169d8cfe9537,2011-08-25 14:28:47+00:00,1,62,21,61,0,6,6,51,0.9995747208595276,2,0,0
3d448f843e82f8c35613ea3d5657e8215d068163,2011-08-26 03:55:24+00:00,1,9,2,19,0,34,34,100,0.9998850226402283,0,0,0
3f98034c2aa5d04e45670ef968c0c7026c188ed9,2011-08-26 03:57:56+00:00,1,2,2,24,0,34,34,100,0.9998850226402283,0,0,0
b97b4439c0ab264d36a2fbc1af07c0631bca2fbe,2011-08-28 06:40:19+00:00,1,30,0,16,0,24,24,83,0.9965570569038391,0,0,0
e272ec13c36fa83f4e14d8bfc7a3b63ab7cd08b2,2011-08-28 07:07:45+00:00,1,25,8,10,1,26,26,87,0.9997760653495789,0,0,0
3b9fc987b86fc536f1ad6a91c6c12e31ba4dcf91,2011-08-28 07:09:26+00:00,1,1,4,7,0,26,26,87,0.9998704195022583,0,0,0
2fa180e9ea63b4b2a8992b5d750fe7b5f650b006,2011-08-28 07:22:03+00:00,1,9,1,26,0,13,13,49,0.9996087551116943,0,0,0
dba7a5a7e20d0dd2a8781c7b2a79eb50c9a60e0a,2011-08-28 07:22:20+00:00,1,3,0,16,0,27,27,89,0.9999964237213135,0,0,0
35fc3b4dbb6c0b87f97c183dfae14289eb87d60d,2011-08-28 07:22:46+00:00,1,0,3,7,0,13,13,49,0.9999960064888,0,0,0
fed17cb58a23853731a322d0178217dc77f83ce0,2011-08-28 07:23:54+00:00,1,3,3,7,0,0,0,0,0.0,0,0,0
58d63d55bc0cbbb1d543a4165f2e80a808c5577e,2011-08-29 01:19:51+00:00,2,22,8,25,0,34,34,100,0.9998052716255188,0,0,0
e46351cfbd1ee908fecdd54c52bd928c370b4c05,2011-08-29 03:31:43+00:00,1,48,0,37,0,71,71,301,1.0000004768371582,4,55,0
6f84ce72f28a58afa782db585a86aa10632447df,2011-08-29 16:01:27+00:00,3,14,2,54,0,199,117,668,0.9999998807907104,0,0,0
1ecb593c7be7d6465cf61356f3bdada3849b84fd,2011-08-30 10:04:48+00:00,1,2,0,36,0,28,28,91,0.9994915723800659,0,0,0
9bfe04586da9b980314a60c153b030195166a820,2011-08-31 03:57:24+00:00,0,2,0,73,0,0,0,0,0.0,0,0,0
6d25fff3f93eb89a87742bf3be24fa87724fe550,2011-08-31 03:58:31+00:00,2,5,2,34,0,28,28,91,0.9995608329772949,0,0,0
07dd324e2f78ee208e35d3faa963ebab237ff95f,2011-09-01 16:22:12+00:00,6,184,203,42,0,16,16,47,1.0,0,0,0
824d54f13111387df941f7e6f02b8ac064bec04e,2011-09-02 13:06:58+00:00,1,5,2,88,1,121,121,343,0.9999998211860657,0,0,0
41876fd8c6b7146026acfe58b18ceeb21aed3069,2011-09-03 15:59:30+00:00,2,64,2,44,1,163,126,478,1.000000238418579,0,0,0
0d6773c68ca04cc90c004cb3a98313dd035c5e22,2011-09-03 16:04:51+00:00,2,5,1,43,0,106,67,396,0.9999998807907104,0,0,0
2aa32c16dcb905e303b2bc19ea95d616fba28adf,2011-09-04 00:54:55+00:00,1,3,4,23,0,71,71,304,0.9982535243034363,4,56,0
1a64a29c842efeffa7558557f546fca28e046c6e,2011-09-05 20:22:39+00:00,0,5,2,77,0,0,0,0,0.0,0,0,0
724ff7e4fa3af4d18b948c84fec48833006fea0b,2011-09-05 20:25:09+00:00,1,4,3,3,0,0,0,0,0.0,0,0,0
b6aa868c284eba4d14df921bef77df9ff93face2,2011-09-05 20:25:17+00:00,0,69,8,85,0,0,0,0,0.0,0,0,0
dd5a39731ae693eac9816f2ef5381bafbd7b58cb,2011-09-05 20:27:38+00:00,0,123,1,74,0,0,0,0,0.0,0,0,0
8da0abfa1a0b0de121bed615f419b4c9edaf95c8,2011-09-07 21:52:46+00:00,1,0,3,26,0,0,0,41,0.0,4,0,0
46e01db7853ae5d0670598b49dab5055acbbe3fb,2011-09-07 22:10:09+00:00,1,11,0,9,0,0,0,0,0.0,0,0,0
45fabf4b9642b262e457d52660daefb160be3ad9,2011-09-07 22:10:58+00:00,1,4,4,16,0,0,0,41,0.0,4,0,0
fa47067802e89a06eab564547535abe6ba687166,2011-09-07 22:19:54+00:00,1,1,2,3,0,0,0,0,0.0,0,0,0
d5a038463095c03b3fbd4ef6740fa3614f441ac4,2011-09-07 22:41:07+00:00,1,3,3,8,0,73,73,310,1.000000238418579,0,0,0
ccb9eb28e1c45e7b835f6d6fd74ff2e7e1a80eb2,2011-09-10 23:03:16+00:00,3,0,60,22,0,2,2,14,0.9986331462860107,0,0,0
058ef27178b49eb2a97bb5ea40a077248a58e234,2011-09-10 23:11:03+00:00,1,2,2,20,0,0,0,13,0.0,0,0,0
4df5aadb010d99862f16ea4175a2aef9450bc33b,2011-09-10 23:40:33+00:00,1,3,3,9,0,0,0,0,0.0,0,0,0
d697c37d3e5039cc3ebb7254d879872a7f4dc378,2011-09-10 23:43:52+00:00,1,3,1,10,0,0,0,0,0.0,0,0,0
37d269c1049c438ac67e5ff5347e0194c22df330,2011-09-10 23:45:34+00:00,1,3,2,12,0,0,0,0,0.0,0,0,0
1b2533f92db6d9cf4983db71af9446aa331cdf0c,2011-09-10 23:54:16+00:00,1,1,1,6,0,0,0,0,0.0,0,0,0
c8914bd4d4c7e9e7638cdb43d5a3513315f19028,2011-09-11 00:18:49+00:00,1,0,5,1,0,0,0,0,0.0,0,0,0
34e3c7b68febd3b320544e77037676a3a6f35f63,2011-09-14 12:34:36+00:00,2,3,3,12,0,15,15,52,0.9999138712882996,0,0,0
a8e77688f0a610bc8f8d304f2d15094aac149ac7,2011-09-14 12:39:52+00:00,3,70,1,23,1,253,126,827,1.000000238418579,0,0,0
2a9ae4b367fc06eeb1c3c24d1c9f741396dd7576,2011-09-15 09:57:10+00:00,1,2,2,27,1,126,126,366,0.9999998807907104,0,0,0
4b93bb40829a0db2a321fa5a8aba24b0b4982e77,2011-09-15 14:08:25+00:00,1,2,0,8,0,0,0,0,0.0,0,0,0
3443ede52a74ea1c3bc0bb9a1d835a106448d0de,2011-09-15 14:09:36+00:00,1,3,2,21,0,0,0,0,0.0,0,0,0
7127bcda974303a1df19fbff22cccfe22fb8aac7,2011-09-15 22:32:18+00:00,1,71,0,37,0,8,8,53,1.000000238418579,0,6,0
f996313aabec649cab6b7a2b90763beab70aee3b,2011-09-15 22:33:03+00:00,1,0,0,40,0,0,0,0,0.0,0,0,0
2826ca436297bab0d9a351b668657f50b62f0fbc,2011-09-16 02:30:25+00:00,0,71,0,96,0,0,0,0,0.0,0,0,0
14081bed46399cac578182d48464b954e0fcdc17,2011-09-17 15:25:27+00:00,1,39,0,29,0,9,9,86,0.9999995231628418,0,6,0
cb2e87210c0af4217aa9a1159a08c5634cd85ab2,2011-09-17 15:50:19+00:00,1,16,0,32,0,10,10,101,1.000000238418579,0,6,0
5c5c13a28f48770d826cdebfb7bd62dffd15c117,2011-09-17 15:52:07+00:00,1,15,0,33,0,11,11,115,1.0000004768371582,0,6,0
29f7a5bcfa0c4b95df66218c78ac8d219af48563,2011-09-17 15:53:01+00:00,1,17,0,33,0,12,12,130,1.0000001192092896,0,6,0
42c45df84d64b04da4702a94d7fa42d01501b218,2011-09-17 15:53:27+00:00,1,17,0,32,0,13,13,145,1.0,0,6,0
1d1927bb2b957658212ef89eb3cefdcc0a942033,2011-09-17 15:53:49+00:00,1,16,0,34,0,14,14,160,1.000000238418579,0,6,0
1481e9ae6a3ef8f507b944840c98aea0f3f23920,2011-09-17 15:54:18+00:00,1,18,0,35,0,15,15,176,1.0000001192092896,0,6,0
edfa15558ba96f5adf02e408c23a444e85df7428,2011-09-17 20:24:51+00:00,0,138,0,96,0,0,0,0,0.0,0,0,0
784b6715591acbec35c6a5b20d57cec9c5b448e8,2011-09-17 20:28:51+00:00,1,1,0,19,0,0,0,0,0.0,0,0,0
84434fddee4b1423240e66de5b5c7c0ecaf6615d,2011-09-18 00:30:08+00:00,5,727,0,14,0,79,63,383,1.0,1,0,0
3dd2a0443d44a8e30d77ddf55c3fba39062dc6f4,2011-09-18 00:31:56+00:00,1,0,12,18,0,0,0,0,0.0,0,0,0
608c61dcd97961fee57d2f3de710229539bb16c4,2011-09-18 00:32:13+00:00,3,0,647,18,0,0,0,0,0.0,0,0,0
e69a3a41f630fd580256f3b9b4004cbca1da6665,2011-09-18 00:32:21+00:00,1,1,1,15,0,0,0,2,0.0,0,0,0
0cb7376db0c725574939aa12367a654b2e10aaeb,2011-09-18 00:34:30+00:00,1,6,0,18,0,0,0,0,0.0,0,0,0
3127a34298ec4a674916033b8d9678a1b57f828b,2011-09-18 00:41:10+00:00,2,2,6,20,0,126,126,370,0.0,0,0,0
aa5e47723621d86e249884c083b2d51d87135f47,2011-09-18 02:02:06+00:00,1,70,9,23,0,129,129,384,0.9999376535415649,0,0,0
71d3490bcde6a6c595bc76a1244f059a7d7f4458,2011-09-18 02:40:30+00:00,1,34,27,38,0,64,64,263,0.9998016357421875,1,0,0
a3cc97128b9511659e136afb9b3fa42ae7490bda,2011-09-18 02:46:17+00:00,1,20,13,51,0,135,135,389,1.000000238418579,0,0,0
2d38f518348625cc9c6b8f5ee63a86bda784630e,2011-09-18 05:32:00+00:00,1,0,3,24,0,0,0,4,0.0,0,0,0
2a2e7bd19082af86f4c4ed7c00d68b99970b7bb8,2011-09-18 05:32:37+00:00,1,10,7,42,0,15,15,53,1.0,0,0,0
645933a5da8a6554045f918bfca7798bed7c4b7c,2011-09-18 05:32:54+00:00,1,26,19,20,0,137,137,389,1.0,0,0,0
18270e1059c8eaea2bced14caad2d35e78fe7e8a,2011-09-18 05:43:04+00:00,1,18,7,8,0,140,140,395,0.9999568462371826,0,0,0
7f3f641fb81463ae56d4e70b2de7daeb39e5d09b,2011-09-18 05:48:23+00:00,1,17,2,15,0,140,140,395,0.9981595873832703,0,0,0
332f55e552326323e205dd5069a1726439cca3cd,2011-09-18 05:59:28+00:00,1,27,4,18,0,140,140,395,0.9999568462371826,0,0,0
04bcab80574c7c2f1cf8e090ca34cd44a96b1e64,2011-09-18 07:20:11+00:00,1,2,3,5,0,139,139,393,0.9998934864997864,0,0,0
95b0549c75c61fe0b759400713112de357ae74b1,2011-09-22 09:13:51+00:00,1,5,3,24,0,55,55,154,0.9997162222862244,0,0,0
5345a89dc5121daffddcdab008ddfb324d6b87c8,2011-09-22 10:38:58+00:00,11,74,80,22,0,253,126,823,1.0000003576278687,0,0,0
dcebab4c35369f9f91dab3eb6ff877509f7d38c2,2011-09-22 10:38:58+00:00,11,74,80,261,1,253,126,823,1.0000003576278687,0,0,0
c48cf2bba8aafa50ae5cd77e7ab4bb476dca086c,2011-09-22 10:52:05+00:00,1,2,2,29,0,0,0,13,0.0,0,0,0
ac9f9b653c5acfde2bc6c2c3e8cd3dbf6e402c4f,2011-09-22 10:52:34+00:00,0,0,0,61,0,0,0,0,0.0,0,0,0
74ce263d69e41e820c1ccdc3746df66a0352842d,2011-09-22 13:25:06+00:00,0,5,3,77,0,0,0,0,0.0,0,0,0
cd01aa466621932dd9a00551b1550d61eab6c4da,2011-09-23 07:23:19+00:00,1,2,1,20,0,0,0,0,0.0,0,0,0
d2894b3c58dc40e5666049d6300b38ffb79d9007,2011-09-25 20:00:44+00:00,0,108,71,108,0,0,0,0,0.0,0,0,0
df66fa7975dd359c97161848a175122a5406ee06,2011-09-25 20:02:22+00:00,2,2,24,10,0,154,139,450,1.0,0,0,0
0db4dab03e37f41827ef9fa713c3ec95876a3628,2011-09-25 20:05:14+00:00,7,492,173,15,0,116,55,464,1.0000003576278687,1,0,0
3af8af573068de7bb9b34758a1a7eb7ab7eb9e83,2011-09-25 21:42:02+00:00,6,0,63,13,0,0,0,0,0.0,0,0,0
37ed9116b7081ff2b1542af7bdb2857f3ca63661,2011-09-25 21:42:13+00:00,1,0,41,22,0,0,0,0,0.0,0,0,0
33df9d1bf2cf24bf46af0d079a3f4884816dd9e6,2011-09-25 21:42:19+00:00,1,0,142,22,0,0,0,0,0.0,0,0,0
55cea74b5643e660cc5cee9a4b0abe4cfb3a2f27,2011-09-25 21:42:27+00:00,2,25,6,14,0,86,59,311,0.9999997615814209,1,0,0
182f92ab2602658802724d1204feade7a7117994,2011-09-25 22:00:37+00:00,3,134,127,4,0,177,110,520,1.000000238418579,0,0,0
0b22bc9b4243808628e417959a4ada0d803ae515,2011-09-25 22:02:22+00:00,2,5,7,21,0,126,111,377,1.000000238418579,0,0,0
5287b8cd9f1eca624b57cb03ad5d1fb2db41bf9e,2011-09-25 22:57:17+00:00,2,48,252,3,0,135,68,418,1.000000238418579,0,0,0
8565053c9355f3760403d41038cc73c5662e2ba9,2011-09-25 23:01:40+00:00,2,10,7,41,0,136,69,421,1.0000001192092896,0,0,0
bd2b0c45baba6ab6b4fabcf5d7588a63db1865bd,2011-09-25 23:39:21+00:00,1,0,115,8,0,55,55,193,1.000000238418579,0,0,0
9488af5a42bb02913d99e2255cd53f2ad7c860e9,2011-09-25 23:41:48+00:00,2,4,4,8,0,70,55,246,1.000000238418579,0,0,0
dc7b4e7d32e45494d43d37c3d7c61032211b83ca,2011-09-26 00:14:32+00:00,3,39,27,48,1,72,55,250,1.000000238418579,0,0,0
0cf0bde15853a704ed3fb4fd928187bdc90a3e9a,2011-09-26 00:36:30+00:00,1,50,9,35,1,16,16,53,0.9996838569641113,0,0,0
351a711ce9a9771f61555b5057d4f249d9afc423,2011-09-26 00:36:39+00:00,3,24,19,7,0,58,55,227,1.0,0,0,0
802bcc9ba3f21f65d5eab48588b930222845ce23,2011-09-26 00:57:29+00:00,4,36,16,20,0,89,55,313,1.0,0,0,0
ed160f2d2a25c7f8d307680532751cab3aa0c702,2011-09-26 01:02:50+00:00,1,20,13,37,0,19,19,67,0.9999504089355469,0,0,0
7881aaa759ce05fa944a1530db8ba889ffaf68e4,2011-09-26 01:04:13+00:00,1,3,8,8,0,19,19,67,1.000000238418579,0,0,0
1758070cdc0ab3757f67f7eff0efecc0a1e753c9,2011-09-26 01:06:41+00:00,1,1,10,10,0,19,19,67,0.9988698959350586,0,0,0
e2af50b7c9183b65766c6d84ad760c2a689f00ad,2011-09-26 01:09:40+00:00,1,0,15,15,0,16,16,58,0.0,0,0,0
ae4e85f11c39d0b2786a6b9df81c16cbfbe2a6e4,2011-09-26 01:23:04+00:00,4,16,5,25,0,90,55,335,1.000000238418579,0,0,0
a699ddd14a305d933105de7900a079034bbc545f,2011-09-26 01:41:03+00:00,2,7,4,49,0,72,55,264,1.000000238418579,0,0,0
dfe0e9382d69f0ae995c7499b73efe2426881e10,2011-09-26 01:44:24+00:00,1,8,5,10,0,54,54,197,0.9998348951339722,0,0,0
f52c0032a325b593f6e9fc0485ad6bd0ce871f12,2011-09-26 01:46:07+00:00,3,31,12,14,0,93,60,349,1.000000238418579,1,0,0
cfc19b4ddea93926d99619d9cb6e3db68f6c5fc3,2011-09-26 01:57:21+00:00,1,3,2,29,0,54,54,198,1.0000001192092896,0,0,0
cff3b7f9bd96b6837914ebb0fcf79ba874569ca5,2011-09-26 02:59:20+00:00,1,3,1,14,0,60,60,229,0.9999998807907104,1,0,0
111336459e408778d2915ba61a24c9c961e9aa54,2011-09-26 04:01:53+00:00,4,37,18,11,0,90,58,343,1.000000238418579,0,0,0
a7d280cb3d9e24ceb9330b7157cf4e4d985c7a60,2011-09-26 04:04:38+00:00,1,2,2,7,0,58,58,208,0.9997268319129944,0,0,0
1c5ce723d8ac41a97209c8c936d218c28f682157,2011-09-26 04:38:57+00:00,1,20,9,22,0,62,62,221,0.9997125267982483,0,0,0
8ac2fe6eb170633b8b42e1af9b86e94729b339c2,2011-09-26 04:53:43+00:00,1,6,3,14,0,64,64,223,0.9997849464416504,0,0,0
2f9e287f7d1b9dfe5322c7c17a5a32a21a502aa0,2011-09-26 04:55:36+00:00,1,1,0,10,0,64,64,223,0.9997849464416504,0,0,0
14bd9ebb455ab1fd8a08868b37d4b271658b0dee,2011-09-26 05:33:18+00:00,3,43,5,11,0,152,70,481,1.000000238418579,0,0,0
5c132c98ca605ca390e2a2ddbb42f01f749fa484,2011-09-26 05:57:31+00:00,2,20,13,25,0,89,69,309,1.000000238418579,0,0,0
62d29d510625aa6c5415f4ba35579059b1c842fd,2011-09-26 08:57:45+00:00,2,31,27,81,0,184,123,526,1.0,0,0,0
ffde764a910e64398d01a8058a540853b63d60d3,2011-09-26 09:00:25+00:00,1,1,1,23,0,123,123,354,0.0,0,0,0
87e8a12a9f0c9bfafabab2d48e5e90e05615f3c1,2011-09-29 13:28:00+00:00,1,1,1,33,0,15,15,52,0.0,0,0,0
4cd54d2f8798928b31b67ff1a9361759a40aff5f,2011-09-30 11:07:09+00:00,1,1,1,23,0,3,3,18,0.0,0,0,0
2f5008107c56485a46271062ecc0b75f5e49fa16,2011-09-30 11:07:39+00:00,1,2,2,23,0,21,21,69,1.000000238418579,0,0,0
2e391fa44cb1d5d2d5c4321c547d470d0b594333,2011-09-30 11:08:04+00:00,1,7,1,45,0,16,16,57,1.0000003576278687,0,0,0
e8c2fc15852128a9da5f7db53ddd8f068624a71b,2011-09-30 11:08:33+00:00,1,10,5,16,0,70,70,242,1.000000238418579,0,0,0
30d937f299d217f2107139b3c0a8083d90d184aa,2011-09-30 11:08:38+00:00,1,1,1,7,0,0,0,41,0.0,4,0,0
3092483433ebf0f5802677aa9b8a74ee4dc1e64b,2011-09-30 11:08:59+00:00,1,75,0,26,0,8,8,36,0.9999998807907104,0,0,0
e228cf1cc4fb1d8f1b3c2c13961ff00cfad68717,2011-10-01 07:10:41+00:00,0,1,1,71,0,0,0,0,0.0,0,0,0
b58433fb74d040e7828a3a047a5ca25dba5751ab,2011-10-01 08:34:52+00:00,2,7,1,10,0,0,0,22,0.0,0,0,0
47b98bc90f84e1ebd2ca220843df5cb49f6db99a,2011-10-01 08:36:50+00:00,1,2,2,18,0,8,8,36,0.0,0,0,0
5afe11ba1c00680edaee91b92ba87486997965f7,2011-10-01 08:40:53+00:00,1,15,4,21,0,8,8,38,1.0000001192092896,0,0,0
7875a12617ae38f3432779b29e0fdbc93febd408,2011-10-01 08:52:13+00:00,1,3,2,19,0,8,8,39,1.0,0,0,0
c9f5614417fc2b997e2e5223d8bdacf07b9e13be,2011-10-01 10:04:18+00:00,8,69,9,14,0,133,62,557,1.000000238418579,1,0,0
e1c0646f95930cfbd1b404aa820eda3f9836080f,2011-10-01 10:04:41+00:00,1,2,2,14,0,62,62,232,0.9999999403953552,1,0,0
1997dee3d9f0933bca99b2065463ad0a7afc7f10,2011-10-01 10:17:02+00:00,1,1,1,28,0,6,6,32,0.0,0,0,0
0b475dd65487f2c14efa6f917657a0f1d19bae02,2011-10-02 00:51:41+00:00,4,4,740,23,0,68,62,266,0.9995786547660828,1,0,0
7077272baa39113538aeed6e40ce38d20f5c512c,2011-10-03 09:14:59+00:00,0,1675,1344,98,0,0,0,0,0.0,0,0,0
2361a6fc79f3af84550478cd43e0f9ab26e714f4,2011-10-03 09:16:43+00:00,2,3,3,37,0,140,72,430,1.000000238418579,0,0,0
6e90aa7d6523360ca45172c69dfb1f64eaff991b,2011-10-03 14:11:03+00:00,0,25,27,78,0,0,0,0,0.0,0,0,0
04bcb74970c49ea6bda3881cb02beed2e3359b7b,2011-10-04 15:33:11+00:00,1,4,0,36,0,73,73,198,0.9990431070327759,0,0,0
608d05706696b292a6af021954cfbc2515a102fa,2011-10-04 15:33:19+00:00,1,1,1,24,0,0,0,0,0.0,0,0,0
aa04cc9b427432358398aac713c2574193ecc691,2011-10-05 18:36:12+00:00,3,23,3,57,0,199,120,666,0.9999862909317017,4,50,0
dda533cf67b645efa6345181e71a6fea6f96298d,2011-10-05 19:08:41+00:00,1,2,1,28,0,0,0,0,0.0,0,0,0
b970d468d1251c51d28b0ec142a12f817cf19925,2011-10-06 15:58:03+00:00,1,1,1,6,0,6,6,33,0.9995786547660828,0,0,0
98c719f714dbfab02673cd313ae621e633c0a1bb,2011-10-09 11:05:14+00:00,0,25,4,74,0,0,0,0,0.0,0,0,0
a8695ecd32f18135ae5f34f466382993a4cb7d3d,2011-10-09 11:11:48+00:00,2,7,2,6,0,0,0,12,0.0,0,0,0
ba9359371182a0727164606864434e22fc07be11,2011-10-09 11:16:49+00:00,0,10,0,141,0,0,0,0,0.0,0,0,0
78b5d9ed45d3f969e38e6772501da446db1efd59,2011-10-09 12:25:17+00:00,1,5,1,31,0,68,68,234,1.0,0,0,0
03babafc7b16bd84b13f405fd66ccb1751f4aaee,2011-10-09 12:34:13+00:00,1,3,1,43,0,68,68,236,1.000000238418579,0,0,0
9697290111d0a6c664f97a2dd452a9132ca2c384,2011-10-09 20:04:00+00:00,1,1,0,18,0,0,0,0,0.0,0,0,0
e9f94e698d3cb1e84d383dbc5a7393e55140b542,2011-10-10 05:27:05+00:00,2,737,0,13,0,88,73,487,1.0000004768371582,0,6,0
372e4d94c560473fbff5691e72f8bcc1f5580fb3,2011-10-10 12:56:23+00:00,1,2,1,8,0,0,0,0,0.0,0,0,0
7671e3878cbb0f68ed9d1fabb96560227c2df31d,2011-10-10 13:20:24+00:00,2,5,0,4,0,0,0,0,0.0,0,0,0
975a183796ac6feccecc8f9d0fd6b4d9eea97e1e,2011-10-10 13:39:44+00:00,1,1,1,13,0,0,0,0,0.0,0,0,0
0cf9ede580e3c661a1fdabdf0f4ce3a484cac363,2011-10-10 13:58:47+00:00,1,1,1,10,0,0,0,0,0.0,0,0,0
4ada2e56644e1775e6cf4b2f8ad7c0c02bedff93,2011-10-10 18:33:35+00:00,1,4,0,37,0,0,0,0,0.0,0,0,0
85507dd042362f4e05abc43bcf8862b8ed4c8d5b,2011-10-10 18:36:32+00:00,1,0,4,26,0,0,0,0,0.0,0,0,0
24ffc3610a23ab46a43c0ed5a883a066595e516d,2011-10-10 18:56:58+00:00,1,1,1,17,0,0,0,0,0.0,0,0,0
5871291956be62e7615a6c448e9ecb706fedf790,2011-10-10 18:57:57+00:00,0,1,1,64,0,0,0,0,0.0,0,0,0
a166dd0ad7772d74410f9b1b0d129b78004c4dac,2011-10-10 18:58:34+00:00,1,1,0,25,0,0,0,0,0.0,0,0,0
8d4afcb5b834abe837a0de74fe11c15006fdef43,2011-10-11 00:07:10+00:00,7,357,144,15,0,132,54,512,1.0000007152557373,1,0,0
8fbd6d85e0eb7f7cdc3f93dae0f2d08d3113574e,2011-10-11 00:07:14+00:00,0,2,1,58,0,0,0,0,0.0,0,0,0
e7b31af784c25b1cbc390bad60ea19f24a0c7905,2011-10-11 00:59:10+00:00,1,9,7,11,0,54,54,209,0.9999998807907104,1,0,0
c8f2b3a722d95be95036da13dd9a2a363ed2cd10,2011-10-11 01:05:54+00:00,1,2,3,17,0,68,68,235,1.000000238418579,0,0,0
4dc48aea6320ab23de1b2f3adecfc68c4013e407,2011-10-11 01:08:17+00:00,1,0,2,25,0,0,0,12,0.0,0,0,0
fedbafc79b73175b5ec4b75dccf189da426ef134,2011-10-11 01:08:30+00:00,1,1,1,10,0,0,0,12,0.0,0,0,0
f524fe4934d41fc08173cd61f49c385207d42390,2011-10-11 12:05:11+00:00,2,18,21,29,0,0,0,0,0.0,0,0,0
e4c85b318fdd1adf815adf735cbbfe233085481c,2011-10-11 12:36:35+00:00,0,264,17,146,0,0,0,0,0.0,0,0,0
3cfc83b23bb274cb8ad0160acd548b2401fee5f2,2011-10-11 12:39:43+00:00,2,4,6,14,0,87,71,299,1.0,0,0,0
abe33f0ef4b9ea9588eca01f902a534f0acd0cde,2011-10-11 12:40:32+00:00,1,1,0,26,0,0,0,0,0.0,0,0,0
20c930e48e31916481d6d45bcbb079f7c4670b18,2011-10-12 12:57:34+00:00,4,19,262,86,0,90,68,303,1.0000003576278687,0,0,0
c4f013a6f999c2e945e00b1f052074b9c9377842,2011-10-12 13:21:09+00:00,2,6,6,31,0,22,16,68,1.0000003576278687,0,0,0
0cfd801f096f31b311aeb0d9f7e31b67a21c0b6b,2011-10-12 13:34:44+00:00,0,19,262,101,0,0,0,0,0.0,0,0,0
a0e9b21c9da518d757bb5bd7510b50e6095de85c,2011-10-13 18:34:56+00:00,2,14,2,6,0,76,73,225,0.9992092847824097,0,0,0
4a7fdef3ea70b7acd7f883c6d08a8fee4a2b24f1,2011-10-13 18:54:36+00:00,8,126,53,22,0,0,0,0,0.0,0,0,0
b908559ac8cf016d4217b20a020d540a377f1b12,2011-10-13 23:41:40+00:00,1,1,1,18,0,0,0,0,0.0,0,0,0
3e233e4856b563c372774742f30d17842f4b8e42,2011-10-13 23:53:34+00:00,1,5,0,19,0,0,0,0,0.0,0,0,0
d47522e6fbd4cbfce86da0a2dec84e7c06fa7a39,2011-10-13 23:54:59+00:00,1,6,0,12,0,0,0,0,0.0,0,0,0
93c44157bab8ba5fc4dfe7c4d890489b4fd02ff1,2011-10-14 00:11:05+00:00,1,71,25,38,0,8,8,39,1.0000001192092896,0,0,0
9518d053a4423a58f1a835b1f721179ba2f1bd4f,2011-10-14 00:11:25+00:00,2,6,3,34,0,19,11,87,1.0,0,0,0
5537902796d75ef5ce739e89ee993a801da3b2c6,2011-10-14 00:17:22+00:00,1,2,8,46,0,7,7,34,0.9983517527580261,0,0,0
892fcd6cc0cadd8308fa55f229cc611377dfe07d,2011-10-14 00:19:59+00:00,2,4,1,23,0,131,120,388,1.0,0,0,0
76b8afee9476b38af6af1249565eda5ba48b0774,2011-10-14 00:33:34+00:00,1,3,1,20,0,69,69,282,0.0,4,50,0
565745f7b7b07d4fb210bd1f6ea9494cbaaa1626,2011-10-14 00:33:39+00:00,1,14,0,11,0,0,0,0,0.0,0,0,0
2115046bbcd680f8db582aa72b283bb6fd40fa3a,2011-10-14 00:33:55+00:00,0,17,1,41,0,0,0,0,0.0,0,0,0
597f0ae5fd2bf512737d022b8bc9f908657c47fc,2011-10-14 00:47:58+00:00,1,2,0,23,0,121,121,340,1.0000001192092896,0,0,0
849934ccd6da9ae511237422036d1f2691b57ee0,2011-10-14 00:50:22+00:00,0,2,0,41,0,0,0,0,0.0,0,0,0
27ee6e0f4550f5b76adb9fbc60db94436c3e0a2f,2011-10-14 01:10:25+00:00,1,34,0,19,0,0,0,0,0.0,0,0,0
3afd07451c7a5298da51f895701ddec431614388,2011-10-14 01:10:34+00:00,1,5,2,28,0,9,9,36,0.9999532103538513,0,0,0
cc350d54b7274a2274af780d34288f4a23bdb6fa,2011-10-14 01:13:46+00:00,1,2,2,6,0,0,0,12,0.0,0,0,0
a4b87c6fc198e61baa8d1c57294552cae9be1904,2011-10-14 01:14:25+00:00,1,1,1,14,0,0,0,0,0.0,0,0,0
e9b4defe8de4318e3155f5723197243d32d28106,2011-10-14 01:15:18+00:00,0,119,30,79,0,0,0,0,0.0,0,0,0
3161783e49ed3e4b62f8340b97b863e42074f10c,2011-10-14 01:19:47+00:00,1,1,1,11,0,0,0,0,0.0,0,0,0
80cd1ee6635644981faa777f110165afa7d3610c,2011-10-14 01:23:42+00:00,1,3,2,14,0,0,0,0,0.0,0,0,0
15511584d159314c971e43bcb94b8b096fdc6e19,2011-10-14 01:33:55+00:00,0,270,84,28,0,0,0,0,0.0,0,0,0
b14fa0764bc5e1340762e45af999334e9b74f642,2011-10-14 01:50:04+00:00,3,23,2,33,0,121,121,341,0.9999862909317017,0,0,0
46f0146adfb6faaef4d47e8e1037dd1156b57a3a,2011-10-14 01:54:42+00:00,0,363,139,239,0,0,0,0,0.0,0,0,0
aa31b6b4dd199ba733b5e03226a8019a2b9c7c66,2011-10-14 02:02:46+00:00,2,1,15,11,0,141,127,418,0.9999848008155823,0,0,0
33dec52b8eb4eb6ddc2677981bb5d5cf70ada59b,2011-10-14 02:05:57+00:00,2,1,30,14,0,14,14,53,0.9999879598617554,0,0,0
030d877ed51fc3676e402f824b3108c69c440df8,2011-10-14 02:11:42+00:00,1,4,1,6,0,0,0,0,0.0,0,0,0
573ab095e44690e13047273b4f67eafcfd6613c8,2011-10-14 02:11:50+00:00,1,5,5,9,1,127,127,365,1.0,0,0,0
daf7aeb8c3756508f3d960a58b6d3839be1e731f,2011-10-14 02:15:55+00:00,1,15,3,9,0,0,0,0,0.0,0,0,0
bfa010383ea88c1b3ffa8c72dae920988cd22744,2011-10-14 02:16:26+00:00,0,354,158,83,0,0,0,0,0.0,0,0,0
f1f56c30818adc6c1e8e6814c4ffbcb341e3cdaa,2011-10-14 02:17:24+00:00,6,0,63,22,0,0,0,0,0.0,0,0,0
244172bdd4b66ec7fdebdc76850b9ee08412a16c,2011-10-14 02:17:54+00:00,1,2,2,6,0,0,0,13,0.0,0,0,0
efc267ce59f6f18cffdfe6f736290857fdde1855,2011-10-14 02:20:23+00:00,1,0,8,36,0,0,0,0,0.0,0,0,0
29548bfab65be51d7a7589cd702adc6eb0961588,2011-10-14 02:20:43+00:00,1,0,15,20,0,0,0,0,0.0,0,0,0
9011852db06ae94e1c79900172a0000e846a44dd,2011-10-14 02:22:38+00:00,1,0,5,15,0,0,0,0,0.0,0,0,0
4f6fc985094f3a7435cc3a18078203ee4bc5ee5b,2011-10-14 02:23:04+00:00,0,378,252,28,0,0,0,0,0.0,0,0,0
435bd1242a618237e1c3150216e2cf50af586288,2011-10-14 02:30:19+00:00,1,5,0,23,0,0,0,0,0.0,0,0,0
f0cfba708b0de39c072c3a327d4674ce777a0f50,2011-10-14 02:34:01+00:00,1,1,2,28,0,0,0,0,0.0,0,0,0
1382d655ed916eb11d682c47449d451ce406ce47,2011-10-14 02:37:23+00:00,1,2,1,22,0,0,0,0,0.0,0,0,0
daf9b6055052d3dd812cc9a7669cffd242f56c08,2011-10-14 02:39:13+00:00,1,0,1,32,0,0,0,0,0.0,0,0,0
84e89429f0414fe0d6b9497b16833bc6bee48957,2011-10-14 22:24:42+00:00,1,3,1,25,0,9,9,38,0.9981399774551392,0,0,0
15755be3c77b8d17edc7ef5b36121d012aad5926,2011-10-15 13:52:45+00:00,2,4,3,37,0,0,0,0,0.0,0,0,0
e1dfb7c8839553abae206bb55dfdf22dd5225f2d,2011-10-15 13:55:00+00:00,1,1,0,7,0,0,0,0,0.0,0,0,0
d98de70f4acfa93bcec4ae77ee04c57b9945a3b4,2011-10-15 15:05:29+00:00,1,3,2,6,0,0,0,0,0.0,0,0,0
35bfa9e91d93c695f5cd421148a472e61da05a11,2011-10-15 15:55:57+00:00,1,23,46,16,0,66,66,275,0.9999179840087891,0,0,0
ff6dbc556b8b619da24c95696e731d067cfc7bc3,2011-10-15 15:56:20+00:00,0,26,47,43,0,0,0,0,0.0,0,0,0
d85c5356dc0cb0e288ff39c6802a1fcaaf7be635,2011-10-15 16:05:35+00:00,1,3,3,26,0,65,65,272,0.0,0,0,0
12d669781546a3874b608d80f6a885e3b56bdedd,2011-10-15 16:05:40+00:00,1,1,1,6,0,0,0,0,0.0,0,0,0
6e840f46e113099f1d9d64ad7418809d84955ab7,2011-10-15 16:16:24+00:00,1,1,1,11,0,0,0,0,0.0,0,0,0
12997080a8331f6b1e22aa91fad625a3be58b056,2011-10-15 16:30:49+00:00,1,11,8,27,0,65,65,275,0.9993882179260254,0,0,0
7a0f3638b5fc8e196cfeebc4e506ea627d992483,2011-10-15 16:32:42+00:00,1,4,2,18,0,65,65,277,0.9993882179260254,0,0,0
f0bcdd075e7c49b22a5729ba9e9b8c73bbcf7607,2011-10-15 16:33:14+00:00,1,1,0,8,0,0,0,0,0.0,0,0,0
60917e0b9ffce90967051fe34cfdecbe817f9665,2011-10-15 16:35:47+00:00,1,1,4,18,0,65,65,274,0.9999998807907104,0,0,0
a688f026dc9051a61f9ba6ffd6a9457640ce6374,2011-10-15 16:37:08+00:00,1,0,13,29,0,63,63,266,0.0,0,0,0
d0b9357f1bfe2eb4c0d7d0614ec948caeaa49fe1,2011-10-15 16:54:50+00:00,2,4,3,14,0,0,0,0,0.0,0,0,0
9b42c954c6f9d841e4be5dd99b1d135002f3ba01,2011-10-15 17:01:56+00:00,1,7,0,18,0,0,0,0,0.0,0,0,0
a4234e97bedff790617dd3f8921ef056d11e6993,2011-10-18 00:41:40+00:00,2,63,0,31,1,0,0,0,0.0,0,0,0
7481980c1a4a60d9a63278041aed895002af9f5d,2011-10-18 00:52:55+00:00,1,13,12,29,0,0,0,0,0.0,0,0,0
38bd23493609c4e1a33bbf8009d98265865e6ce0,2011-10-18 00:56:54+00:00,1,2,2,16,0,0,0,0,0.0,0,0,0
de4035fb96977344891217964cd898a2845cd3cd,2011-10-18 00:57:04+00:00,1,1,0,16,0,0,0,0,0.0,0,0,0
6bd8e9e73f1a651180a92725bcb95f8d3171ebdf,2011-10-18 00:58:52+00:00,1,1,1,2,0,0,0,0,0.0,0,0,0
ef1e27ea9f254edf6e6805745c77425a9a4362ab,2011-10-18 00:59:27+00:00,1,1,1,31,0,0,0,0,0.0,0,0,0
9645e882b2a581da0b14c8dad3f062e53b2df17e,2011-10-18 21:26:21+00:00,1,1,1,29,0,0,0,0,0.0,0,0,0
65a765fe882ab30f794be8108abf9defd05900c5,2011-10-19 05:09:55+00:00,1,65,16,51,1,23,23,62,1.0,0,0,0
ec94f5030c9087372ac31f240e25cf51bf420241,2011-10-19 05:10:06+00:00,1,7,2,40,0,63,63,269,0.9998752474784851,0,0,0
b37b977d205d8619b057d3e017083e42498692be,2011-10-19 05:30:45+00:00,2,6,6,6,0,0,0,13,0.0,0,0,0
82e8fdbb2962c53659a47735c9f66d2e2d3b1f95,2011-10-19 05:31:32+00:00,0,186,85,22,0,0,0,0,0.0,0,0,0
492133ba64660152d37418c2181747bfe81aa282,2011-10-19 05:36:38+00:00,1,2,0,23,0,0,0,0,0.0,0,0,0
8c74860fd1ae29c1ebc5896df9614076c34d1b6a,2011-10-19 07:32:53+00:00,1,4,2,38,0,24,24,64,0.999491274356842,0,0,0
7dc75ce3ce6c897edb3fd34d659615119818a078,2011-10-19 07:37:52+00:00,1,28,0,30,0,64,64,284,0.9998982548713684,0,0,0
d938f3208968949decbb0a21292deb1451c211d5,2011-10-19 07:39:36+00:00,2,9,3,6,0,0,0,13,0.0,0,0,0
23efd56b126b85eed98c6ca481e167e8e9612ebd,2011-10-19 07:40:39+00:00,0,43,5,22,0,0,0,0,0.0,0,0,0
e27241df7380d3123ed82fdd9917dba1c8b7549a,2011-10-19 14:41:33+00:00,1,1,0,21,0,0,0,0,0.0,0,0,0
055f7c1eb6172736e830120532934077ee87c102,2011-10-19 15:00:13+00:00,11,18,19,52,0,226,127,721,1.000000238418579,0,0,0
b7243684de579d1273e715325aefafbaae301a45,2011-10-19 15:04:04+00:00,0,18,19,70,0,0,0,0,0.0,0,0,0
c05202939910d6b58a680601f75656403700c4c5,2011-10-19 15:04:34+00:00,1,1,0,14,0,0,0,0,0.0,0,0,0
cfd38263d1a8b3c6754c261a93d842fd5090deb8,2011-10-19 19:54:22+00:00,2,11,9,54,0,14,14,69,0.0,0,0,0
5568f77ad5005ae623eba85567d12e01cd6f4500,2011-10-19 20:36:12+00:00,0,0,0,34,0,0,0,0,0.0,0,0,0
98c5ded4f3a40c41d56f3bd4af13b20cf949da01,2011-10-19 20:36:22+00:00,0,20,19,34,0,0,0,0,0.0,0,0,0
6dc664caaf507dccb2e499e4ab02a451ef7a148c,2011-10-19 20:47:46+00:00,2,29,33,84,0,0,0,16,0.0,0,0,0
0e9d7aad2706d12d9fa27d90dfbdfc58d2adbf1b,2011-10-19 20:50:20+00:00,1,7,4,22,0,0,0,16,0.0,0,0,0
ad6a8d53d6ceb22ceb20afb2458b7977e01a9ec6,2011-10-20 10:50:27+00:00,1,1,1,43,0,0,0,0,0.0,0,0,0
681956e0c45f297cb3759a374b949e7faafc68f9,2011-10-20 12:46:16+00:00,0,1,1,94,0,0,0,0,0.0,0,0,0
c5ed4c99538cb26e780735157a087b6f679e2ae8,2011-10-20 12:46:32+00:00,1,1,0,14,0,0,0,0,0.0,0,0,0
4f984b0fe66c0d47a9c34dbec1d035c1ac2ed897,2011-10-20 15:37:16+00:00,1,3,0,122,0,0,0,73,0.0,0,0,0
baa3f78430a2fc2c0712b91affe9bb0b74c493bd,2011-10-20 15:41:43+00:00,0,3,0,68,0,0,0,0,0.0,0,0,0
8d0e03ce419249e58fca1ffb4aa4da1a53b27203,2011-10-20 15:42:00+00:00,0,4,1,58,0,0,0,0,0.0,0,0,0
3b6904c5ef59167045c7a970aa9b0e95629f81cb,2011-10-20 15:42:09+00:00,0,1,0,34,0,0,0,0,0.0,0,0,0
194ff1ad891388794ce2e5af12c8d4e36df3cea0,2011-10-21 02:09:08+00:00,1,1,1,4,0,14,14,53,0.9997210502624512,0,0,0
348d2a2d51dd7b175f0c81fa408bd75f950092f9,2011-10-21 02:43:52+00:00,1,6,0,22,0,0,0,0,0.0,0,0,0
d63cd5f547963f428d88941b3b379cf450444ae0,2011-10-21 03:53:20+00:00,1,5,5,8,0,0,0,0,0.0,0,0,0
ba5eddcf5e7b7fb6efd8f0809f95fda4fe2b6ce0,2011-10-21 03:53:25+00:00,1,1,1,13,0,0,0,0,0.0,0,0,0
eddf5254fbafc03abf0a11ee818f4c070f0a8146,2011-10-21 06:55:03+00:00,1,4,3,55,0,0,0,0,0.0,0,0,0
41e60b8a00f37eeb138115aad676824009cc7882,2011-10-21 14:24:11+00:00,0,4,3,105,0,0,0,0,0.0,0,0,0
b19d8785a468c20a42fb58239be8c4d01b44d23c,2011-10-21 14:25:02+00:00,1,1,0,14,0,0,0,0,0.0,0,0,0
3a6d9b09dbb6cf7c279fd5f6ef9a51ebeeb905de,2011-10-22 16:26:39+00:00,1,6,6,17,0,64,64,283,0.9998983144760132,0,0,0
dbf70fc40fd0d05133bf93d0d43d1267650ccf78,2011-10-22 22:00:26+00:00,2,2,5,25,0,0,0,21,0.0,0,0,0
77909f1d4999dcc988acdae043da406031dd5903,2011-10-22 22:07:00+00:00,2,4,2,6,0,0,0,16,0.0,0,0,0
d552e6c8847fb1a32880f1a2912af9b472f0f40d,2011-10-22 22:07:14+00:00,1,2,2,19,0,64,64,284,0.9999997019767761,0,0,0
d72d1162142d1bf8b1b5711c664fbbd674f349d1,2011-10-22 22:10:18+00:00,2,92,103,31,1,35,28,117,0.9999866485595703,0,0,0
f269c6c89a1cf0b6368f58a6c2cc4d095d1f5239,2011-10-22 22:10:47+00:00,1,10,10,30,0,127,127,365,1.000000238418579,0,0,0
597ace5718eb116819966213e8772458a9141c29,2011-10-22 22:13:22+00:00,1,0,6,15,0,7,7,24,0.9999861121177673,0,0,0
2b3bd78685f9d30bf29e090b58f5aa1a3b799cdf,2011-10-22 22:15:28+00:00,1,56,0,26,1,33,33,99,0.9999837875366211,0,0,0
4d97cc75069e532395d748ca9ff9b3aa2a8c9cb8,2011-10-22 22:16:10+00:00,1,1,1,29,0,0,0,0,0.0,0,0,0
e418631ce81cd15d73ac7e76ce6737c20cfb75a2,2011-10-22 22:16:43+00:00,0,166,128,52,0,0,0,0,0.0,0,0,0
4ab0bfefd3d172f5d629935b50d5ccf911ff7b96,2011-10-22 22:17:04+00:00,0,5,3,34,0,0,0,0,0.0,0,0,0
98dc08236c51483130dfa59e1f74a01b31106a46,2011-10-22 22:18:39+00:00,1,1,1,14,0,33,33,99,0.9998525977134705,0,0,0
3d29f6535fb409e52369c8a6dfe8b76b5bb2bdc6,2011-10-22 23:27:08+00:00,1,0,4,28,0,33,33,99,0.0,0,0,0
e007a5a13f3234db499a83a10fa891125d77a3ff,2011-10-22 23:27:44+00:00,1,3,1,9,0,0,0,5,0.0,0,0,0
61be59d996eace1b958a189c98e0e3a4219aa1b0,2011-10-22 23:34:03+00:00,1,5,5,24,0,0,0,0,0.0,0,0,0
958c424c89079239401c1fe236464178f0038760,2011-10-22 23:39:23+00:00,1,4,4,26,0,64,64,284,1.0000003576278687,10,45,0
185450c5e116d3d614fe5ca717477d4251ca025e,2011-10-22 23:40:45+00:00,1,13,1,17,0,65,65,294,0.9987829923629761,10,45,0
ab3200b4cc1fd2bec915a47aafa48a9d1a4774ed,2011-10-22 23:41:39+00:00,1,0,0,23,0,0,0,0,0.0,0,0,0
4dc48b6521805515b9a3a7a06670d9f5984dd45c,2011-10-23 00:25:27+00:00,2,48,68,19,0,0,0,12,0.0,0,0,0
5c81fba1eba9187886bf98dbce395cd119f1ccfd,2011-10-23 00:26:12+00:00,1,34,17,29,1,33,33,114,1.0,0,0,0
903f96cc6a948cdb86a2d79c23f93d27a258c4ab,2011-10-23 00:28:06+00:00,1,46,22,28,1,127,127,385,1.0000004768371582,0,0,0
f9dfbb73ddbc6ce78cd6e57dd436158fc417d031,2011-10-23 00:28:19+00:00,1,14,3,28,0,7,7,35,0.9945371747016907,0,0,0
2f6cf50a6c6e655e8a87c8721fab2049a34d8e8e,2011-10-23 00:28:25+00:00,1,0,1,18,0,0,0,15,0.0,0,0,0
6be69e303b636b70a6d10233331eaada2417e2e7,2011-10-23 00:29:00+00:00,1,1,0,18,0,0,0,0,0.0,0,0,0
8c34fa84770c34586fd0d83c05eafe0de6a85682,2011-10-23 00:31:51+00:00,1,2,2,18,0,0,0,0,0.0,0,0,0
f0fe8b971b20434e7382a677074358c8754752b6,2011-10-23 00:32:11+00:00,0,145,113,42,0,0,0,0,0.0,0,0,0
0ee6c1fa681dec4c9353d6ea719ae021f47e1bf8,2011-10-23 00:55:46+00:00,2,2,15,23,0,126,126,395,1.000000238418579,0,0,0
97e3c840845bfe7a10eb3ad4d7431fa7cb8a473d,2011-10-23 00:57:39+00:00,1,3,8,22,0,125,125,381,0.9997265934944153,0,0,0
302c4d9c4131dd075382152c7d33cfb6275156a4,2011-10-23 01:01:45+00:00,1,11,11,46,0,124,124,378,0.9997086524963379,0,0,0
a74568d8d5bc3cc47679261467485f944833cb93,2011-10-23 01:10:24+00:00,1,8,5,30,0,124,124,379,0.9999741911888123,0,0,0
b66871e87174f3ff7801e6935c9fc761db975855,2011-10-23 01:30:47+00:00,2,4,4,6,0,0,0,15,0.0,0,0,0
1a4dfad52d4aa419e98d8b3d709704cecaf3f7ba,2011-10-23 01:33:00+00:00,1,1,1,29,0,0,0,12,0.0,0,0,0
5b5b3def0029a1eb3349f91402c58dc730804f33,2011-10-23 02:14:15+00:00,0,377,302,22,0,0,0,0,0.0,0,0,0
b8d4a5ea61de8b579aa3e3d8e37e43f3cc34b619,2011-10-23 14:04:46+00:00,1,7,0,12,0,0,0,0,0.0,0,0,0
340f7a0733b6b023c2bec18bb0f91e8f1052a84d,2011-10-23 14:56:04+00:00,1,29,0,37,0,2,2,7,1.000000238418579,0,0,0
94c587d642eb131660e738667dc3861fbd35314e,2011-10-23 15:00:21+00:00,1,15,160,35,0,80,80,279,1.000000238418579,0,0,0
d23c4b94c11eadfba7554fa7216f2a30b04396ca,2011-10-23 15:00:36+00:00,1,4,2,32,0,2,2,9,0.9992812871932983,0,0,0
0dae52220b274890af08ac040bd90747146c3d90,2011-10-23 15:14:59+00:00,1,2,2,33,0,2,2,9,0.9974517822265625,0,0,0
06a5aed8e2a539d780020fb893fdf5ef9192ae04,2011-10-23 15:15:11+00:00,1,5,2,34,0,65,65,297,0.9998728036880493,10,45,0
495c3d500640ce39d53292fd9846a2354d203675,2011-10-23 15:15:42+00:00,1,11,2,47,0,82,82,286,1.000000238418579,0,0,0
4892a305d9cd658287b3320d18c60886b14b5b48,2011-10-23 15:33:03+00:00,1,29,1,38,0,8,8,23,1.000000238418579,1,0,0
20e0ee4968298815ed8a3cd7de01a17e8451cd6c,2011-10-23 15:35:01+00:00,1,3,56,27,0,79,79,268,1.000000238418579,0,0,0
af6aa3e5729aa4e99716546915957ecf70bb894d,2011-10-23 16:26:41+00:00,2,0,18,32,0,42,33,144,1.0,0,0,0
12db1576e9d0ed897f799a8f382ee92db891988d,2011-10-23 16:26:46+00:00,1,2,2,14,0,8,8,23,0.9999105334281921,1,0,0
b7c788cc56b6f2f1113555074fad848afa9caf0f,2011-10-23 18:44:00+00:00,1,10,10,23,0,9,9,34,0.9999532103538513,0,0,0
60b37e54b56ae9b1f3457bfda6178c001cdddcc4,2011-10-23 18:44:20+00:00,1,93,1,51,0,19,19,86,1.0000003576278687,0,0,0
4916b1c2cee365bb4975645defe3ed115b161b30,2011-10-23 18:44:26+00:00,1,1,1,4,0,0,0,12,0.0,0,0,0
491a3c075d341a048c50b4a989b87da0c2a75992,2011-10-23 18:46:35+00:00,1,12,0,35,0,79,79,274,1.000000238418579,0,0,0
53c7b777355a42eaef1df0c88916d413d3e996ec,2011-10-23 18:46:44+00:00,1,19,1,27,0,67,67,308,0.9998728036880493,10,47,0
9966017a4976339c76b834eab8a10b4dfba474f1,2011-10-23 18:46:58+00:00,1,109,0,31,0,54,54,155,0.9999372959136963,1,0,0
68b48309480db3a95372967fe9c005d612c91ea0,2011-10-23 18:47:15+00:00,1,4,0,32,1,33,33,111,1.0,0,0,0
b88fbb5e0c1a95987612e891c60c3b14418fd077,2011-10-23 18:49:59+00:00,2,6,117,22,0,83,79,289,0.9999998211860657,0,0,0
82cbae479c248d565e86d6664a0cb89d39dece6b,2011-10-23 18:51:22+00:00,1,3,2,16,0,0,0,0,0.0,0,0,0
e46251b727479f8c477424afaddc80d2eb388e67,2011-10-23 18:52:20+00:00,1,2,2,13,0,0,0,0,0.0,0,0,0
8f8dbec0d5a48ab39350a37b2c558ed95a4c8252,2011-10-23 18:59:46+00:00,1,29,0,26,0,0,0,0,0.0,0,0,0
58b1c69b6a40749f7dcc03f6489e5486e50f7ea2,2011-10-23 19:13:34+00:00,2,34,1,28,0,33,33,111,1.0,0,0,0
4fb72a2e68c1f122f7836af0905583d00d377e31,2011-10-23 19:18:09+00:00,0,394,345,42,0,0,0,0,0.0,0,0,0
02cf3dce3786becb89f631185e8207080b0b726c,2011-10-23 19:18:27+00:00,1,2,2,6,0,0,0,15,0.0,0,0,0
6b9cb059f6c8b83e4f756aac69bea8693e4a2708,2011-10-23 19:21:42+00:00,0,396,347,22,0,0,0,0,0.0,0,0,0
f1bb25b1ec1b62bfd0b4f2b47eb551a6a6277b51,2011-10-23 19:39:33+00:00,1,1,1,6,0,7,7,35,0.9997210502624512,0,0,0
e15834da8eb69e57a024ba205c5483e53ce39d16,2011-10-23 19:40:10+00:00,2,8,2,6,0,0,0,15,0.0,0,0,0
84a2b35b71d3825f387e76c28f5ba25813ff49e2,2011-10-23 20:03:06+00:00,2,10,14,14,0,33,33,111,0.0,0,0,0
e257151ffc0265abdb14907c3a23d38546936a89,2011-10-23 20:10:24+00:00,0,10,14,34,0,0,0,0,0.0,0,0,0
95336a0542291bff3fc64c25c91dfc53359052c1,2011-10-23 20:15:06+00:00,0,1427,919,43,0,0,0,0,0.0,0,0,0
7c271a466fe557f7c883f6105728f73f29cdb293,2011-10-23 20:18:52+00:00,10,1370,0,14,1,141,54,603,1.0000007152557373,1,0,0
e7a7615e0d7d871723cdf602cb9432c01d01a376,2011-10-23 20:31:41+00:00,0,0,0,58,0,0,0,0,0.0,0,0,0
dac050bf403749524e025b1cae697a61dc592217,2011-10-23 20:36:53+00:00,1,12,1,28,0,85,85,278,0.9999271631240845,0,0,0
be69529dca2a877b87e1728858eb013d2e76a29c,2011-10-23 20:53:21+00:00,1,0,6,22,0,19,19,83,1.0000003576278687,1,0,3
0008b035e2204ea7d1df5d62bd009e51df44aa17,2011-10-23 20:56:47+00:00,2,8,2,6,0,0,0,15,0.0,0,0,0
c60618ae011f9386132395f1b67f80e5a3bf559c,2011-10-23 20:57:28+00:00,0,15,9,22,0,0,0,0,0.0,0,0,0
c108c5300fa1fb130d6121e5550a04b989e03fed,2011-10-23 21:18:39+00:00,3,11,7,16,0,112,79,403,1.0,0,0,0
28a9534383ed57c799a58ba57e53e0988ac385aa,2011-10-23 22:15:02+00:00,1,2,1,35,0,0,0,14,0.0,0,0,0
50c39fd95ada7242fc6bb0cbfd68be1e4a32ac3b,2011-10-23 22:15:13+00:00,1,8,1,23,1,33,33,117,1.0,0,0,0
3d3f05884f65efaa74e44e469a74873699df271e,2011-10-23 22:15:21+00:00,1,104,85,14,1,71,71,259,1.000000238418579,0,0,0
a9822b0bb6917cbc04d7c3d3d7f287b5961283eb,2011-10-23 22:24:14+00:00,1,10,0,19,1,72,72,266,0.9999997615814209,0,0,0
a548b6249dda248a45f54ce5bf513f9c621d60c3,2011-10-23 22:27:54+00:00,3,7,7,9,0,72,72,286,0.9999997615814209,0,0,0
4673d3dfa7c9f97a2b0950066ec53623fd0d0a41,2011-10-23 22:28:32+00:00,1,2,2,6,0,0,0,15,0.0,0,0,0
d04f31b302cef097e061bcdf6e1a45d522c72abc,2011-10-23 22:33:27+00:00,1,14,5,9,0,75,75,273,1.0000001192092896,0,0,0
428fc9c0bd889eb673fcfe0803e7eab0e3712ea6,2011-10-24 05:46:05+00:00,2,56,73,18,1,140,76,567,1.0000003576278687,0,0,0
8b9f689ecce7b8968feee014021299360a8b16df,2011-10-24 14:09:36+00:00,0,23,12,97,0,0,0,0,0.0,0,0,0
077758f71337e670b7341f861021a69768aec814,2011-10-25 00:54:05+00:00,0,3,1,72,0,0,0,0,0.0,0,0,0
6ef5094be6f36f7c76fa9df211e0bf737ed5b359,2011-10-25 00:55:01+00:00,0,3,1,58,0,0,0,0,0.0,0,0,0
73ed950e70cdf27c6455845c2ae14de0b0ab0af3,2011-10-25 00:55:35+00:00,2,5,3,8,0,9,9,35,0.9993115663528442,0,0,0
a957bcfd7b664852d5e1c9b673357602d799d446,2011-10-25 00:55:45+00:00,0,6,2,43,0,0,0,0,0.0,0,0,0
6140fac6aae936fb0ce067c5b278be54e27cf1f3,2011-10-25 20:10:49+00:00,1,1,0,32,0,0,0,13,0.0,0,0,0
6ac1e0269134694fde1236f277760f9b23f633af,2011-10-26 22:35:01+00:00,1,2,1,14,0,33,33,115,1.0,0,0,0
3a4f6ba8b3429b233dada1dddb2fe859119ba494,2011-10-26 22:36:14+00:00,1,2,2,6,0,0,0,15,0.0,0,0,0
8836c4b12acc9cc1d86f13f7870ab4337506da33,2011-10-26 22:38:32+00:00,1,5,0,7,0,0,0,0,0.0,0,0,0
33260308629969bd34c434e402b85338dc7aab89,2011-10-26 22:38:50+00:00,0,27,12,22,0,0,0,0,0.0,0,0,0
e43b438729b31a1295b372d8668c4f2b3132f016,2011-10-26 22:42:58+00:00,1,2,1,8,0,67,67,309,0.9999122023582458,10,47,0
5b54b3e53f601cf7b56efc7df5980a6c19bb7604,2011-10-27 04:57:03+00:00,0,11,3,77,0,0,0,0,0.0,0,0,0
b8c55da48d780c3688a5df724d87b8daa739b3f8,2011-10-27 05:08:51+00:00,3,17,21,26,0,173,76,691,1.0,0,0,0
3615cbc9df85a7fe374c1a7e3fe2c64ad91fe0ea,2011-11-01 01:24:59+00:00,1,5,0,42,0,0,0,0,0.0,0,0,0
797301a63b49c557ffb585f6731a26381354dea9,2011-11-01 01:26:52+00:00,0,5,0,96,0,0,0,0,0.0,0,0,0
4fcf14e1240ba5e9e183fc1d785b7c5594857d5d,2011-11-01 01:50:57+00:00,2,47,0,35,0,0,0,0,0.0,0,0,0
4596c023395cf517b79233626d263b74eb235bf9,2011-11-01 01:53:07+00:00,0,47,0,68,0,0,0,0,0.0,0,0,0
e32840f6319eb1879a4828dc410b50352877fb64,2011-11-03 00:39:06+00:00,1,17,0,16,0,7,7,35,0.9998677372932434,0,0,0
f5592ceb4879f36cc55f48b3411e35ece520125b,2011-11-03 00:39:15+00:00,0,52,0,58,0,0,0,0,0.0,0,0,0
eaf1264879d8aebfc160a385889e9e0483810456,2011-11-03 06:29:31+00:00,1,1,0,38,0,79,79,274,1.0,0,0,0
3efd5dbab42fb6fe7d4825bbd575d989574c1505,2011-11-03 15:05:55+00:00,1,2,2,50,0,79,79,274,1.0000004768371582,0,0,0
80c55f576723d3feed5c8032620dccd2b5bc4d77,2011-11-03 22:03:11+00:00,1,1,0,14,0,0,0,0,0.0,0,0,0
8fe6f8c6189e2ace5e2bd09eb2d0f098285cb889,2011-11-04 14:49:29+00:00,1,1,1,31,0,0,0,0,0.0,0,0,0
32c7cbf1ad4d30f74f184c0bfe052add71ce973d,2011-11-04 14:51:07+00:00,0,1,1,80,0,0,0,0,0.0,0,0,0
23b0535a0dd5a80f4fd5cde314e2bf287905c33e,2011-11-04 14:51:38+00:00,1,2,1,14,0,0,0,0,0.0,0,0,0
f9bcf7c611781f3ec9237f1872b5ab1be0f8fb71,2011-11-05 01:59:12+00:00,1,2,1,6,0,0,0,0,0.0,0,0,0
d343fda7f099b8a76a440999e79e3c53229f44aa,2011-11-05 01:59:16+00:00,0,4,2,58,0,0,0,0,0.0,0,0,0
a02189a8e93d814faa03fafd4127e928369b76b3,2011-11-05 02:14:12+00:00,1,8,3,23,0,0,0,0,0.0,0,0,0
b3e2410f4430c1933caaee018c288332fdd1082b,2011-11-05 02:15:54+00:00,1,4,5,17,0,0,0,0,0.0,0,0,0
628325ae90352e09fa5ccee29211ddeb2955d199,2011-11-05 02:58:43+00:00,3,13,37,25,0,0,0,0,0.0,0,0,0
4cae63a2976a247977a983d584efc558ecb3cd2c,2011-11-05 03:00:38+00:00,1,0,1,15,0,0,0,0,0.0,0,0,0
f7968b6797a50716a2f177ad23439a3c6bb9f683,2011-11-05 03:24:38+00:00,2,10,1,62,1,148,80,588,0.9997219443321228,11,48,0
2bae57e0a6c764b1b28b3bbb1b3b0cd1cc9b4f14,2011-11-05 03:26:31+00:00,2,7,2,6,1,0,0,15,0.0,0,0,0
72c8163aee29320a1d3ffd3818b7ee0c10f0d724,2011-11-05 03:27:50+00:00,1,2,1,12,0,0,0,0,0.0,0,0,0
bd562a7ab395191cd3f9d9aecf127af947b90e78,2011-11-05 03:28:21+00:00,0,2,1,79,0,0,0,0,0.0,0,0,0
cf36d8c7538b2b04adbfea933398f890cd9a85d9,2011-11-05 03:32:15+00:00,1,1,0,8,0,0,0,0,0.0,0,0,0
d0b96f8e3be4296abe29e72b6438a375d92e3cca,2011-11-05 03:33:12+00:00,0,80,11,22,0,0,0,0,0.0,0,0,0
33ee7320822fae90e6a90c2c7241bd6412b68f66,2011-11-05 03:57:43+00:00,1,4,2,36,0,0,0,0,0.0,0,0,0
04cdd0f2e70f8e9254ec306ed6d34fe55f7f382f,2011-11-06 18:24:23+00:00,1,1,0,6,0,0,0,0,0.0,0,0,0
7ce305fa8927f22501b061261c0ce57775ed9006,2011-11-06 18:25:34+00:00,1,1,0,11,0,0,0,0,0.0,0,0,0
6fefffd03ed2a8ebfa882fff48fda41f29251d1f,2011-11-06 21:02:14+00:00,1,10,3,7,0,10,10,41,0.9998255968093872,0,0,0
daa4fbf4e2111c0c7c7c4a7deb9130f81ec1d326,2011-11-07 03:57:47+00:00,1,1,1,61,0,0,0,0,0.0,0,0,0
12ada0354862704281a6b39019cdfba58b914c7a,2011-11-07 03:58:34+00:00,0,1,1,108,0,0,0,0,0.0,0,0,0
9c3ca6e740e3f93da9ddccb20d81210772c4e07c,2011-11-07 15:42:10+00:00,1,1,1,19,0,0,0,0,0.0,0,0,0
12fa108edeeb876d6a5f2a407ebe64dd7ae8339e,2011-11-07 19:18:05+00:00,1,2,1,29,0,19,19,84,1.0000003576278687,1,0,3
1a85e110b8c2084807bc3fffdca5fc03013afd80,2011-11-07 19:18:20+00:00,0,2,2,71,0,0,0,0,0.0,0,0,0
8c90c610cd15f91ed0cd1738aa73f088496b6af9,2011-11-07 19:20:32+00:00,2,7,2,18,0,0,0,15,0.0,0,0,0
72943d024769f11f120a2776a35b3587c21113ac,2011-11-07 19:21:31+00:00,0,17,7,22,0,0,0,0,0.0,0,0,0
73ba48be2e51e2dea2f4e6c924495796c112a9a3,2011-11-07 23:31:18+00:00,5,29,5,33,1,51,34,207,0.9999999403953552,0,0,0
8de59f03a09be6567ee7a877ce9bbbabbe0b9a50,2011-11-08 07:37:39+00:00,1,24,2,61,0,0,0,0,0.0,0,0,0
827b2340a242c0882df2173744a8951f7ca88b14,2011-11-08 08:23:32+00:00,1,1,1,54,0,0,0,0,0.0,0,0,0
1031ec494212076a5e1b9d5398a95c96cb7c561e,2011-11-08 18:10:06+00:00,1,4,7,36,0,0,0,0,0.0,0,0,0
f5bbb9714d66103280d0ca10742877f4522787ff,2011-11-09 15:24:41+00:00,1,4,1,45,0,68,68,312,0.9965296983718872,11,48,0
498b446f141675026ae7364b922f03cde1de728c,2011-11-09 22:57:00+00:00,1,0,2,14,0,76,76,271,1.0000001192092896,0,0,0
358478eb8881e3ebdef6afae09ee8ba934f66ee9,2011-11-09 22:57:38+00:00,1,8,0,19,0,33,33,120,1.0,0,0,0
e6490039749ae6b1a3305a9bab2b826979b5fb56,2011-11-09 23:02:53+00:00,1,24,1,17,0,66,66,314,0.9999998807907104,0,0,0
f9141f51ec937da874aa6799393acb78a0247675,2011-11-09 23:04:13+00:00,1,6,0,42,0,66,66,317,0.9993450045585632,0,0,0
c48f0d990fe44d4fd2a3645d9a491882b375bc96,2011-11-09 23:13:38+00:00,0,94,12,95,0,0,0,0,0.0,0,0,0
6a51f6b2f8af5b3e68a9b3f2edfd4c673dadc3b1,2011-11-09 23:30:33+00:00,2,23,48,31,1,79,79,299,1.0000001192092896,0,0,0
1d2abea94b2323352e18648154a163c96136b689,2011-11-09 23:30:47+00:00,1,2,2,35,0,0,0,6,0.0,0,0,0
5b73f2ea6100277f6400f399f585117b47068b4a,2011-11-09 23:43:54+00:00,1,1,0,5,0,33,33,120,0.9998214244842529,0,0,0
0f2dcff72573c80fbabb022ba2f1421901269f3a,2011-11-09 23:44:14+00:00,1,20,24,29,0,66,66,313,0.9999585747718811,16,46,0
35ed9b5f38ea9fa210658d555dbb8e1a71fb66d8,2011-11-09 23:44:55+00:00,1,25,23,13,1,84,84,285,1.0000001192092896,0,0,0
99f0ef47668b7a8a62f1b64d064c89a149cf105f,2011-11-09 23:46:01+00:00,1,1,0,32,0,0,0,17,0.0,0,0,0
147c24154e4315750f7513ca387f4b843bcc85d2,2011-11-09 23:46:45+00:00,1,2,1,28,0,85,85,286,1.0,0,0,0
7192b8022e6273c60de2b94d6e03015eaefd5c75,2011-11-09 23:46:55+00:00,2,3,3,22,0,85,85,301,1.0,0,0,0
0c4b973dcf74a3c2fe0c3123e7d4637d8ccea481,2011-11-09 23:53:45+00:00,3,11,6,31,0,152,86,623,1.0000001192092896,16,46,0
52a95cb93ab8b6c2c32398bd440fd9434232a13a,2011-11-10 00:24:48+00:00,1,22,5,37,0,87,87,300,1.0000001192092896,0,0,0
7a1a40e4455c3ee07bc0860b5e11a43ee2ec7c6e,2011-11-10 00:25:20+00:00,2,14,16,26,0,152,87,618,1.0000001192092896,18,46,0
2131ba4dda0197b5795096b703fee3d0980b9c42,2011-11-10 00:26:36+00:00,1,0,2,6,0,87,87,300,1.0000001192092896,0,0,0
92a8db6da0fc91b09fd7ff4068dad951aa0a0c8c,2011-11-10 00:52:10+00:00,1,2,3,17,0,0,0,0,0.0,0,0,0
4e8b68086559703e2266475cbdaee847039a3a1b,2011-11-10 00:52:20+00:00,1,28,3,31,0,0,0,0,0.0,0,0,0
e725f30625563e32a1a8f31438d2820baaa83c28,2011-11-10 00:52:27+00:00,1,19,2,17,0,0,0,16,0.0,0,0,0
53bf544050c790c43166fe8ff02d10c6c8983323,2011-11-10 01:15:44+00:00,1,53,18,15,0,0,0,0,0.0,0,0,0
17088763e7ec86fc8e378e23a386199281c31e47,2011-11-10 01:15:54+00:00,1,8,2,27,0,0,0,0,0.0,0,0,0
ce42b338f4a1ddcb52c7b7624a43163ebe9d527a,2011-11-10 01:16:03+00:00,1,12,28,14,0,0,0,16,0.0,0,0,0
a0c3570640e6132f845d9012dc2b8ca63d546ac1,2011-11-10 01:26:13+00:00,1,2,0,34,0,0,0,0,0.0,0,0,0
5bc919a24f1a28bb0e47725977a6f5cf690a8d30,2011-11-10 01:26:23+00:00,1,3,6,33,0,0,0,0,0.0,0,0,0
341ac9fe8a9112ba8d263528e0dc26c84263f908,2011-11-10 01:26:32+00:00,1,1,1,9,0,0,0,0,0.0,0,0,0
02ea563a063f11c7c0bff1545ecb42402566081d,2011-11-10 01:30:03+00:00,1,91,1,24,0,0,0,0,0.0,0,0,0
f7257eada6ed60e5a09eb09487f3a71ee982f015,2011-11-10 01:30:20+00:00,1,1,1,15,0,0,0,15,0.0,0,0,0
4002efb56a0aca6c6a0281fba69bf45faaed4e88,2011-11-10 01:34:21+00:00,1,11,0,7,0,0,0,0,0.0,0,0,0
dfbfb2303fbc19c07a4a0141af1d70857ef0d44f,2011-11-10 01:34:59+00:00,1,2,0,3,0,0,0,0,0.0,0,0,0
bd45bc716ac7cb7d7c0be369c655976d11d46cf0,2011-11-10 01:46:19+00:00,1,12,6,38,0,88,88,305,0.9999998211860657,0,0,0
0c4342a3a67834ce99ad73a7f3a6a0fe1780b19b,2011-11-10 01:47:04+00:00,2,6,3,26,0,40,33,157,0.999999463558197,0,0,0
87239802c143b2aeb935d738f6b3e2a1ad856be7,2011-11-10 01:50:36+00:00,1,2,2,14,0,88,88,305,0.9999998211860657,0,0,0
0b424e1637ea552b4b653795838c5f747aa989f5,2011-11-10 01:52:20+00:00,1,1,0,26,0,0,0,0,0.0,0,0,0
2999c71e468a589595c4dfd01f8167f544dbe111,2011-11-10 01:54:13+00:00,1,1,0,20,0,9,9,36,0.9993115663528442,0,0,0
d1b6db05a4aa48e10f08015889da0dfb20f4dc4c,2011-11-10 01:56:29+00:00,1,4,0,39,1,89,89,307,0.9999998211860657,0,0,0
b17ec8e1df8257c2756a779c27ccc5cc43b38a24,2011-11-10 03:09:11+00:00,1,1,1,4,0,0,0,0,0.0,0,0,0
fad1c665a640701c588924f8c9606f69b0662322,2011-11-10 05:36:34+00:00,2,2,7,25,0,0,0,0,0.0,0,0,0
3d6937af7d6ede6f495f4211cce0dfbb6de118a5,2011-11-10 05:59:19+00:00,0,19,0,75,0,0,0,0,0.0,0,0,0
f4296ba758e9bfd598966c7f2ec988ec305c9ebe,2011-11-10 06:01:24+00:00,1,2,1,17,0,0,0,0,0.0,0,0,0
220f687e6fd2a789fb07fc3671da587846e97b25,2011-11-10 06:15:54+00:00,0,29,5,118,0,0,0,0,0.0,0,0,0
ae9cdf1a478bebc1a5e0afc49ebb81d2ca3aa544,2011-11-10 06:18:35+00:00,1,1,0,15,0,0,0,0,0.0,0,0,0
1588ad7c469b61cbfc8185e3d7326dff79afa81e,2011-11-10 06:44:58+00:00,3,0,647,13,0,0,0,0,0.0,0,0,0
a348fd7ae3c6349b726410a75e0c551dadf4c1c9,2011-11-10 23:14:38+00:00,1,1,1,63,0,0,0,0,0.0,0,0,0
2d8440ea98301131edd537c4f2010b749f005e3b,2011-11-10 23:34:18+00:00,1,2,2,37,0,0,0,0,0.0,0,0,0
81817852adcbdfb3676e41542e8d8136f2459e51,2011-11-11 22:56:17+00:00,0,2,2,85,0,0,0,0,0.0,0,0,0
afc6561fdbb0a9ca909dad72d6672c7525788f77,2011-11-12 04:17:22+00:00,1,1,1,26,0,0,0,0,0.0,0,0,0
6833b326f801272afc50d2a816147021c4c62057,2011-11-12 05:15:19+00:00,1,1,1,22,0,0,0,0,0.0,0,0,0
82f2ad6f9983766c998569c4fe3a27756ab5b21a,2011-11-12 05:17:21+00:00,0,2,2,83,0,0,0,0,0.0,0,0,0
d9798f4a3c9d21b074e4ccd3cde31217b9b6afdc,2011-11-12 15:19:11+00:00,0,1,1,111,0,0,0,0,0.0,0,0,0
30ed6643d71e8adbe5b5553de5c0f14e77bb0705,2011-11-12 15:28:26+00:00,0,5,5,58,0,0,0,0,0.0,0,0,0
ff0f9613f27bbd3d2cb1b310a2d89a51106bc576,2011-11-12 15:29:03+00:00,0,10,3,56,0,0,0,0,0.0,0,0,0
f5f2ddfa747be428a66139644266e1cb7dcc3ae5,2011-11-12 15:35:41+00:00,1,1,0,10,0,0,0,0,0.0,0,0,0
69e7e94c4ce349b243d8dde82a69166d8792ab81,2011-11-12 15:35:55+00:00,11,31,17,15,0,32,22,150,1.0,0,0,0
cdd0613aecba646f431b1a4e9164aa7b9d8e24be,2011-11-12 15:45:34+00:00,1,1,0,14,0,0,0,0,0.0,0,0,0
50279dd83c378e2de73695db9ebe06a2ba079a1f,2011-11-12 18:00:30+00:00,1,0,1,28,0,0,0,15,0.0,0,0,0
7c206c74ba270bdfa2e748c33e4c6c89deea517b,2011-11-12 18:01:05+00:00,1,9,1,20,0,91,91,313,0.9999998211860657,0,0,0
b7bb1c7b6121a2faa31cc9295933c5500779e155,2011-11-12 18:01:42+00:00,0,1,0,58,0,0,0,0,0.0,0,0,0
52b9f01e6eec430177ea160fa068dfb0a6f215be,2011-11-12 19:30:24+00:00,2,0,92,19,0,0,0,0,0.0,0,0,0
60558fdcc454baeb864868c01c5c43b2d1b774f1,2011-11-12 20:39:31+00:00,1,72,16,23,0,0,0,0,0.0,0,0,0
df2c80e28eb2ed0dbc1a9f86ae65fb5e756936ce,2011-11-12 20:45:35+00:00,1,2,2,19,0,65,65,318,0.9999801516532898,18,46,0
02408973c6da4bd89401d2a1994b4ea26dc260c9,2011-11-12 20:47:04+00:00,2,13,11,49,0,38,38,140,0.999999463558197,0,0,0
58e3dd9de85c98214b8838e133881fc263e5a3ac,2011-11-12 20:47:21+00:00,1,1,1,15,0,54,54,209,0.9999998807907104,1,0,0
c0d8e8e8467a337f7ad0a10206b64087d8eef14a,2011-11-12 20:48:28+00:00,1,9,3,14,1,92,92,316,1.0,0,0,0
c05c64d21bd5144079b8dcfc85cf6ae5de115058,2011-11-12 20:48:45+00:00,1,3,3,15,0,8,8,39,0.9997237324714661,0,0,0
f1e8700e9a6bdb8aaa3e4f86414b7ceeb729063c,2011-11-12 20:51:30+00:00,2,7,7,12,0,46,38,164,0.999999463558197,0,0,0
474e17b0af27b397e6abcb7eca3353775993426c,2011-11-12 20:53:23+00:00,2,0,3,20,0,18,10,80,0.0,0,0,0
6a23625c1150cfc46c1a73d9c2472a2d2aa3fc60,2011-11-12 20:57:22+00:00,2,5,2,54,0,130,92,444,1.0000001192092896,0,0,0
3fccf63f491b53a443b6fb187da5db48ec33203d,2011-11-12 20:58:46+00:00,1,3,1,6,0,38,38,126,0.999999463558197,0,0,0
40c54800a60f1c7e47f3de3e4a8482734bda1bdf,2011-11-12 21:01:42+00:00,1,19,2,12,0,0,0,0,0.0,0,0,0
58c77bac27ce853d4b60a067d11a8b85dbc251b3,2011-11-12 21:03:29+00:00,1,2,4,13,0,0,0,0,0.0,0,0,0
7ee2b7912707796e0abf0cd3201434198c800642,2011-11-12 21:08:17+00:00,1,5,0,30,0,0,0,19,0.0,0,0,0
6730818ddcfc5edcdf6aaebb17ca689f3ea39db6,2011-11-12 21:14:42+00:00,1,15,3,8,0,8,8,50,0.9998846650123596,0,0,0
cfc1a76381ac3b728456f0d02a81acf38cfca4db,2011-11-12 21:14:51+00:00,1,0,5,13,0,0,0,15,0.0,0,0,0
e84d84b5b8660efa66feb66564683628944505bb,2011-11-12 21:39:18+00:00,1,3,1,32,0,22,22,76,0.0,0,0,0
ec926a49580619a03c36f58f02df0874fbf9303b,2011-11-12 21:46:48+00:00,3,2,3,8,0,120,65,479,0.9999801516532898,18,46,0
0a4b7356ac039ffc0eed3086ced33d5f6b54dbba,2011-11-12 21:47:14+00:00,1,991,0,25,0,292,292,664,1.0000001192092896,1,0,0
2584c48e8d744148e96a4ed5d8feda824887398d,2011-11-12 21:47:40+00:00,1,6,5,24,1,93,93,319,1.0,0,0,0
3462d9c87b92bd6813006ee8eb31d7b8f7b4335e,2011-11-12 21:49:08+00:00,1,4,1,31,0,22,22,79,0.0,0,0,0
0a24de2ef9f334ed86512434bd86d4e886e82f97,2011-11-12 23:23:19+00:00,1,21,0,48,0,0,0,0,0.0,0,0,0
30377ca91211725aacf41905c5998cd4ed36a900,2011-11-12 23:23:26+00:00,1,37,0,16,0,0,0,0,0.0,0,0,0
4ab76943efb509032fb7d599c47b60cd6f8a6a1f,2011-11-12 23:34:27+00:00,1,32,0,17,0,0,0,0,0.0,0,0,0
37bbdbe8c3d041e5bb66396f735266c4dfeb5652,2011-11-12 23:34:33+00:00,1,1,1,19,0,0,0,43,0.0,4,0,0
14a798882c75323848c342f0aa53dc7d8c8751aa,2011-11-12 23:34:40+00:00,1,1,1,5,0,0,0,0,0.0,0,0,0
b40128219fea6c2ef4930d42a6036483d3af3c50,2011-11-12 23:35:39+00:00,0,3162,1023,22,0,0,0,0,0.0,0,0,0
e8668fb5129c27f38d2bc4917e7f9abfe946f9ff,2011-11-13 02:16:20+00:00,1,6,0,63,0,0,0,0,0.0,0,0,0
06b9d154cc7fcaf7a1bb3ba208682d1a57183b66,2011-11-13 03:52:05+00:00,0,6,0,108,0,0,0,0,0.0,0,0,0
0086f97b6553ac323565e8653eae678e380219ae,2011-11-13 05:36:22+00:00,2,9,2,28,1,152,94,478,1.0,1,0,0
3458e6a905b543f499aea95e463bb653114ffb1c,2011-11-13 05:38:08+00:00,11,15,1014,16,0,75,54,283,0.9999999403953552,1,0,0
bcc48a9607daf87a90bc2a70d9bfaac79b56d80c,2011-11-13 05:43:14+00:00,1,0,3,10,0,94,94,319,0.0,0,0,0
9aa62d5622fd69bc77bad3ea24ed8379eb158de8,2011-11-13 05:48:54+00:00,1,2,1,4,0,0,0,0,0.0,0,0,0
6e9cb09fffd87a1d9fb3a6ee7bc485589986ea08,2011-11-13 05:51:40+00:00,0,2175,1024,22,0,0,0,0,0.0,0,0,0
8f20058d0d46d2c37bca48d2697157a81f946828,2011-11-13 05:51:50+00:00,0,0,0,57,0,0,0,0,0.0,0,0,0
9f6246a7b84a7889864b1b1be3545bc8801bf7df,2011-11-13 05:59:22+00:00,1,1,1,1,0,0,0,0,0.0,0,0,0
3d49eb40f80325c5a9a720797661287ab309a7b8,2011-11-13 06:17:27+00:00,1,8,6,2,0,0,0,0,0.0,0,0,0
45c9ecc82ad4ed99166b4aa6279cd52d80045333,2011-11-13 06:21:30+00:00,1,1,1,28,0,0,0,0,0.0,0,0,0
e91fe9b2b8911bd0ca75ef64966c02292b5021eb,2011-11-13 06:21:58+00:00,1,0,2,10,0,0,0,0,0.0,0,0,0
6b377cc919e8c079e5c4f2c752ccce3c2acc4e64,2011-11-13 06:24:29+00:00,1,1,1,19,0,0,0,0,0.0,0,0,0
d3cbf37352ec8462d07f27fbc0866cbf219dff1a,2011-11-14 06:49:11+00:00,1,0,3,35,0,0,0,0,0.0,0,0,0
588b6bbf8a3b03b4b12fe8e6a36ca923eb705c23,2011-11-14 07:09:12+00:00,1,5,0,40,0,0,0,0,0.0,0,0,0
a64a62088ad2598fd2c69b46216cf05cba381228,2011-11-14 08:44:43+00:00,1,3,3,46,0,0,0,0,0.0,0,0,0
f0edd4a3e0207d0ce447c9f09fc7e46d5cab118b,2011-11-14 09:04:07+00:00,1,1,0,57,0,94,94,320,1.0000001192092896,0,0,0
8a1b0e1852014dd7a45913d2adead0375950cbe8,2011-11-14 21:42:18+00:00,0,1,0,104,0,0,0,0,0.0,0,0,0
289e813ab6b7a84b053be01698752093754efe2e,2011-11-14 21:42:24+00:00,0,3,3,96,0,0,0,0,0.0,0,0,0
fc0565fa5d732e00c28bd232ef8f534e24329cec,2011-11-14 21:43:01+00:00,0,5,3,62,0,0,0,0,0.0,0,0,0
35b0c5e16ea01a077357057fdd1b60fcfd64a73f,2011-11-15 02:59:39+00:00,1,1,1,11,0,94,94,320,1.0,0,0,0
bec201c5ca9490d8d21af25021524943b4e4034f,2011-11-15 03:04:02+00:00,0,1,1,56,0,0,0,0,0.0,0,0,0
7c66e6f267016b84f9cbf55ebf10ee0219ea5562,2011-11-15 07:53:38+00:00,1,2,1,38,0,94,94,321,1.0000001192092896,0,0,0
2ccc68c4b48bc6266a4ab04a68235cea7bb87cda,2011-11-15 13:58:10+00:00,0,2,1,83,0,0,0,0,0.0,0,0,0
4504953212816c4de0cd8177faf1270e42cb31f9,2011-11-15 14:52:27+00:00,1,37,12,42,1,98,98,337,1.000000238418579,0,0,0
b79dea97fd0d24bc1dbe52366565361c08675512,2011-11-15 14:56:21+00:00,2,8,2,6,0,0,0,15,0.0,0,0,0
1165bec773a3b58614bf2e4f20518027bc76d47b,2011-11-15 15:00:05+00:00,0,67,32,22,0,0,0,0,0.0,0,0,0
6b129ec0c991536b7e61e204faa6886b6f086494,2011-11-15 15:01:37+00:00,1,1,1,11,0,54,54,209,0.9999998807907104,1,0,0
bf499a80de4a0a6f0ab6a47caa0fbc5e8d03cc03,2011-11-16 04:03:19+00:00,1,7,1,111,1,99,99,342,1.000000238418579,0,0,0
89241c525ea7bef5e3efdce2837e2b82f8754848,2011-11-16 04:04:48+00:00,1,1,1,90,0,99,99,342,1.000000238418579,0,0,0
76dacaf231f9ad8d4a46e2b55ea00faec4ebaeff,2011-11-16 23:16:09+00:00,1,27,14,15,0,0,0,0,0.0,0,0,0
f7fdfe8b9ab1aec824c61ead321263d5c90fa599,2011-11-17 00:00:02+00:00,2,15,3,45,0,158,98,501,1.0000001192092896,1,0,0
81efe1fa883048db48f8a5df4a151b029acbd538,2011-11-17 10:31:55+00:00,1,1,1,26,0,0,0,0,0.0,0,0,0
7fdb09b766a84534dadfb56e46033697292cab60,2011-11-17 11:44:13+00:00,5,53,75,111,0,179,98,732,1.0000004768371582,18,46,3
390024329756db774d5b044ebb124f58ef2ba503,2011-11-17 22:03:28+00:00,1,1,1,252,0,98,98,337,1.0000001192092896,0,0,0
3ea9c5382619d15c5058faa2faea4257eb9ddd4c,2011-11-18 18:47:20+00:00,1,4,3,21,0,0,0,0,0.0,0,0,0
eb5d191a57620a3f74aa68c9ff249020a7b8b82c,2011-11-18 19:44:21+00:00,0,15,3,70,0,0,0,0,0.0,0,0,0
cfefcab8e055627ea7384a4a15a6af671aa7103f,2011-11-18 19:48:28+00:00,3,7,1,10,0,0,0,0,0.0,0,0,0
e98e61da124b44ac201c69c49616edcc77139e06,2011-11-18 20:06:39+00:00,0,1,1,71,0,0,0,0,0.0,0,0,0
16aa01420bc402390cbc867832012cbb57d64d00,2011-11-18 20:33:20+00:00,0,8,2,74,0,0,0,0,0.0,0,0,0
c70b7bb01224811dce17d7135f636639a37c98c7,2011-11-18 20:34:02+00:00,1,2,1,26,0,0,0,0,0.0,0,0,0
82a5f1dd9bfb9dc1c390bce9d57d68f50cd8c3df,2011-11-18 20:34:07+00:00,0,8,2,82,0,0,0,0,0.0,0,0,0
cf60062df19c853769bb542ee92b30f77dd77ca4,2011-11-18 20:34:37+00:00,0,1,1,58,0,0,0,0,0.0,0,0,0
c165255e9888d98ca7f6ff95b044be9b2abd7526,2011-11-18 22:19:27+00:00,1,4,0,51,0,40,40,129,0.999999463558197,0,0,0
58e018af136190a2c757b13bf9371cecc2d51273,2011-11-18 22:45:10+00:00,2,26,1,78,0,8,8,50,0.9997423887252808,0,0,0
2a7223585e8b65db6c089cc4dd29d3b2c8095dea,2011-11-19 05:26:08+00:00,0,30,1,152,0,0,0,0,0.0,0,0,0
04ee58382251c9e750b272ee022c37268941d6e3,2011-11-19 16:56:37+00:00,1,1,1,21,0,0,0,0,0.0,0,0,0
5a7fbbb00d5b09b515bfe1e0b2768a29452d5ee6,2011-11-19 18:04:10+00:00,1,0,39,20,0,0,0,0,0.0,0,0,0
43854067d42f53fece38348b2ce0bf12af95a09e,2011-11-19 20:15:30+00:00,4,1197,0,6,0,140,70,459,1.0000003576278687,2,2,0
5309ad005f27b5ef4023c464d9f49614b1ee4c19,2011-11-19 20:15:51+00:00,1,2,8,17,0,98,98,340,0.9997677206993103,0,0,0
8693fc746f67d6e8a3dee80e7eb287d39da944bb,2011-11-19 20:18:48+00:00,2,5,4,6,0,0,0,15,0.0,0,0,0
1da54de5dc1558eaaba0d6fe89eb641ead493cd6,2011-11-19 20:19:56+00:00,1,1,1,7,0,0,0,1,0.0,0,0,0
e17155151b1af8fcd48300e3e5a8f11298fa0fe3,2011-11-19 20:42:36+00:00,1,2,3,6,0,2,2,8,0.9998286962509155,0,0,0
8ffe17cb09aa1e5a2018248dccab500c33d2fd58,2011-11-19 20:43:46+00:00,1,1,1,26,0,98,98,340,1.000000238418579,0,0,0
bbf10211566cbad71944f6cc04eae2012e93a82b,2011-11-19 20:45:45+00:00,1,0,1,14,0,98,98,339,0.0,0,0,0
296d8cc097b694ec8a9c4d8d7c00abed4755e5d5,2011-11-19 21:09:20+00:00,1,33,15,50,0,101,101,349,1.000000238418579,0,0,0
6421ec1784642a3e34fb3af4e6a3e05fb2dbc899,2011-11-19 21:12:38+00:00,1,3,3,37,0,60,60,163,0.999910831451416,1,0,0
b51640b051e7732ed3fcdbccc5f0250392f4d740,2011-11-19 21:13:12+00:00,1,1,0,10,0,0,0,0,0.0,0,0,0
ab23536b1b084bb5dd901aa05dd638075351af47,2011-11-19 21:15:48+00:00,1,5,0,23,0,0,0,0,0.0,0,0,0
42b33ae1a1cde04796ef2634a38ec589427a328e,2011-11-19 21:19:40+00:00,0,1337,94,22,0,0,0,0,0.0,0,0,0
9d8d1d14f1aae1933440920953ef7841c449bef0,2011-11-19 21:28:22+00:00,1,2,1,7,0,0,0,44,0.0,4,0,0
1933d3c70768db0e8ed509f683f9b830b6bfc44c,2011-11-19 21:59:27+00:00,3,40,6,56,0,167,100,667,1.000000238418579,18,48,0
8ae4b440e347a232167caea2a64949efd35a7827,2011-11-20 09:14:51+00:00,1,4,4,30,1,101,101,349,1.0,0,0,0
99b6e3594078da14161000ee7eec3985468ee82e,2011-11-25 02:15:12+00:00,1,2,0,47,0,10,10,43,0.9998255968093872,0,0,0
5c72601599b085985f5b345717e8e8d127091c81,2011-11-25 03:02:07+00:00,1,3,1,153,0,9,9,51,0.9999225735664368,0,0,0
a350ceffb934b4bced2eadd1cb7338dcb04fe598,2011-11-25 06:11:40+00:00,1,4,4,30,0,9,9,51,0.9999839663505554,0,0,0
a77b91671c77cbdc3ae767c8d798c8dfaa0c0cf8,2011-11-26 04:04:24+00:00,0,4,2,94,0,0,0,0,0.0,0,0,0
52ac24120c69ade7ee8204363bb8db206b2aeb0f,2011-11-26 15:09:37+00:00,0,2,0,94,0,0,0,0,0.0,0,0,0
a5ff4be7b004165a635207ef13b9b322c6b8d950,2011-11-26 15:10:08+00:00,0,4,4,77,0,0,0,0,0.0,0,0,0
65c06579b477d64c10c3f544c00832f81d0d1d6f,2011-11-26 15:10:57+00:00,1,2,1,18,0,0,0,0,0.0,0,0,0
a7a619ba5c52a178879c47fdcdfed1e43798048e,2011-11-26 15:14:14+00:00,0,91,79,115,0,0,0,0,0.0,0,0,0
c74b66a53e21b209531be87f9d8374ceb4542d9e,2011-11-27 15:00:40+00:00,1,7,0,6,0,0,0,0,0.0,0,0,0
ba00c4411c2465ddb203ce812240d8d961ff7860,2011-11-27 15:00:47+00:00,2,9,0,30,0,0,0,0,0.0,0,0,0
356bf42373f16ec9754cc73c63bc116a46e2f239,2011-11-27 15:06:39+00:00,1,2,2,6,0,0,0,15,0.0,0,0,0
9f29a31f662ba389e6276962df93451084dddc24,2011-11-27 15:08:19+00:00,2,3,2,6,0,0,0,0,0.0,0,0,0
e7ed1224d222838ef9addf3bfa188ece82c9f9e7,2011-11-27 15:32:36+00:00,3,34,1,6,1,0,0,0,0.0,0,0,0
e85b857a35ddd4031535e6e960229155cc9cb4cc,2011-11-27 15:37:14+00:00,1,0,1,15,0,0,0,0,0.0,0,0,0
ee36baf4f346b3d6817a6139840ac3b8b7e42621,2011-11-27 15:41:06+00:00,1,4,0,17,0,67,67,333,0.9997286796569824,18,49,0
d1dfa0207058c111493054680d7c6102d4ec7905,2011-11-27 15:45:19+00:00,0,161,90,22,0,0,0,0,0.0,0,0,0
6bb4c4ebe628ad1fbb54c673ee4e409ed7376b2e,2011-11-27 16:24:59+00:00,1,6,1,34,0,68,68,336,0.9999504089355469,18,50,0
c7b99f78192bdff62fad4f92039396c0dfbe4fb8,2011-11-27 16:29:52+00:00,1,1,0,37,0,103,103,350,1.0,0,0,0
c2e942f230a21dd5b61088b03fda2edfc8c929df,2011-11-27 16:31:48+00:00,1,0,1,15,0,0,0,0,0.0,0,0,0
a76f4925b512b481375f0886a5b675d3e8522b34,2011-11-27 20:07:05+00:00,1,1,1,24,0,68,68,336,0.9999997019767761,18,50,0
02f422d132708b2142545100aab725d80ac0f806,2011-11-29 06:55:02+00:00,1,2,0,250,0,0,0,0,0.0,0,0,0
4ed16d99c244c93307e98bd99607a239a8ec63a2,2011-11-29 08:06:54+00:00,0,2,0,103,0,0,0,0,0.0,0,0,0
f7e4832472911bca058a4669d2e204792dbc8fbb,2011-11-30 17:45:13+00:00,1,1,1,2,0,0,0,0,0.0,0,0,0
7fbbdeb32430a6078797edc71db8e58bb676da97,2011-11-30 17:45:17+00:00,0,2,0,58,0,0,0,0,0.0,0,0,0
56d6d703f9c3ef0dbe09d0bac205e7c222481b87,2011-12-07 02:36:32+00:00,1,2,2,106,0,0,0,0,0.0,0,0,0
f1fa8f00641ce8d4dd1ca895cb7662921a97ea0b,2011-12-07 02:38:31+00:00,0,2,2,94,0,0,0,0,0.0,0,0,0
e56d05d2303ed60a90e8306e4496b09ac4a1bae9,2011-12-07 02:41:20+00:00,1,2,1,18,0,0,0,0,0.0,0,0,0
37070ac30e1c9ae9ec52de51e88174927e00d936,2011-12-09 07:48:22+00:00,1,1,1,38,0,0,0,0,0.0,0,0,0
3a06c35da35194b1f3e8785fdfa1046ebb2d250f,2011-12-09 16:42:18+00:00,0,1,1,71,0,0,0,0,0.0,0,0,0
f58ab8bc033baf55b5d996340ba4a2cf5cdabdfb,2011-12-09 16:43:02+00:00,1,2,1,18,0,0,0,0,0.0,0,0,0
463ca76cc44f5ae2ee15e217e0ffa5305ef14ae5,2011-12-09 21:23:16+00:00,2,2,2,7,0,0,0,0,0.0,0,0,0
961f78ab5f41c1ad87dad3ad120c3568282e6b8c,2011-12-09 21:23:26+00:00,0,8,4,58,0,0,0,0,0.0,0,0,0
a6412b02ba271a7a8e6fc4a74ecf6295cb06ddbe,2011-12-11 07:55:04+00:00,10,17,17,27,0,212,103,714,0.9999998807907104,1,0,0
4e59f9ec93ac1ed9724fb4ba8bf8e374070d064f,2011-12-11 16:04:26+00:00,0,17,17,74,0,0,0,0,0.0,0,0,0
c71ac7917aa2718b48121dd2d1ee30ae915a126c,2011-12-11 16:22:33+00:00,1,8,0,13,0,69,69,342,0.9994562268257141,21,52,0
a5f79712bb34bee0aed8ac60c954270677710294,2011-12-11 16:26:13+00:00,1,3,2,12,0,103,103,350,1.0,0,0,0
fad9abfd7713794c98e7889e729c523d0cd9bf35,2011-12-11 16:26:16+00:00,0,17,17,58,0,0,0,0,0.0,0,0,0
06eee390dd9225bbaf4c953a684826fc564f8e61,2011-12-11 16:39:11+00:00,2,21,7,14,0,0,0,0,0.0,0,0,0
10eed6344cf255f48bdee0b665381969ba27bde9,2011-12-11 16:39:57+00:00,3,16,7,6,0,0,0,61,0.0,4,0,0
8c1fd5db95e7b79ee60da8f9c3b3e508be69e3fa,2011-12-11 16:41:42+00:00,0,82,41,22,0,0,0,0,0.0,0,0,0
03ddf26596b4c10f12483817550fb4f7feb861ea,2011-12-11 16:57:50+00:00,1,1,0,14,0,69,69,343,0.9994562268257141,22,52,0
8b92b6513cdfdf42863937313eedf9d9a501df77,2011-12-12 23:29:41+00:00,1,5,1,15,0,0,0,0,0.0,0,0,0
baf3dcb6c7e89887fcb78857fb533cd428284ff2,2011-12-12 23:30:45+00:00,1,1,5,4,0,0,0,0,0.0,0,0,0
ba71e2a3cbee2aef75009e67c999300c90819544,2011-12-13 19:37:25+00:00,1,0,0,12,0,0,0,0,0.0,0,0,0
21acc6b73219eaf242f9e4f806338b045133c5cc,2011-12-13 23:23:04+00:00,1,0,1,7,0,0,0,0,0.0,0,0,0
cef1811415a97ecb377165d9639b79c4952b9b06,2011-12-14 15:33:22+00:00,1,1,1,14,0,0,0,0,0.0,0,0,0
c3bba1543b977f06c7f10dd5d05981ab69fb0121,2011-12-14 15:33:29+00:00,1,1,1,17,0,0,0,0,0.0,0,0,0
47510486eccc2d06ef7e5de7ce6a79e30780322d,2011-12-14 15:33:47+00:00,1,1,1,35,0,69,69,343,0.9999686479568481,22,52,0
5a3aae73ba73ac4c72f1944836efc6158893181b,2011-12-14 15:34:31+00:00,1,11,0,15,0,72,72,349,0.9955949187278748,22,53,0
6fb26744466e38ec701d75ebf3ce3fe1cc5469ca,2011-12-14 15:37:40+00:00,1,46,0,11,0,113,113,377,0.9993903636932373,0,0,0
5e60279a1955534c5fc5ed530d9862ecfcbeab35,2011-12-14 15:37:46+00:00,1,0,1,10,0,9,9,51,0.0,0,0,0
0e711f2f9d6b4ae13091d00ca4e04f6114159149,2011-12-14 15:43:08+00:00,2,7,2,6,0,0,0,15,0.0,0,0,0
19a2a6c6d13bce4c89ad56ae00e56f49e351e5e5,2011-12-14 15:43:41+00:00,0,70,9,22,0,0,0,0,0.0,0,0,0
814e0520ad61387e89b22806d20544adf6ce8ed5,2011-12-17 19:40:04+00:00,2,15,1,31,0,131,114,467,1.0,0,0,3
4e2ecd698700698dc1ad0daedf910f3dfa53a4ee,2011-12-17 19:48:40+00:00,1,4,4,34,0,114,114,383,1.0,0,0,0
a3b8ef15dbc863c1923a47c5a9adc055711dfbf8,2011-12-18 19:07:12+00:00,1,5,0,14,0,0,0,0,0.0,0,0,0
59372826180b860f4b7f4928bf20d7da1a07d584,2011-12-18 19:07:21+00:00,1,4,0,12,0,0,0,0,0.0,0,0,0
8f58c095c54a84ad5527e804fcbd506f5b5d1a91,2011-12-18 19:10:38+00:00,1,30,9,14,0,57,57,217,0.9999996423721313,1,0,0
f8cf713f4101409d6dde4fd3a85a10fd78b52fc3,2011-12-19 00:11:39+00:00,0,15,1,84,0,0,0,0,0.0,0,0,0
8207ed074e2f02bd5d77e7583807039a25fa116b,2011-12-19 00:14:50+00:00,1,8,4,13,0,18,18,84,1.000000238418579,0,0,3
5be6c21b140bb0c140527cb843b6b474594f165b,2011-12-19 00:17:51+00:00,1,2,1,39,0,0,0,0,0.0,0,0,0
6ce4ece8aa452764be26cdb26e5ce72dfd0da53d,2011-12-19 00:18:09+00:00,2,9,2,6,0,0,0,15,0.0,0,0,0
c910b958f0694a5e5e7a517cf5b9bdec5f2fef03,2011-12-19 00:18:16+00:00,1,2,2,6,0,18,18,84,0.9999999403953552,0,0,3
70fbd27d5c777f17c277c9bb5c3fa3b517d8e10e,2011-12-19 00:19:14+00:00,0,73,17,21,0,0,0,0,0.0,0,0,0
2c153c155659e5be198fa1959907d80b6c5de67c,2011-12-19 16:45:32+00:00,1,21,0,56,0,0,0,0,0.0,0,0,0
2e38f54b39847c478e3595cdfdcfd71b03d6fd2d,2011-12-19 16:51:15+00:00,0,21,0,103,0,0,0,0,0.0,0,0,0
f80fbad4ff95152021f68703149c371f5b44c7cf,2011-12-19 17:25:59+00:00,1,2,1,18,0,0,0,0,0.0,0,0,0
f214b91d770ef194f9fad7041a1356ff27097ae5,2011-12-20 07:01:37+00:00,2,23,1,158,0,187,115,742,1.0,22,54,0
75dc012f41d26c2eb8348cae319b26721ec4f410,2011-12-22 16:54:07+00:00,1,2,1,29,0,0,0,0,0.0,0,0,0
9d88ac7b50f05b1196672ba7df88d2321c2d6ee0,2011-12-22 16:55:13+00:00,0,45,1,96,0,0,0,0,0.0,0,0,0
f5e421e880761791bbec40556aa9abf15bf7f4f8,2011-12-22 16:55:55+00:00,1,1,1,23,1,115,115,385,0.9999997615814209,0,0,0
12f3c65e5a426ce32808cc456387ca7d7e7c5126,2011-12-22 21:52:29+00:00,2,16,3,50,1,188,115,747,1.0,22,54,0
91766548d10cd5ebf46aba376f9e000263285875,2011-12-22 22:36:09+00:00,2,3,16,122,1,187,115,742,1.0,22,54,0
2c0ff95d4d8daae7c0624b3a96584d722ebf6c38,2011-12-22 22:50:43+00:00,2,16,3,131,0,188,115,747,1.0,22,54,0
a7223f86a976410bb904fb2e983440c94175aa75,2011-12-22 22:51:22+00:00,1,1,1,32,0,115,115,384,0.9999997615814209,0,0,0
716d29c49c346106b25fadd1d15d6bd79cd6847a,2011-12-23 02:10:43+00:00,2,33,19,44,0,191,117,754,0.9995182752609253,22,56,0
3483bae24f0fc5f18f7466fffa83584068474a59,2011-12-23 04:09:27+00:00,1,1,1,21,0,0,0,0,0.0,0,0,0
e1615e0f1e342d89d09df8289c0b32d3b0e9fd6a,2011-12-23 21:14:46+00:00,2,49,38,50,0,189,116,763,1.0000004768371582,22,54,0
0001f5b651213e5aa6e2e95575b6a44bb559b53f,2011-12-23 22:24:34+00:00,0,1,1,58,0,0,0,0,0.0,0,0,0
4eb2759400b6bc8a6289a4fd37779c21b6894b3c,2011-12-24 08:06:13+00:00,1,5,0,25,0,10,10,46,0.999306321144104,0,0,0
0bfc029b5e549cb41b7c4999b96f3dfe892baf84,2011-12-24 08:16:40+00:00,2,10,3,6,0,0,0,15,0.0,0,0,0
9ed93044e02c4b44c7c1fa171788df310a15198f,2011-12-24 08:16:54+00:00,0,132,37,22,0,0,0,0,0.0,0,0,0
bdda99c0c10b0906849f2c53f28e53ef10829f7a,2011-12-28 04:14:54+00:00,3,72,1,14,0,74,59,265,0.9999998807907104,1,0,0
31d495fb0220ff4bb812f457e03948cbe2b8e3a9,2011-12-28 06:28:49+00:00,1,3,1,7,0,0,0,48,0.0,4,0,0
a91ac242f3616d3051f2ba28a81d6fc637c58a7c,2011-12-28 06:51:26+00:00,1,2,32,20,0,9,9,21,0.9999449253082275,0,0,0
ca26c1a2532b97099e0523a2e4bd70ff1a0922f9,2011-12-28 07:42:57+00:00,1,1,1,11,0,9,9,21,0.9999449253082275,0,0,0
9a1a4136ac69cce55d8d5f27a0ab1caadb0a6e90,2011-12-28 07:43:03+00:00,1,3,0,12,0,0,0,7,0.0,0,0,0
5184f0c5a9e3ec9c573c9e917d265c6204d3d9dd,2011-12-28 07:43:13+00:00,1,36,3,12,0,124,124,410,1.000000238418579,0,0,0
0a8bb2e1b375cb1538ca54288031e7aff1169ef4,2011-12-28 07:51:42+00:00,1,8,2,32,0,41,41,134,1.0,0,0,0
544a5fea59f24bc87750d62389a43a42559b49c0,2011-12-28 07:51:49+00:00,1,1,0,9,0,124,124,410,1.000000238418579,0,0,0
f7e67c01ea750130e407adb6a702d02065125eb8,2011-12-28 07:57:36+00:00,1,4,1,41,0,41,41,135,1.0,0,0,0
4114b0452134a31455c3340f5371dde46dc8b907,2011-12-28 08:00:53+00:00,1,8,0,7,0,0,0,0,0.0,0,0,0
a1afbfbaa3babf4f31e54cd1920b9c0c845db029,2011-12-28 08:01:00+00:00,1,45,0,14,0,4,4,22,0.9995175004005432,1,2,1
a83268b01b1784799b6c32e725dabbde488f0b76,2011-12-28 08:01:36+00:00,1,2,2,14,0,0,0,15,0.0,0,0,0
9fcfec18daf65028b06ab3c32620a21a8ce70f94,2011-12-28 08:18:40+00:00,6,28,6,8,0,50,41,156,1.0,0,0,0
d9a9a981bc998fed82c15e5df0fd7de5fd800f40,2011-12-28 08:30:33+00:00,1,1,1,14,0,0,0,48,0.0,4,0,0
5f768b191d76a6d582839e9ac0b2b564fdab41e9,2011-12-28 08:51:41+00:00,1,1,1,14,0,0,0,48,0.0,4,0,0
28db6c3f53ce6d5c6e3fc51ab37cdc6a518ad2cb,2011-12-28 08:58:08+00:00,1,1,1,7,0,0,0,0,0.0,0,0,0
cfb1a478acd43aead67acd249ca5caf2480101d6,2011-12-28 09:25:43+00:00,1,1,0,12,0,0,0,49,0.0,4,0,0
8aa015ffc950a6a290f25bf935f26227ecd2eaa7,2011-12-28 09:26:23+00:00,2,8,2,6,0,0,0,15,0.0,0,0,0
082f4d89486e4bfe918fd125431545a6b879155e,2011-12-28 09:38:38+00:00,1,1,0,9,0,0,0,50,0.0,4,0,0
7fdb541e2ddea4d955794adf179f10a453326ca4,2011-12-28 09:48:27+00:00,2,3,3,12,0,41,41,150,0.9999921917915344,0,0,0
57dbab2932e6f2d29e196e40ecbed04150c944bf,2011-12-28 09:48:57+00:00,1,7,0,14,0,0,0,0,0.0,0,0,0
9c0a0fbd01ce0a07cebc26f0203e17bfccf7e481,2011-12-28 09:49:51+00:00,1,2,2,13,0,4,4,22,0.9995175004005432,1,2,1
f80984f37701003f0f06d86902a60cfd82fa85ef,2011-12-30 23:55:56+00:00,2,32,38,133,0,184,119,572,0.9998447895050049,1,0,0
9c6ffc530319d3b6d75bb160267d76f0224b0743,2011-12-31 03:18:08+00:00,2,26,31,248,0,180,117,560,1.0,1,0,0
49140d68809064c6272b714c74414b849d9f75a9,2012-01-01 05:44:20+00:00,4,5,5,26,0,9,9,76,0.0,0,0,0
e3288d5e3354e90d26a3885f6ddab8fdf1d462d1,2012-01-02 07:50:09+00:00,1,2,2,28,0,0,0,0,0.0,0,0,0
95911f059aa76c46f9da002df9724cb41fa7cdce,2012-01-02 21:19:35+00:00,1,14,23,156,0,116,116,387,0.9990084767341614,0,0,0
5174ab43257e1675d119335166b40fdbb2d68bf3,2012-01-03 05:38:59+00:00,1,3,3,72,0,116,116,387,0.9986361265182495,0,0,0
4441697e4945cee192b3a33bbe28d60b6463e26d,2012-01-03 15:21:13+00:00,1,1,1,17,0,0,0,0,0.0,0,0,0
115b51e68c95d5aeea10c40719cf770303f4da61,2012-01-05 04:08:01+00:00,4,16,0,45,0,192,118,787,1.0,22,55,0
459a91c54fc42ef385ca24811ea0833f38fd433b,2012-01-05 18:50:44+00:00,3,4,4,26,0,192,118,787,1.0,22,55,0
aa39fb0c80f3b5aeb82785288bf351ddae7c4ed5,2012-01-05 20:11:19+00:00,1,4,0,36,0,0,0,0,0.0,0,0,0
281e0598bcc323b73532c50fb68c8f8044238674,2012-01-06 06:04:11+00:00,0,20,0,96,0,0,0,0,0.0,0,0,0
c6fc7d99b53d1fc0fb9e966c6a2cd2a779549855,2012-01-06 06:08:06+00:00,0,14,23,79,0,0,0,0,0.0,0,0,0
638532dd9ae319bef4d2eaa4b905d21bfc035c7e,2012-01-06 06:10:53+00:00,2,8,2,6,0,0,0,15,0.0,0,0,0
3415e6de0b4584e9e0ff27f346aac498a8c506b2,2012-01-06 15:20:33+00:00,1,1,1,81,0,117,117,389,0.9998922348022461,0,0,0
c5ba5888b5846110b334478d56a662e4eefefd45,2012-01-06 16:20:49+00:00,0,1,1,118,0,0,0,0,0.0,0,0,0
d339ffe9d92ca3c3c6418923fa6bd17799549e3d,2012-01-06 16:36:04+00:00,1,2,0,5,0,0,0,0,0.0,0,0,0
a25141f9f42f481a70debbcf20977e7b208c03d9,2012-01-06 20:52:49+00:00,1,1,1,32,0,117,117,389,0.9998922348022461,0,0,0
1acef81ed3ea62ade25b8a3b26dfaa840691219e,2012-01-06 20:53:56+00:00,0,1,1,80,0,0,0,0,0.0,0,0,0
15396fb2f90e30f1abe7ed63ddcf07f7706ba75b,2012-01-07 18:44:09+00:00,1,2,2,29,0,0,0,0,0.0,0,0,0
2b849545ea61f216e0699ad8454d24c609d0e3a4,2012-01-07 22:18:49+00:00,4,62,37,14,0,100,58,387,1.0,1,0,0
14e8eea0ee22b8dc69ae7332b9f45a3402f5a7c4,2012-01-07 22:18:53+00:00,0,5,3,58,0,0,0,0,0.0,0,0,0
e185aec92072ead19b03b9cbb86764b607c58a81,2012-01-07 23:17:06+00:00,2,4,3,58,0,0,0,0,0.0,0,0,0
534cdd7587e5b8fe410db24094229718a630bf66,2012-01-07 23:17:14+00:00,1,1,0,34,0,0,0,0,0.0,0,0,0
68619b8088125e17aa69894578aa56313416adfd,2012-01-07 23:19:02+00:00,0,67,40,91,0,0,0,0,0.0,0,0,0
a869be1e5a3d88fea0d44c07b62efb4ee9727f67,2012-01-07 23:28:17+00:00,0,5,3,84,0,0,0,0,0.0,0,0,0
89c90add2c4378f416194c05c6a4f5ae94ff7a31,2012-01-07 23:32:56+00:00,1,1,1,21,0,0,0,0,0.0,0,0,0
53d679edba3a42d648e2b386d9ca725490c7b470,2012-01-09 05:46:54+00:00,1,1,1,196,0,9,9,21,0.9999749660491943,0,0,0
86eba21b8ae7ed3772f5706e1c5799efc127342b,2012-01-10 10:10:58+00:00,1,3,3,90,0,5,5,9,0.9996148347854614,0,0,0
de17f4e5a49ee980c45006fa14e17b33cfbe525f,2012-01-10 10:17:57+00:00,1,1,1,35,0,0,0,0,0.0,0,0,0
bbbeedb0a200d41b0fab33880e97a50d566cdbab,2012-01-10 15:47:21+00:00,1,0,1,16,0,116,116,388,1.0000001192092896,0,0,0
9e953f33209545bbbd338e06fb2abc2c62c13212,2012-01-10 19:07:45+00:00,0,0,1,70,0,0,0,0,0.0,0,0,0
11e51264546779d116796c913017fdc19a0290f3,2012-01-10 19:08:53+00:00,0,3,3,121,0,0,0,0,0.0,0,0,0
42582019007a1071ebf9a4ad7d206dfc89547430,2012-01-10 19:09:09+00:00,1,1,0,18,0,0,0,0,0.0,0,0,0
96d5044722af4603c81153d50727894aa379d462,2012-01-10 19:10:02+00:00,0,1,1,81,0,0,0,0,0.0,0,0,0
6af6a08b7a14b6599994ef3f038843d881d29020,2012-01-10 19:11:01+00:00,0,1,1,114,0,0,0,0,0.0,0,0,0
79f5d532c6a9ffcbb32b8cfcae8ec542c2699ff1,2012-01-10 23:09:49+00:00,1,3,1,54,0,19,19,86,0.9999999403953552,0,0,3
d9b304b906aba58db6b62c66fd12c629dc89a09d,2012-01-12 20:52:02+00:00,0,3,1,101,0,0,0,0,0.0,0,0,0
e6990162e5ff8934f49f3c46affce0f77e40ff05,2012-01-12 20:53:45+00:00,1,1,1,11,0,0,0,0,0.0,0,0,0
0536e5b708bea4e1ef25930bd7b4a8cfe930d6ce,2012-01-13 03:16:31+00:00,1,1,0,36,0,9,9,21,0.9996617436408997,0,0,0
430125b396e664dcf6dc3f1bf1ec1cb9f07a6d54,2012-01-13 22:38:09+00:00,0,1,0,81,0,0,0,0,0.0,0,0,0
ff286f351cad5462fb59e9c4fd6f2284ba1146f5,2012-01-13 22:38:28+00:00,1,2,1,18,0,0,0,0,0.0,0,0,0
df0dc2b67a5fcf82f6688af3f26e19c9379373f7,2012-01-15 21:39:46+00:00,1,2,2,2,0,0,0,15,0.0,0,0,0
29271a4100b24008719cde605a4b641745dd4678,2012-01-17 11:47:22+00:00,1,5,1,81,0,117,117,391,0.9980376362800598,0,0,0
5cfbb0aaf50e451179ede8bcd43ca55fbdfebad5,2012-01-17 12:16:09+00:00,1,31,5,30,0,124,124,413,0.9998509883880615,0,0,0
8efb6cc870bd23de0d8d87708217d818236a733f,2012-01-17 16:24:50+00:00,1,5,3,32,0,116,116,390,1.0000001192092896,0,0,0
4d38790b5bd076ca38802147a2ad827a958eb767,2012-01-17 16:38:52+00:00,2,14,7,55,0,199,126,798,1.0,22,55,0
1c8a1417115c31ead7891bf89951de194b20b5e1,2012-01-17 16:39:37+00:00,1,0,6,18,0,124,124,414,1.0,0,0,0
7f9cef011407cd38d618279af04632b982037a17,2012-01-17 17:14:47+00:00,1,9,4,88,0,125,125,419,0.9999082088470459,0,0,0
c658b363e38c928a2f7be8e09eece8e11f863b62,2012-01-17 21:17:38+00:00,1,13,16,417,0,11,11,45,0.9997551441192627,0,0,0
97be9ee4cd6326bf7551f7a737877ef2e368ef20,2012-01-17 21:20:52+00:00,1,1,1,417,0,11,11,44,0.9999601244926453,0,0,0
e38046e6c65b8f03026d13d339a9bacf849b2d85,2012-01-17 21:21:09+00:00,1,0,1,417,0,11,11,44,0.9999601244926453,0,0,0
5dae0bb9bf27e20aa505b905c2129b25e052443a,2012-01-17 21:32:04+00:00,0,12,16,86,0,0,0,0,0.0,0,0,0
557480cfe8231ce4cfb10ef4cab2a955bf99198d,2012-01-18 16:14:32+00:00,1,10,0,4,0,0,0,0,0.0,0,0,0
d9cb18ad2a5dcc54a9c931d094d112be167078ba,2012-01-19 00:43:24+00:00,2,5,2,161,0,120,116,413,1.0,1,2,1
a6ee9757a748a70f51206aa2b618aa3ef94f4394,2012-01-19 00:51:10+00:00,1,1,0,21,0,0,0,0,0.0,0,0,0
17f200283945a5b9672f9713cd5dc4e834127682,2012-01-19 01:19:43+00:00,0,6,2,116,0,0,0,0,0.0,0,0,0
f3ba022f461de7d9eb4058cd0703647817a8b337,2012-01-19 02:05:56+00:00,0,41,5,86,0,0,0,0,0.0,0,0,0
49d79546e88adddbff358a5bbafaa43aca30988f,2012-01-19 02:25:03+00:00,1,13,0,6,0,0,0,0,0.0,0,0,0
6db255d17d2500afb07152dc83818611acaaa893,2012-01-19 02:49:25+00:00,0,6,2,71,0,0,0,0,0.0,0,0,0
c18e6459a80d83c54f787549565eedb3a0210156,2012-01-19 02:56:33+00:00,2,7,3,6,0,0,0,15,0.0,0,0,0
61a0e85672dfc7a3784a560b394d99914e77a010,2012-01-19 19:12:23+00:00,0,5,3,119,0,0,0,0,0.0,0,0,0
e65d0ac9e3cfa89c4c9513ff1782f22e3f976d3a,2012-01-19 23:09:30+00:00,1,19,0,24,0,0,0,0,0.0,0,0,0
b37fbf30a3d47aca184c0d4551832096fc7e7bb0,2012-01-19 23:34:06+00:00,2,11,1,52,0,200,125,808,1.0000004768371582,22,56,0
99f6581770a9e3056ca5ebc473e2169008fd635d,2012-01-19 23:42:27+00:00,0,11,1,99,0,0,0,0,0.0,0,0,0
62733146be357883e4ee334b7c19465ff7c57618,2012-01-19 23:42:55+00:00,0,19,0,74,0,0,0,0,0.0,0,0,0
5bff8e362f83fc43b56278cd2dcdec3a06d043aa,2012-01-19 23:43:43+00:00,1,1,2,24,0,0,0,0,0.0,0,0,0
3873121c01d0081777edb49b90d00e4c0ae777e1,2012-01-20 20:42:25+00:00,1,2,6,22,0,10,10,41,0.9994999170303345,0,0,0
6d071f43312e6585c32208eeda6918be36d3649c,2012-01-21 06:23:35+00:00,1,0,1,26,0,0,0,15,0.0,0,0,0
49a38ac89a7bc7cbbeaa2322d4a5d45fcd590054,2012-01-21 06:24:21+00:00,1,22,24,89,0,123,123,423,1.000000238418579,0,0,0
f5a2b75924805f10f8c42945ad96f9e7d9a3f33e,2012-01-21 06:28:26+00:00,1,10,10,42,0,124,124,424,0.999893307685852,0,0,0
47aba0cc20a3d44aa83bdde849ff39fc8b20d094,2012-01-21 06:31:23+00:00,1,1,4,15,0,123,123,422,1.0000004768371582,0,0,0
efd2b57b920ec5b3dab6eca506bcc82d5090ba08,2012-01-21 06:44:53+00:00,2,1,5,33,0,123,123,437,1.0000004768371582,0,0,0
a0ae2e6c7b46eaa93fa972623d0fdfc576de242b,2012-01-21 10:01:45+00:00,1,3,0,158,0,64,64,171,0.9995712041854858,1,0,0
7647e52943ad15da6bc7e52df3dfb744aa949bf8,2012-01-21 11:05:59+00:00,2,68,4,29,0,92,85,439,1.0000003576278687,25,58,0
6c359b2457effae0622a421ad0f6d72097b8f5be,2012-01-21 11:36:06+00:00,0,3,0,73,0,0,0,0,0.0,0,0,0
e9be7c1a58ff31b04633526c425714b272b457e8,2012-01-21 12:07:18+00:00,1,3,0,28,0,7,7,14,0.0,0,0,0
a3b26c7e5bde922a874a413a0d752ed2555c3d66,2012-01-21 12:13:58+00:00,1,17,4,39,1,129,129,431,1.0000001192092896,0,0,0
5f44d7972956471c5b14f0dab898dff70ebc3179,2012-01-21 12:14:26+00:00,1,1,1,38,0,19,19,86,1.0000004768371582,0,0,3
9ba93b885cb503ddb84beb88210ea389912ff4d3,2012-01-21 12:17:23+00:00,1,9,0,7,0,0,0,0,0.0,0,0,0
8e6f98f44e37b6eb2c7bdee604e7be747cdacc0d,2012-01-21 12:17:30+00:00,0,21,28,34,0,0,0,0,0.0,0,0,0
a3fb5ac326549081f469f35fe1e4d843ff0ab390,2012-01-21 12:47:46+00:00,1,5,4,7,0,0,0,0,0.0,0,0,0
b525dc29f706a29de5cde6282a72e3a6e981d41b,2012-01-21 13:13:15+00:00,0,2,6,76,0,0,0,0,0.0,0,0,0
70e98e47cfd9c14dc967fdbfe690444166ff172e,2012-01-21 22:48:51+00:00,1,1,1,28,0,127,127,429,0.999893307685852,0,0,0
2c04f9d1996e66015923448fa0230736eff472f0,2012-01-21 22:48:55+00:00,0,2,6,58,0,0,0,0,0.0,0,0,0
16a7a26452b61ccd08b0a52e940d13e305c73e37,2012-01-22 00:58:51+00:00,1,1,1,7,0,0,0,15,0.0,0,0,0
ada98899f87a9118b026a547ee5d5ecda47bcfe8,2012-01-22 01:00:12+00:00,1,1,1,12,0,0,0,15,0.0,0,0,0
9a1348707c9265b58065e276492f99f53de29c96,2012-01-22 03:35:11+00:00,1,2,1,7,0,0,0,0,0.0,0,0,0
47e96b80407b52ec45136391c77b089d71ccbe18,2012-01-22 03:35:19+00:00,1,2,1,7,0,0,0,51,0.0,4,0,0
b725bfd3fb3e6bec9e15009985b8d30bdee66f51,2012-01-22 03:55:41+00:00,1,33,9,55,0,129,129,439,0.9998793601989746,1,0,0
2c7e920298d8bbd0f3b28972a5febf148fd33188,2012-01-22 03:56:53+00:00,1,2,1,19,0,130,130,440,0.999945878982544,1,0,0
b14a244ab4cb598d5f5b65209734b1bbca10d708,2012-01-22 03:57:24+00:00,1,4,4,7,0,130,130,440,0.999945878982544,1,0,0
464279f48d2aa3aea75edd037b7020eb23682002,2012-01-22 03:58:38+00:00,1,0,2,56,0,130,130,440,0.9999141097068787,1,0,0
0dbda6665d65b186107e01b03ae901684a7f5ecb,2012-01-22 03:59:57+00:00,1,6,1,7,0,130,130,440,0.9999678134918213,1,0,0
128b49a1fbefb076fa0e5e9770ca725a1a2f70bb,2012-01-22 04:00:28+00:00,1,1,0,10,0,130,130,440,0.9999678134918213,1,0,0
497695864b4866ba688c06ad4987560db81a617e,2012-01-22 04:03:07+00:00,1,1,0,18,0,0,0,0,0.0,0,0,0
b0555b68e7da5a64c46ce24567dbfa178eca1259,2012-01-22 04:06:34+00:00,1,3,3,8,0,0,0,0,0.0,0,0,0
f4f2bd9fab5e3e0a5e66d9d4cd1b14c051faf863,2012-01-22 04:10:37+00:00,1,1,0,13,0,0,0,0,0.0,0,0,0
fc3b03a5f50bdfb2e05e71d74787a8532801fcf1,2012-01-22 04:18:06+00:00,1,1,0,9,0,0,0,0,0.0,0,0,0
62d05f842dc10c056bb721b0a5430c9c98c64349,2012-01-22 04:19:49+00:00,1,2,2,5,0,0,0,0,0.0,0,0,0
786dfdd7e5fd169bdbbc0ca89cd073be9a249e73,2012-01-22 20:06:53+00:00,10,437,45,26,1,211,59,924,1.0000003576278687,1,1,0
2109afc144f98f98320e6747d37961282efe1404,2012-01-23 00:42:13+00:00,7,146,63,7,1,125,65,483,1.0000004768371582,1,0,0
e84a7c7e6f9a46f111132e1bd188e99848927773,2012-01-23 01:12:43+00:00,1,9,21,8,0,84,84,423,0.9995907545089722,25,57,0
36842db26f85fde19143be490cc37fa31e835fca,2012-01-23 01:12:49+00:00,1,1,0,16,0,0,0,0,0.0,0,0,0
b0e2e4f284f619536b7f405122bb1a93900cd743,2012-01-23 05:15:25+00:00,14,242,189,4,1,604,130,2397,1.0000004768371582,32,60,3
9cae98c167316993b134fa8a937acd7c90fa2953,2012-01-23 05:25:48+00:00,1,10,2,4,0,23,23,96,0.9999847412109375,0,0,3
bcfddb3d6559664f7ac8dd2420583403ee23adae,2012-01-23 05:29:50+00:00,1,0,10,19,0,84,84,421,0.9997904300689697,27,57,0
672e66ba5fa94f6d55638067f9476cc1da396650,2012-01-23 05:34:31+00:00,1,75,0,6,0,0,0,23,0.0,0,0,0
11c4315da3f3e66bac395c91eeb9ae694288a789,2012-01-23 05:43:01+00:00,2,18,8,4,1,65,65,203,0.0,1,0,0
fe6882623c743043b72c44f1c74c3f78fcb4e4d9,2012-01-23 05:52:38+00:00,2,7,8,21,0,130,130,472,0.9998310804367065,1,0,0
125619c7836c69bf12e50f0177921954a43213a9,2012-01-23 06:01:42+00:00,6,43,26,14,0,179,66,745,1.0000004768371582,1,1,0
b001fcf968f4a4f794dfd6ab39f91abd0ab8e48f,2012-01-23 06:02:16+00:00,1,1,2,12,0,65,65,171,0.0,1,0,0
e7bcc3b33219afc4084ef4b163df9279aa40e8b6,2012-01-23 06:32:09+00:00,6,35,27,7,0,374,134,1429,1.0,33,57,3
9fd2d07c1dac17805ada0da0dd1bc735d487b895,2012-01-23 06:44:01+00:00,1,11,9,10,0,0,0,54,0.0,4,0,0
18b5ee7d5bdedf2a2aac0c92910ced5e2479218e,2012-01-23 06:44:07+00:00,1,1,1,5,0,0,0,0,0.0,0,0,0
38c2532c5f5d93e36f5296b94e496f3ef7c7fbdd,2012-01-23 06:46:41+00:00,1,1,1,11,0,0,0,54,0.0,4,0,0
d892e93589d48d5c5d8d9945ae58f40d66320f10,2012-01-23 06:47:39+00:00,1,0,7,16,0,0,0,0,0.0,0,0,0
1fb4bd82f7f566c3e2993cb76dcd47192d62baea,2012-01-23 06:48:40+00:00,2,1,1,13,0,0,0,53,0.0,4,0,0
ab916a8a8d38c01c264a90995e5ed6829b4be296,2012-01-23 06:52:33+00:00,2,2,1,3,0,84,84,419,0.0,29,57,0
5f2607ffca88c5547ada0197e7ebed69eba232d3,2012-01-23 06:54:00+00:00,1,1,1,5,0,0,0,0,0.0,0,0,0
3d542693bc57c93b6450200f2646bb9706a45b10,2012-01-23 06:56:58+00:00,2,2,2,17,0,84,84,419,0.0,29,57,0
57ba337e79a204ce1eb582da6c02e495caf9a71c,2012-01-23 06:58:32+00:00,1,4,4,17,0,84,84,419,0.9999231696128845,0,0,0
c4eb9301bb1ad1616e2affa4dc2dc1da82169c36,2012-01-23 06:59:13+00:00,1,2,2,17,0,84,84,419,0.9998633861541748,33,57,0
4493acc5eec9707957ad18f3ccffb3910e8ee50c,2012-01-23 07:01:53+00:00,1,4,2,6,0,84,84,421,0.9997677803039551,33,57,0
a939423006aff0cba39448572ee438b23d6d99d4,2012-01-23 07:03:16+00:00,1,1,1,23,0,84,84,421,0.9997677803039551,34,57,0
f99a2534c92fd64e518c8442e77de3ec0f42b4d9,2012-01-23 07:18:26+00:00,2,8,2,7,0,0,0,15,0.0,0,0,0
5ed62e11373fa0124cecbd32b14d2de90411cff8,2012-01-23 07:19:56+00:00,1,0,2,24,0,133,133,443,0.9999807476997375,1,0,0
a29e862adffe433317087def6b9ea4589150ce8c,2012-01-23 07:21:30+00:00,1,4,6,12,0,0,0,0,0.0,0,0,0
57aeafa11548010ea7fb13c600f2602b5873fbc5,2012-01-23 07:21:35+00:00,1,1,4,7,0,0,0,0,0.0,0,0,0
8493d8329e9b606503923323af6417844508a744,2012-01-23 07:28:01+00:00,1,1,0,8,0,0,0,54,0.0,4,0,0
878bb61d24b76285b41dbf1b347e7eccf12e20a7,2012-01-23 07:31:16+00:00,1,1,31,13,0,0,0,0,0.0,0,0,0
90f5c8bd854d8ffb7bb53be9bdb3a207bd80460e,2012-01-23 07:32:09+00:00,1,1,1,6,0,0,0,0,0.0,0,0,0
c32b1cd6d65c7a54f3fec547b4731ca7a655e5d4,2012-01-23 07:34:42+00:00,1,10,10,19,0,0,0,0,0.0,0,0,0
a89530aef59af2eb7b7619e571003f916e6c4626,2012-01-23 07:42:05+00:00,1,32,6,28,0,0,0,0,0.0,0,0,0
1bc377b1885c9a04d19483cb14d945cd25ac2836,2012-01-23 07:42:34+00:00,1,4,4,6,0,0,0,0,0.0,0,0,0
976bfbf6871ea8036fead81c010b023562abd0ab,2012-01-23 07:43:38+00:00,1,1,1,4,0,0,0,0,0.0,0,0,0
ac82fa47a0f3fb290cb23ca80dfb26235203a428,2012-01-23 07:49:10+00:00,1,1,0,10,0,0,0,0,0.0,0,0,0
50298bbf97b317f17b3e1cf9287e912fb5de886e,2012-01-23 07:52:38+00:00,1,1,1,3,0,0,0,0,0.0,0,0,0
4293e3fdb20c53d744c38db0c78d18fa62e2d34a,2012-01-24 02:56:05+00:00,1,4,4,65,0,133,133,443,1.000000238418579,1,0,0
02f6555536a9dee5e5bb83a5e4b96cc6d754c090,2012-01-24 15:59:41+00:00,1,1,0,27,0,0,0,0,0.0,0,0,0
c430b60e38465108dddb4af2dea25637cfbae7d0,2012-01-24 20:56:59+00:00,2,148,86,57,1,87,84,458,1.0,34,76,0
0bbdbac17fc40cc193679e7e84cfd06c6ae7eb9d,2012-01-25 14:03:20+00:00,1,7,2,10,0,0,0,0,0.0,0,0,0
16aa444261ef2b7ac50c7dc7b6566d55abac49b0,2012-01-25 14:04:41+00:00,0,5,4,77,0,0,0,0,0.0,0,0,0
80eafe3b63389539a201e6d26505ad91c2428fcc,2012-01-25 16:21:07+00:00,2,8,2,42,0,219,134,870,0.99982750415802,36,76,0
cb64d311719e627df0f78c8446d40326899206c3,2012-01-25 16:25:26+00:00,0,8,2,92,0,0,0,0,0.0,0,0,0
2b202aabd7f7e3b7150603e7aa1097ef97379cae,2012-01-25 16:26:04+00:00,1,1,0,10,0,0,0,0,0.0,0,0,0
5ca5b7ec65793bd508ccd1655329f6442649823f,2012-01-25 16:26:08+00:00,0,8,2,58,0,0,0,0,0.0,0,0,0
ca57e93ebfefd9d60feb29611371b419f2624b5d,2012-01-26 02:13:04+00:00,1,3,3,34,0,0,0,0,0.0,0,0,0
a0ef4f2358d1123b6d7da263af7984f16c74b895,2012-01-26 06:40:30+00:00,0,3,3,87,0,0,0,0,0.0,0,0,0
f478c346712d730df0cbe410b632bd120b0589aa,2012-01-26 18:45:38+00:00,1,5,0,54,1,86,86,429,0.9969949126243591,35,77,0
ec4edae97770897d7975b9ac447962f6336966df,2012-01-27 17:16:47+00:00,1,3,0,10,0,0,0,0,0.0,0,0,0
04c0bcc9b482180351d9a9f1e1e70bb5b8186784,2012-01-27 17:18:56+00:00,1,2,1,4,0,0,0,40,0.0,0,0,0
e6959412aa7f0d54e01d9448a90da84de1fec0f2,2012-01-29 04:10:03+00:00,1,11,10,19,0,0,0,55,0.0,4,0,0
49bed18a8357cf60761e55bb88802233de78bbe3,2012-01-29 21:51:28+00:00,1,2,5,19,0,134,134,442,1.0000001192092896,1,0,0
3020d0e56a552cd0a1f603aba69393511ac22d81,2012-01-29 21:52:08+00:00,1,2,3,125,0,134,134,440,1.0000001192092896,1,0,0
730c0e2e2bef77968a86962f9d5f2bebba4d19ec,2012-01-29 22:31:57+00:00,1,3,0,187,0,134,134,442,1.0000001192092896,1,0,0
4516bd45b23dccf819e1d3d564415276ccbe7b07,2012-01-29 23:00:33+00:00,1,4,1,38,0,134,134,445,1.0000001192092896,1,0,0
495646bb6a89802a60208c2ab09749edba1f8e51,2012-01-29 23:42:46+00:00,1,5,8,120,0,8,8,39,1.000000238418579,0,0,0
b98cc8b4e9d8c4c12b8f52c9a9be151c306cb977,2012-01-29 23:43:13+00:00,1,0,3,101,0,134,134,440,1.0000001192092896,1,0,0
67f50a0fe53765987e5a6a1c02daabe6400322af,2012-01-29 23:45:14+00:00,1,2,0,133,0,134,134,441,1.0000001192092896,1,0,0
319b1ed551259587edc189a2c60fe7939ae964fd,2012-01-30 00:06:41+00:00,0,10,15,80,0,0,0,0,0.0,0,0,0
c363ca476fd378c854407fbd63d628893671027c,2012-01-30 07:24:54+00:00,1,3,0,337,0,135,135,444,0.999852180480957,1,0,0
a61a861cfb8ae9a0bb14e4fce7859a5ed865840c,2012-01-30 11:23:43+00:00,1,1,8,72,0,132,132,437,0.9993161559104919,1,0,0
5be412db133b46288409a9bb195c24f9e74cf405,2012-01-30 14:33:14+00:00,2,1,5,16,0,134,134,442,0.9997604489326477,1,0,0
8d700dd1e510b989dc85801d7a9b5dfd3bec4b39,2012-01-30 14:33:31+00:00,0,3,0,86,0,0,0,0,0.0,0,0,0
2f1395635714d96f5b6d5655cd2ad5ba83d80c29,2012-01-30 14:35:53+00:00,0,1,8,86,0,0,0,0,0.0,0,0,0
986704dc62dc7bce0ed323a25dc3c52fe24cef06,2012-01-30 14:41:09+00:00,3,12,2,7,0,0,0,15,0.0,0,0,0
120e62900b83613228bbec68e3b4facb84a04b9e,2012-01-31 07:15:55+00:00,1,1,1,19,0,0,0,0,0.0,0,0,0
4f10605389812e84998e73e91754aeff0bc09b41,2012-02-01 18:33:59+00:00,1,1,1,10,0,0,0,15,0.0,0,0,0
b47effe5d890edec7cb1b9ffc2bd9a2625246d60,2012-02-01 18:35:34+00:00,1,1,1,7,0,0,0,15,0.0,0,0,0
b898415d0d466a77a6a64f1ddfd033c01e5d8ddf,2012-02-02 22:23:47+00:00,1,0,1,27,0,0,0,0,0.0,0,0,0
a74481a1d496cfa77d6ecf23b6a3fe34b3012084,2012-02-03 18:24:00+00:00,1,0,1,29,0,0,0,0,0.0,0,0,0
2a27b123fd5bda2030e81995ff77e0e06f09ceca,2012-02-03 19:16:23+00:00,1,9,1,35,0,162,162,496,0.9999999403953552,1,0,0
fed6cfbf4d282cc5056fd1e26b999523fdac73b1,2012-02-03 19:40:20+00:00,1,188,0,49,0,47,47,150,1.0000003576278687,0,0,0
c4ab96b63800f04511aada9b5899540a7937967a,2012-02-03 20:12:41+00:00,3,40,37,49,0,252,160,796,1.000000238418579,1,0,0
f8b3141204c83737fd6ab7a5ba3aa84e0a1b6d61,2012-02-05 02:55:55+00:00,2,4,1,130,0,67,67,217,0.9999679327011108,2,0,0
c40d6d05096ce10440390f11753985bcb6b96e86,2012-02-05 03:18:22+00:00,1,3,3,182,0,68,68,148,0.999992847442627,0,0,0
b7842ab34b6cfae91b62eb1c251b0a460c3d62df,2012-02-06 12:42:34+00:00,1,2,2,31,0,68,68,148,0.0,0,0,0
afa2e86a4d2d7967069dcc49933db32e26058a5e,2012-02-06 17:08:03+00:00,0,2,2,76,0,0,0,0,0.0,0,0,0
12f9aa3669848dbf810a1e421032686315c3ba89,2012-02-12 10:16:48+00:00,0,3,3,122,0,0,0,0,0.0,0,0,0
0a17badb21c2dd9ceabb82dc6f3ca30a2c8d5aad,2012-02-13 15:52:25+00:00,2,14,5,51,0,154,86,609,1.0,37,77,0
f72c13ffdad47ff684d102b6d9fb6122db899891,2012-02-14 00:03:03+00:00,2,3,1,299,0,70,70,302,0.0,2,2,0
5a2a78f7df15a216c2852167ee780d9084b9e064,2012-02-14 00:14:39+00:00,0,3,1,88,0,0,0,0,0.0,0,0,0
329efcae6e93e992582f0f3e01f4a7ed31b54979,2012-02-14 00:47:14+00:00,1,22,0,250,0,87,87,438,0.9994746446609497,35,79,0
cf54f60367199042d56334c9a1e2a75546025933,2012-02-14 00:50:02+00:00,2,4,7,263,0,199,132,612,0.9999411106109619,3,0,0
08bc1198d3ed312ab5ce60c29d8447dd5d3f90ea,2012-02-14 01:15:32+00:00,1,14,0,138,0,87,87,442,1.000000238418579,35,80,0
75bd9d0e9446dd9819142848fb26c6b8ae8c3532,2012-02-14 01:20:48+00:00,1,8,0,108,0,87,87,447,1.000000238418579,35,81,0
c0763bb8d5b3f4ac74a1d77d064474e4823e2246,2012-02-14 01:49:31+00:00,1,2,2,163,0,87,87,447,0.9995386600494385,35,81,0
fcac1c3746b72777b8b25f78b9abff0d3e283389,2012-02-14 01:51:03+00:00,1,27,1,502,1,71,71,192,0.9999999403953552,2,0,0
1ffce4f7dcb646c4c4b357c214aa9ad77e69f645,2012-02-14 01:57:49+00:00,1,1,3,89,0,70,70,190,0.9994800686836243,2,0,0
9e2f5dd0ed26aedd83c39d68844b8322385592dc,2012-02-14 09:30:10+00:00,0,74,9,82,0,0,0,0,0.0,0,0,0
658da765ecc72b369a9f01d267ffb5db4bb6871e,2012-02-14 10:25:40+00:00,1,1,1,160,0,70,70,302,0.0,2,2,0
d7107c2cdcdc380c610112bd22f292b2f2113b83,2012-02-14 12:58:35+00:00,1,3,1,47,0,70,70,303,0.0,2,2,0
80e29bfcab15a7e4ed3c10a013bd80010f9ea071,2012-02-14 14:11:25+00:00,1,3,3,28,0,70,70,303,0.0,2,2,0
3ae0ff36853d14b3bb23f1344df4889f0f44ed4c,2012-02-15 00:47:02+00:00,1,23,0,65,0,87,87,464,1.000000238418579,35,85,0
3bd5406c0628b4e917d5dc47eb0fbf0697e8ea3d,2012-02-15 01:00:47+00:00,1,16,6,60,0,137,137,446,0.9999997615814209,1,0,0
b8298b071032e90dd9de3af0a96cbb9ec9cb2e13,2012-02-15 01:03:08+00:00,2,6,6,95,1,207,137,636,0.9999997615814209,3,0,0
690426ac86bb3423fcd6e57a1443c6d4ca3a8952,2012-02-15 01:06:34+00:00,1,1,0,28,0,0,0,0,0.0,0,0,0
b887ea3b609de754326fce19e6a6f3e06d703e98,2012-02-15 06:00:52+00:00,0,45,11,54,0,0,0,0,0.0,0,0,0
5e76943f021a10a1308f3fe586c43358ef8bb353,2012-02-15 06:08:10+00:00,0,3,1,73,0,0,0,0,0.0,0,0,0
7f761f3adf0992a83fc46d741ea5f6555647086b,2012-02-15 06:18:41+00:00,1,2,0,18,0,0,0,0,0.0,0,0,0
d39cdc45d13c36faf6cbb32425afa7256bd81e5b,2012-02-15 06:21:38+00:00,1,2,2,25,0,137,137,446,1.0000001192092896,1,0,0
1b6f1b091c933a8bbc99b3e2b7e5cdc19aac9d68,2012-02-15 06:25:29+00:00,0,14,5,90,0,0,0,0,0.0,0,0,0
69c7a8638eb9277e384c31370864aa8af0419087,2012-02-15 06:42:52+00:00,1,1,1,18,0,0,0,0,0.0,0,0,0
c0f066626eacc1e412f0288906c681512d8761e8,2012-02-15 06:42:57+00:00,1,0,2,10,0,87,87,467,0.0,35,85,0
58bf1588401410e771797c06a8def16a9c7f53ff,2012-02-15 06:46:06+00:00,1,1,1,12,0,0,0,7,0.0,0,0,0
4a8e6415c76bee9c4a244010490794088e758f12,2012-02-15 06:47:08+00:00,1,7,6,2,0,0,0,0,0.0,0,0,0
75b0c4be1b71831768e44517b63258f68b04792e,2012-02-15 07:01:36+00:00,1,1,3,43,0,23,23,95,0.9996973276138306,0,0,3
ab4c03adc343a7e97575bd02e57bdbf82cea9d86,2012-02-15 07:03:13+00:00,1,0,5,8,0,137,137,446,1.0000001192092896,1,0,0
0d8c08cd22018bbda2ba4eef07af49f42d5b9006,2012-02-15 07:03:26+00:00,2,12,2,27,0,93,88,494,0.9997214078903198,36,89,1
91ac5ba110e1d85544af3edaa375837db861e426,2012-02-15 07:07:55+00:00,1,1,1,30,0,137,137,446,1.0,1,0,0
00b13673e32e45d2eb6517c0cf81915467331d8f,2012-02-15 07:28:53+00:00,2,13,8,8,0,210,136,641,1.000000238418579,3,0,0
27590605596a4c3e282181343102dbbd91dadadc,2012-02-15 07:45:21+00:00,1,88,84,12,0,86,86,431,0.9997636079788208,35,77,0
0b9a2a158135c1d8214f0562af14164ecd96b540,2012-02-15 07:52:12+00:00,4,22,10,15,0,94,86,496,0.998177170753479,36,80,1
ec109c9ac89bf945715a429010706539a262e502,2012-02-15 07:53:50+00:00,2,7,3,10,0,137,137,446,1.0000001192092896,1,0,0
e663c77e70a24fb1fc409326a5989728855ec4a9,2012-02-15 07:54:00+00:00,1,2,2,9,0,74,74,198,0.9999749660491943,2,0,0
dacaae520a84d2a2e373ca2fc3b7a77d44dd9dc2,2012-02-15 08:09:26+00:00,1,3,0,26,0,138,138,448,0.9998913407325745,1,0,0
b5212ddc3dcde30e3d0e3daefcc49e2dd76049ff,2012-02-15 08:09:40+00:00,1,0,27,30,0,70,70,188,0.0,2,0,0
8e2696b385399ccda20c768dc485f38b4b44cdac,2012-02-15 08:14:48+00:00,1,1,0,7,0,0,0,0,0.0,0,0,0
d339b0f64fb2ea53519366729371b3b497dd2286,2012-02-16 18:21:32+00:00,1,13,2,34,0,88,88,440,0.9984985589981079,35,77,0
1ded0ad3d55a100234f0f06e37315bd65664e8f5,2012-02-16 19:32:20+00:00,1,2,1,24,0,88,88,441,0.0,35,77,0
640538adcb81fd5930eadb1ecf47dcb8a0a62ab3,2012-02-16 20:20:20+00:00,3,16,9,104,0,297,139,1078,0.9999322891235352,38,77,0
544ebf402f50cd7afbbe0e04b553a64872111b6c,2012-02-16 20:42:05+00:00,1,2,2,25,0,87,87,438,0.9999322891235352,35,77,0
7548bc7ccc96f40a31c385895faaab50bc1bb830,2012-02-16 23:10:44+00:00,1,2,2,18,0,0,0,0,0.0,0,0,0
590ce29743d6c8d68f3885a949a93fdb68f4d142,2012-02-19 09:41:19+00:00,2,31,8,40,1,132,87,584,1.0,36,78,0
fdbb53db19382e82e6ad67235a9fe16811cfa6e9,2012-02-20 17:06:59+00:00,1,4,4,8,0,87,87,443,0.9997636079788208,36,78,0
dd89df314d2dd882fc62ab16746ffe0ab3c37714,2012-02-20 17:09:46+00:00,1,5,0,7,0,0,0,0,0.0,0,0,0
5f834715d071438c31dbdeef046c8ab1bdbe19af,2012-02-20 17:11:31+00:00,0,20,1,75,0,0,0,0,0.0,0,0,0
e7efce91fbb8ded451f698147957eb333d7507dc,2012-02-20 17:21:01+00:00,1,11,27,14,0,139,139,452,1.000000238418579,1,0,0
cf37f63ccb36d47fdd71a6f33b0aaf9a49ba59a0,2012-02-20 17:22:11+00:00,1,2,1,4,0,0,0,0,0.0,0,0,0
fe10eeb5bec86e4d2055c63d7686eda53f69fd2f,2012-02-20 17:25:48+00:00,3,16,16,7,0,209,139,655,1.0,3,0,0
4f75f1f41d1301be93b7918ffb8140314ac5105d,2012-02-20 17:30:12+00:00,1,2,0,23,0,71,71,188,0.9999616742134094,2,0,0
d806ffc1cd0e5ceba17d0edd044e07855502f2d2,2012-02-20 17:30:22+00:00,1,19,75,13,0,88,88,441,0.9999553561210632,36,78,0
80fe5dc147cf2d90128e2f4966976b3a7a7ee932,2012-02-20 17:31:52+00:00,1,7,0,23,0,90,90,446,0.999608039855957,36,79,0
ceb42dd5defe9b05a72f27addc1977a2d54948fa,2012-02-20 17:39:25+00:00,1,0,2,12,0,0,0,0,0.0,0,0,0
e0d1b09ffe01d8de3f144fa02bae7071c0b25da2,2012-02-20 18:40:55+00:00,1,1,1,48,0,140,140,453,0.9997074007987976,1,0,0
2c55d269ce87d405c1bafbbcdc797c62a401167d,2012-02-20 18:46:54+00:00,1,2,2,24,0,140,140,453,0.9995510578155518,1,0,0
709c8bdcbf9a4b37a69e7790768c1d46ebac0035,2012-02-20 18:49:06+00:00,2,5,5,7,0,0,0,15,0.0,0,0,0
124c172c727f374a44b3c58cdf508f92b0dc959e,2012-02-20 18:49:29+00:00,1,1,1,10,0,0,0,0,0.0,0,0,0
b355b678a9de0bd5e43bbb4d9299ab9fa8e6fd85,2012-02-20 18:51:46+00:00,1,6,0,25,0,91,91,450,0.9986852407455444,36,79,0
709828204a7f6f23a52a5169430c52d6913a9fc2,2012-02-20 18:56:11+00:00,1,1,1,40,0,45,45,141,0.9999943375587463,0,0,0
6f5735274b9ce2c61345adf8d7657b01b1623320,2012-02-20 19:02:13+00:00,2,3,2,20,0,9,9,21,0.9999940395355225,0,0,0
2f33679cb39c144a9fef591e5140a766c92d66f5,2012-02-20 20:35:02+00:00,1,1,1,7,0,45,45,141,0.9999998807907104,0,0,0
79bb9ee1417afe2231972c1331308500104e5dc7,2012-02-20 20:35:19+00:00,1,33,1,13,1,79,79,206,0.9979403018951416,2,0,0
de0658f7e82982a398e8acef3470ed6be0e3c52e,2012-02-20 20:43:38+00:00,1,5,1,29,0,141,141,455,1.0,1,0,0
b0e18650735dc667f76f6aff108877f03b729c23,2012-02-20 20:43:45+00:00,1,4,2,9,0,80,80,208,0.9995136857032776,2,0,0
fd7610dd7a144879481b48e3b5412753b8499776,2012-02-20 21:07:36+00:00,1,1,1,20,0,80,80,208,0.9999616742134094,2,0,0
faae6b87b14851a75a62c3c4e82e0b571e3a8fa3,2012-02-20 21:12:08+00:00,1,5,0,7,0,0,0,0,0.0,0,0,0
8c873712fe89b9a4378cf069191a197d1eb6500a,2012-02-20 21:20:07+00:00,1,1,0,6,0,0,0,0,0.0,0,0,0
793d314c8d45d891c4aff7a94f4cfeed6d4b00d0,2012-02-20 21:20:44+00:00,0,48,4,33,0,0,0,0,0.0,0,0,0
c9b49202302085c5b121b5f56962d148f5f21962,2012-02-20 21:21:25+00:00,1,2,2,7,0,0,0,15,0.0,0,0,0
8b750ee18222bc20528c724bf3eb05bc5831d9f7,2012-02-21 08:24:52+00:00,1,7,0,57,0,0,0,0,0.0,0,0,0
99a60748162bcf6d92f0dc35a82b2e33a5d22a01,2012-02-21 08:27:16+00:00,0,7,0,105,0,0,0,0,0.0,0,0,0
572c15d0494125b62ec84a670eefd3fd4615c573,2012-02-21 21:53:33+00:00,1,3,1,221,0,80,80,208,0.9999833106994629,2,0,0
3c5860018735fbb25414a55c2035737bcf2aa6b6,2012-02-21 21:55:50+00:00,0,3,1,87,0,0,0,0,0.0,0,0,0
2ef0b1b51de9a0895eacd2b01c3f8b9c04f2b2f2,2012-02-21 22:51:38+00:00,1,1,1,26,0,70,70,303,0.0,2,2,0
1661bf654385c51c7a33e4fe9fd01c2873244df5,2012-02-23 16:28:56+00:00,1,1,1,57,0,80,80,208,0.9999867677688599,2,0,0
09c0365255a639932f0d17233249f298de000d03,2012-02-23 22:51:59+00:00,1,2,2,55,0,80,80,208,1.0000003576278687,2,0,0
e63dff0a3ac0ad87981fa3cb56049803bb6953b8,2012-02-24 03:14:31+00:00,1,7,0,9,0,0,0,0,0.0,0,0,0
14f57f658571f07b06b4a66525d8021b75328f3c,2012-02-24 03:21:16+00:00,0,10,1,58,0,0,0,0,0.0,0,0,0
746d2cad5db2fa416174f62f0266ab35dea3802a,2012-02-24 03:22:43+00:00,1,1,0,7,0,0,0,0,0.0,0,0,0
4b0d53dcb7e1d152d1c04eeb02660b21f4f072e9,2012-02-24 03:27:29+00:00,1,1,1,8,0,0,0,0,0.0,0,0,0
bbdf81dc1c230bed7422ec62a7e3d4f43ad1ea60,2012-02-24 03:34:17+00:00,1,1,1,12,0,0,0,0,0.0,0,0,0
7fa6276eb746ff760332daaae003af0643826d05,2012-02-24 03:43:16+00:00,1,3,1,30,0,0,0,0,0.0,0,0,0
7234c7240acfa60562f8ba49ac63f1b2461eb1a6,2012-02-24 04:51:24+00:00,0,11,1,34,0,0,0,0,0.0,0,0,0
e18e79d8202a58186d7376d491a2a922e2a9454f,2012-02-24 05:44:01+00:00,1,1,1,11,0,80,80,208,0.9999833106994629,2,0,0
83b4081e854f5ee803e41a66f7f5e4002330ed97,2012-02-24 05:45:17+00:00,1,2,0,8,0,0,0,0,0.0,0,0,0
ea1d5f36480c7f9ba9d15aebd94d3df7db95dd72,2012-02-24 23:42:33+00:00,2,7,1,27,0,233,141,908,0.9998776912689209,37,80,0
d974b46dbef560cce203b82c9491e7804edba7eb,2012-02-26 02:57:30+00:00,1,2,4,22,0,92,92,452,0.0,36,80,0
531dc351263f1630a72eb4960b13b8df1233457f,2012-02-26 03:04:33+00:00,1,23,2,51,0,11,11,47,1.000000238418579,0,0,0
6ce27f7d55df7cb3e9c178c4ced5549378cc6b2b,2012-02-26 03:39:29+00:00,0,23,2,75,0,0,0,0,0.0,0,0,0
f5b0043c085d82e7eac93caa334d3f3dc08d1d1e,2012-02-26 03:40:18+00:00,1,1,0,4,0,0,0,0,0.0,0,0,0
d3b7f9881490c1429b4310c97f79a432ec7d76a5,2012-02-26 03:44:46+00:00,1,5,2,24,0,142,142,458,0.9999790191650391,1,0,0
cfeb485434ec544f57ccfcd3204b1880d821e8ac,2012-02-26 04:05:39+00:00,2,10,2,7,0,0,0,15,0.0,0,0,0
83f4c01564b6b536e052f16e29ad0ba4b8a9512e,2012-02-26 04:11:06+00:00,1,1,1,15,0,0,0,0,0.0,0,0,0
7cc2d468c7e4620a32c829e2ff0117b3395cf6ab,2012-02-26 04:11:20+00:00,5,69,26,14,0,119,69,476,1.0000003576278687,1,0,0
bdcbabb758772b54d3344d15bdf941224f425b4c,2012-02-26 04:14:11+00:00,0,1,1,85,0,0,0,0,0.0,0,0,0
f0e0a62bbef5b428a155afe18fc160804b9010a6,2012-02-26 04:14:49+00:00,0,1,1,79,0,0,0,0,0.0,0,0,0
835053c55ed0cfb3486f1f761225acf12f1420a8,2012-02-26 04:15:33+00:00,1,1,0,4,0,0,0,0,0.0,0,0,0
508bd267416a4a874fde5d41ec0fe515e4a0ce99,2012-02-26 04:15:54+00:00,0,1,1,58,0,0,0,0,0.0,0,0,0
56c36ac27dcc86c7a9cd54b2da8d90a05f71be55,2012-02-26 04:16:08+00:00,1,5,0,7,0,0,0,0,0.0,0,0,0
0eb5b633aa9943b447c0033ba97c06bcb7bf0d72,2012-02-26 04:17:45+00:00,1,2,2,7,0,0,0,15,0.0,0,0,0
4a5c94f4101ef26ee48aa578dd44506f8c948f79,2012-02-26 15:22:47+00:00,2,2,1,29,0,0,0,0,0.0,0,0,0
d6c2d8f1dc9d3d3cd1d9a57f1eb19aa93f8b2e99,2012-02-26 15:24:48+00:00,1,7,1,8,0,0,0,0,0.0,0,0,0
32a6d07036f567ef331033368995d166734d223f,2012-02-26 15:25:26+00:00,1,1,2,8,0,0,0,0,0.0,0,0,0
ec979dc60a1796d77ff778669b0a8f2b7634c9c8,2012-02-26 15:26:45+00:00,1,1,0,17,0,0,0,0,0.0,0,0,0
7cc898f9ed529ab585af6254b4872f80f9fc920b,2012-02-26 16:30:44+00:00,1,1,1,17,0,0,0,0,0.0,0,0,0
e2645826be0449842dcc812e31541c5254c69e05,2012-02-28 17:08:37+00:00,1,2,0,97,0,143,143,460,1.0000001192092896,1,0,0
97815c9930e20d6cf378681bb39a57ebe6e3b2b8,2012-02-28 20:02:21+00:00,2,5,0,21,0,46,46,145,1.0,0,0,0
313ff95ee42f3e7bd1f627c2afaf3eeebbf9a2cb,2012-02-28 20:08:48+00:00,0,5,0,83,0,0,0,0,0.0,0,0,0
ca45da39fae6d405ee291fd898133c9ad8740c6c,2012-02-28 20:16:01+00:00,1,0,1,27,0,46,46,144,1.0,0,0,0
a3a7c504ade46ed3a0e1375bfd803d1531fcd8fb,2012-02-28 20:19:25+00:00,0,0,1,89,0,0,0,0,0.0,0,0,0
ab0714ce9cfe477f4e6777daf9bdf3cea0bc7442,2012-02-28 20:21:12+00:00,1,1,1,7,0,0,0,0,0.0,0,0,0
65eaebb177bc515d190b97ad3d0a899fa0b4763c,2012-02-28 20:21:21+00:00,0,4,0,58,0,0,0,0,0.0,0,0,0
1532effb68aaa8eda8ee6a250b72de9e72c5de22,2012-03-01 22:20:01+00:00,1,1,1,61,0,142,142,458,1.000000238418579,1,0,0
6bb0529bedf7e508c2413736106f625d9eb3fa2a,2012-03-01 22:21:45+00:00,0,1,1,113,0,0,0,0,0.0,0,0,0
228c5e68aedc7d5d1e4b5bcc49aa4ae4811fbecd,2012-03-05 17:39:19+00:00,2,21,25,289,0,233,141,910,0.9999153017997742,37,80,0
09b6aef8355aa0cb3c8fe10addae01b08df9f0bc,2012-03-08 00:13:34+00:00,1,1,0,19,0,0,0,17,0.0,0,0,0
54b2cb0b2744470dce8801bfe76e3041eadb336f,2012-03-08 00:25:27+00:00,4,16,3,24,0,148,142,492,1.000000238418579,2,4,1
c1a44259d6f8f44618788c712e3638b9b4d77c50,2012-03-08 00:25:46+00:00,1,2,1,22,0,143,143,459,0.9999999403953552,1,0,0
cf5ddecc4cfcbf0fa75958c2d44f68b1518a632b,2012-03-08 00:28:04+00:00,4,9,4,10,0,143,143,491,0.9999999403953552,1,0,0
abca7f0ad09bc9d42289b5ff0bb2ee56e9b45239,2012-03-08 00:30:30+00:00,0,1,1,58,0,0,0,0,0.0,0,0,0
658d609e9ffcef264b172a37e2c82649e4a28ef3,2012-03-08 00:46:15+00:00,2,2,2,26,0,235,143,911,0.9999999403953552,36,80,0
946f7ec579c7784cb5c65301eab5d5d81e562128,2012-03-08 00:50:02+00:00,1,1,0,15,0,0,0,17,0.0,0,0,0
2f91d8e77337cceb37a11a3efea7107318163ef5,2012-03-08 00:54:53+00:00,1,0,7,4,0,0,0,0,0.0,0,0,0
21c2146be451a623012ca561c8322f970e7eeb4a,2012-03-08 11:38:00+00:00,2,35,0,55,0,146,146,464,1.000000238418579,1,0,0
1cf5ec872c4db961addcfe7ba7d167c04205b030,2012-03-08 16:19:33+00:00,0,27,9,60,0,0,0,0,0.0,0,0,0
fba77fc65f40ba10428346c0d01fe6c5d55ddbce,2012-03-08 21:10:18+00:00,2,7,1,22,0,238,145,919,1.000000238418579,36,81,0
0e65dff008f8d18fd6545d4b3e1656e048f3306d,2012-03-08 21:22:38+00:00,1,0,2,107,0,144,144,461,1.0000001192092896,1,0,0
bd0e00280460b28d3bf715d64888605750d9e735,2012-03-08 22:44:07+00:00,2,6,5,38,0,99,92,485,0.9999288320541382,36,85,1
0eb25094494e0b786f10ae376097cb2583cdb5dc,2012-03-08 22:57:58+00:00,0,9,2,100,0,0,0,0,0.0,0,0,0
e15ae8f9a757447807932f29c0b6af687e1d6a85,2012-03-09 15:55:54+00:00,3,11,2,7,0,0,0,33,0.0,0,0,0
77e5443f71f29f30c997dc0e6645ee57f40ef4eb,2012-03-09 15:58:00+00:00,1,4,4,49,0,150,150,464,1.000000238418579,1,0,0
98cbde132477f058d355148f3bc612134ec6e3ff,2012-03-09 15:59:08+00:00,1,1,0,10,0,0,0,0,0.0,0,0,0
c7f165ae6f7bad00721330bf089e6eb745fb3776,2012-03-09 16:03:20+00:00,0,21,25,79,0,0,0,0,0.0,0,0,0
4aad69594de6b3deb81dfa2b036585c1244fee3c,2012-03-09 16:07:10+00:00,2,7,2,21,0,149,149,463,0.9997256398200989,1,0,0
d203349740ef333ff8fb30c50bef8b9e1f124fad,2012-03-09 16:07:17+00:00,0,9,2,58,0,0,0,0,0.0,0,0,0
9451ae2e98708ea0664b1317ed84e49e6c1f259f,2012-03-09 16:26:12+00:00,1,2,3,34,0,150,150,465,0.9999924302101135,1,0,0
253cba373bc393526a15da38aa364ac10631e53c,2012-03-09 16:35:51+00:00,1,12,8,18,0,151,151,467,0.9999995827674866,1,0,0
9f55f503b1c5a2b5146792613eb17ba4cad47b68,2012-03-09 16:43:12+00:00,3,56,4,36,0,163,151,522,1.000000238418579,5,9,1
0a1e527aec37b7c419a9bb976e3fcf3514570448,2012-03-09 16:51:03+00:00,3,12,3,23,0,151,151,482,0.9999164938926697,1,0,0
d078b69aefc24ec6fc52fcaf4334c2573e5168fc,2012-03-09 16:56:41+00:00,1,9,4,45,0,81,81,212,0.9973242282867432,3,0,0
6562137731f9ad11be7c156fa25220fc3a7ffe03,2012-03-09 16:59:12+00:00,1,1,2,14,0,0,0,0,0.0,0,0,0
bc5cc0dc92ae0b6edc356c90637a0d64e1d5042b,2012-03-09 22:26:57+00:00,1,3,0,433,0,152,152,476,0.9993939995765686,1,0,0
83a9f2c7407347a4e1e148e2a1bea4b47e1543c0,2012-03-12 02:22:29+00:00,1,4,1,58,0,152,152,476,1.0000003576278687,1,0,0
06f048e5074da7b02ce640a3531a58956f656de4,2012-03-13 03:46:23+00:00,1,2,2,5,0,0,0,0,0.0,0,0,0
8d1a85a8d0e542088f3cb5d87e506356f6e6a499,2012-03-13 03:51:59+00:00,0,2,2,32,0,0,0,0,0.0,0,0,0
8d34538f4c702657698c1784ef8e5face7f400e5,2012-03-13 03:54:02+00:00,1,2,2,13,0,0,0,0,0.0,0,0,0
17170a2ca7672c6b05282c45f91430a32d8521fc,2012-03-13 19:59:33+00:00,0,0,0,78,0,0,0,0,0.0,0,0,0
84d9a1b577b69bcf5af18c232990b5a9c7d4dec3,2012-03-13 23:39:51+00:00,1,9,0,16,0,48,48,148,0.9999999403953552,0,0,0
0dd6c4020535bbd45f25580dae5037b77cc1b707,2012-03-13 23:42:16+00:00,2,12,1,13,0,131,83,363,0.9999999403953552,3,0,0
29309201b66c19445719600297edbac74c1a4264,2012-03-13 23:44:45+00:00,1,0,12,12,0,46,46,144,0.9999998807907104,0,0,0
eae641485bf46081f0f36726716f27034e814d50,2012-03-14 00:04:26+00:00,1,1,1,20,0,23,23,95,0.0,0,0,3
cc4381b91ea462ccc92c7700aa1c0638dc21bf01,2012-03-14 00:05:24+00:00,0,21,1,71,0,0,0,0,0.0,0,0,0
8f8062723ae75b25c6f7b1dead7a52e611734302,2012-03-14 00:10:32+00:00,1,0,1,22,0,81,81,211,0.0,3,0,0
82e69de44f222f9af0ef0888ae78995298efbd92,2012-03-14 22:57:30+00:00,3,23,3,81,0,210,153,658,1.000000238418579,1,0,0
fc618aa78a63d372e160a42f1589dbb738ab16a2,2012-03-15 00:15:29+00:00,3,17,19,281,1,210,153,656,1.000000238418579,1,0,0
f6ed16bbbe98671c54ec0c3f67cc21e17b2c0779,2012-03-15 00:27:02+00:00,0,1,1,58,0,0,0,0,0.0,0,0,0
093709be4d2aa0e7d49ea59303f972ba2ab7cc91,2012-03-15 00:27:07+00:00,0,23,5,78,0,0,0,0,0.0,0,0,0
4677ba5cd9ba5a1aed98b9b60d3e1431a0ca2cb9,2012-03-15 00:29:30+00:00,1,2,2,44,0,154,154,483,1.000000238418579,1,0,0
1c73ec22e93c15d584cab3c14578e03e6313bad4,2012-03-15 00:30:03+00:00,1,1,0,13,0,0,0,0,0.0,0,0,0
0c0bab3ad0bdf15204aa2b0f426304a6dd655da0,2012-03-15 00:31:43+00:00,2,8,2,7,0,0,0,15,0.0,0,0,0
ee861f42873ed3b19dd382c3d6fb9e0d5a7521cf,2012-03-15 02:54:06+00:00,1,1,1,14,0,70,70,303,0.0,2,2,0
5b7a79b0ff403987fb1a7ad3621e60873e26d7b0,2012-03-15 03:08:17+00:00,0,1,1,62,0,0,0,0,0.0,0,0,0
d6827a37d00f3fcdac56e5dd978400e9ec1a7371,2012-03-15 18:41:45+00:00,2,7,1,249,0,15,11,88,0.9970574975013733,0,0,0
a094ad8f312165b96d889cb4d24eb5954556a0db,2012-03-16 01:05:08+00:00,1,1,1,32,0,0,0,0,0.0,0,0,0
f0019c06d7280fbeaefb283356eade4513d883ce,2012-03-16 01:13:26+00:00,0,1,1,84,0,0,0,0,0.0,0,0,0
dc7029ec981a4bc12827e007ee19ab0f6f2060ea,2012-03-16 01:14:35+00:00,0,0,0,74,0,0,0,0,0.0,0,0,0
9cf9d76eb5af142f983efb776776b0888febc978,2012-03-16 01:15:27+00:00,0,6,0,74,0,0,0,0,0.0,0,0,0
079a825ac3a8217c2bef82660fa318040131db6d,2012-03-16 19:32:50+00:00,0,7,1,59,0,0,0,0,0.0,0,0,0
f2172922c51932bf2155a9fb4d7be6475002f32e,2012-03-18 19:37:46+00:00,2,27,0,70,0,0,0,0,0.0,0,0,0
7b68c124d549853a1045cbeb5a16461799279780,2012-03-19 01:09:58+00:00,1,7,7,57,0,9,9,21,1.0000004768371582,0,0,0
44277441d6bc55254a54d827fcae9cb025371465,2012-03-19 01:11:15+00:00,1,7,7,57,0,46,46,148,0.999987781047821,0,0,0
e65f52aae4e347ecfbf1010745e899519ad5c6e6,2012-03-19 02:02:43+00:00,1,0,3,52,0,0,0,0,0.0,0,0,0
5c575b30c2811c1dddf86814f2bbd32376d80083,2012-03-19 02:02:46+00:00,0,8,2,58,0,0,0,0,0.0,0,0,0
3baf3ab069288e173afdcdbdfe495f4a58d7da11,2012-03-19 02:04:56+00:00,0,14,14,57,0,0,0,0,0.0,0,0,0
3c2f52d6813f181fc53b01f67ca25ef1fae0f321,2012-03-19 02:06:42+00:00,1,1,1,70,0,155,155,485,0.9998884201049805,1,0,0
f8ec2544ce61e7c006118d2adfc01357908571be,2012-03-19 02:07:31+00:00,0,27,0,114,0,0,0,0,0.0,0,0,0
613816dd9d2d0935967b50529074af18a666ab81,2012-03-19 02:08:51+00:00,0,7,1,124,0,0,0,0,0.0,0,0,0
76bf523a1f5d20de70e7ff5ddf2a681bea8987f8,2012-03-19 02:15:05+00:00,3,4,35,10,0,147,147,457,0.9993457794189453,1,0,0
12427e34349fa0b7fba880e91fe33156921b3e55,2012-03-19 02:18:49+00:00,0,1,1,73,0,0,0,0,0.0,0,0,0
eab2ab9faa0c61a899692978a0b67f657290931e,2012-03-19 02:19:48+00:00,2,3,0,11,0,0,0,0,0.0,0,0,0
82d1b340dc631c8520c5de9a9f707d88dffd96db,2012-03-22 18:57:19+00:00,1,1,1,218,0,0,0,0,0.0,0,0,0
6e26f5754bd44e079202f5a146657ed56464b023,2012-03-22 19:00:47+00:00,1,1,0,4,0,0,0,0,0.0,0,0,0
4c1852f9287fe796cc25b007139df23c0e7d38ba,2012-03-22 19:00:51+00:00,0,104,63,71,0,0,0,0,0.0,0,0,0
afb1bd103a10813f277614479f669a6e4630320a,2012-03-25 07:56:00+00:00,2,2,0,6,0,0,0,0,0.0,0,0,0
d24ee0e1dce2b8e387aca70ce9483b93ca618fae,2012-03-25 15:03:36+00:00,2,9,3,91,0,151,151,484,0.9999527931213379,1,0,0
b973d08b0e46d25c4e5b9b7e8e5e6a4ca440594a,2012-03-25 19:00:57+00:00,0,9,3,97,0,0,0,0,0.0,0,0,0
21ccf8f8c0266ca9d713c6717a25015b6c0bd748,2012-03-25 19:26:55+00:00,7,190,162,12,1,140,52,538,1.0000001192092896,1,0,0
3cc6acaca4ac7da52c3b3ae22c90bd447ce20edb,2012-03-25 19:26:58+00:00,0,9,3,58,0,0,0,0,0.0,0,0,0
f25901874ab9cb7c6be20f8126f744e13c49a041,2012-03-27 13:38:56+00:00,1,4,4,309,0,147,147,457,0.9996988773345947,1,0,0
13060f89c73fc91232cbd5eef88fa37b7b80eb75,2012-03-28 08:45:21+00:00,1,2,2,33,0,0,0,0,0.0,0,0,0
c205ce658f2eefe9b226af55e95b0d7e2700fa07,2012-03-31 02:58:38+00:00,0,2,2,77,0,0,0,0,0.0,0,0,0
e831947be43bc97b39d6e6e573cb0842b67fea80,2012-03-31 03:15:31+00:00,1,3,0,20,0,0,0,19,0.0,0,0,0
fff5269d1a9eb3c07acbbb0d995b689d674123c8,2012-03-31 03:15:43+00:00,1,1,1,29,0,83,83,215,0.9999746084213257,3,0,0
590211e13e948a5c65f8c6cf5cc291ed50cb2663,2012-03-31 03:15:47+00:00,0,2,2,58,0,0,0,0,0.0,0,0,0
b20d171c1c11ecee83b7e4a0beead1e54902d37b,2012-03-31 03:28:07+00:00,1,10,0,26,0,152,152,462,1.0000001192092896,1,0,0
193eb428911ff27cda1c0812a3fd7a9656a65fda,2012-03-31 03:30:56+00:00,1,8,0,7,0,0,0,0,0.0,0,0,0
18591920f3599d34a8c50d371d58d0d33bd4623f,2012-03-31 03:31:19+00:00,1,5,0,28,0,152,152,467,1.0000001192092896,1,0,0
dacc1d8aafedf80f8736d794005b6c8e8b1d4ad1,2012-03-31 03:42:04+00:00,1,2,2,45,0,46,46,148,0.9999998211860657,0,0,0
775b6f6f0098ffa9edd3874b1af4b98378377211,2012-03-31 03:42:56+00:00,1,2,2,7,0,0,0,15,0.0,0,0,0
11e5c8eab769f0303776f4b922004f34d37d3032,2012-03-31 04:08:38+00:00,2,2,3,8,0,0,0,0,0.0,0,0,0
9a62aa63808fd528475711c65b8ed220b40198cb,2012-03-31 06:51:38+00:00,1,2,0,14,0,0,0,0,0.0,0,0,0
04c329d703784f4d44bb9472f51e7723caabd264,2012-03-31 06:53:14+00:00,1,1,1,29,0,0,0,55,0.0,0,0,0
bcbc1be1c8782b4be98284fa285ff17b3f603254,2012-03-31 07:06:28+00:00,1,1,1,4,0,0,0,55,0.0,4,0,0
171b370b0e3bbc0288fb0e4addcef16bf670e324,2012-03-31 07:08:12+00:00,1,26,20,15,1,84,84,218,0.9999631643295288,3,0,0
dab3df76192536c7337806aa98874a035e39ed96,2012-03-31 07:11:43+00:00,1,1,0,32,0,0,0,0,0.0,0,0,0
751e2ea2d420b1c7dfc99f0e376184e3e97772d6,2012-03-31 07:21:31+00:00,1,2,6,7,0,0,0,0,0.0,0,0,0
d3adc9d334c7879525a6bfa7074375275f7eff9f,2012-03-31 18:22:49+00:00,1,1,1,26,0,0,0,0,0.0,0,0,0
13b07cb5d8abfd4fa740947d218e3b99eb089c10,2012-03-31 18:36:21+00:00,0,1,1,75,0,0,0,0,0.0,0,0,0
e12d053ab81c3b8580f6f4855eb194813caf6c70,2012-03-31 20:16:55+00:00,1,4,5,58,0,92,92,455,0.9998669624328613,35,80,0
87559696294841636155def413622f0f883d8756,2012-03-31 20:21:17+00:00,0,4,5,112,0,0,0,0,0.0,0,0,0
2bae0d295ba4d28392caf1aa4b8f95d54692db34,2012-03-31 21:39:26+00:00,3,7,6,25,0,53,52,245,0.9993680715560913,1,0,0
ccd19c53c887a1232d0870bddc4c1631fd8f2797,2012-03-31 21:39:31+00:00,0,5,6,58,0,0,0,0,0.0,0,0,0
48396f97a9ffedebbb821ed625aaf91958df1d76,2012-04-02 07:40:20+00:00,1,1,1,48,0,0,0,0,0.0,0,0,0
37f3a29d49453244c354b98a01fe765b5f01aaec,2012-04-02 07:43:11+00:00,1,1,0,13,0,0,0,0,0.0,0,0,0
a36439561266d7648566fd118bb75a2af34210a2,2012-04-02 07:44:00+00:00,0,1,1,100,0,0,0,0,0.0,0,0,0
03ae9bee74fbfb0a389be1ee3bd59e691f7017d4,2012-04-02 23:59:08+00:00,1,1,1,36,0,0,0,0,0.0,0,0,0
da288ad57a2875487aefc6d8fc624954c898e13d,2012-04-04 08:03:49+00:00,1,2,2,21,0,0,0,0,0.0,0,0,0
c7b1bc81970ac7f554e7fb8bba3d8f7fddceb7ce,2012-04-04 08:05:00+00:00,0,2,2,71,0,0,0,0,0.0,0,0,0
3550ac7473883aea52ca7f4153de8c26357d5c37,2012-04-04 09:15:58+00:00,1,65,65,43,0,94,94,494,1.000000238418579,35,89,0
e28c1c9bfa286b0badb10ddbbeb1fd965f57cad6,2012-04-04 09:17:53+00:00,1,7,0,40,0,94,94,498,1.000000238418579,35,89,0
06e4971fe72c377692ba9e37638431ed0582a028,2012-04-04 09:34:39+00:00,2,12,14,258,0,83,83,215,0.9977956414222717,3,0,0
32799067374744e420cc5b2284203b8bda27c878,2012-04-06 15:50:16+00:00,1,1,1,50,0,0,0,55,0.0,4,0,0
7d4d91f013d17a5c9cdfd6e7cba060e32d9816e5,2012-04-06 17:01:19+00:00,0,1,1,97,0,0,0,0,0.0,0,0,0
b92feb3f0af4c4b13e2f65a7601baccb378fd800,2012-04-08 22:39:44+00:00,2,8,3,191,1,245,152,926,1.000000238418579,36,81,0
1677c688cb66ee0cb3e2ac5bc10aa9dafc063e1e,2012-04-08 22:42:08+00:00,1,2,1,45,0,0,0,0,0.0,0,0,0
11cd2b825377ae237e2e88f6e46eed696db0ecf2,2012-04-08 22:46:26+00:00,1,1,1,30,0,93,93,459,0.9981681704521179,35,81,0
f8798aee2893ebe649dc137cf3f4d6858c996465,2012-04-09 03:13:38+00:00,0,10,4,138,0,0,0,0,0.0,0,0,0
821cbb3e0870dfdcbae5ff023ed8c9bf4f4f8384,2012-04-09 08:22:07+00:00,1,2,1,4,0,0,0,0,0.0,0,0,0
5a8a8f2bd304ff77077b77c766977919c33ac5c8,2012-04-10 09:12:38+00:00,1,2,1,55,0,152,152,467,1.000000238418579,1,0,0
6b652f766dc88c3a807f26340a28aa166470a5c1,2012-04-10 15:43:46+00:00,0,2,1,102,0,0,0,0,0.0,0,0,0
365c64fe3bd074ad942ae720813693e8d8cf68d3,2012-04-11 02:00:25+00:00,1,1,1,4,0,152,152,467,0.9995702505111694,1,0,0
c89a3e207ea01c78a193b13da6172427be86ac45,2012-04-11 11:02:59+00:00,1,9,9,32,0,23,23,95,0.9998253583908081,0,0,3
51800bf36fab95748adad78a1da29b8d73bede45,2012-04-11 11:05:33+00:00,1,3,0,53,0,0,0,0,0.0,0,0,0
809d9863bf8faf0ca1a404ed809d4655ece72106,2012-04-11 14:20:55+00:00,1,2,1,31,0,0,0,0,0.0,0,0,0
8a055c5d42225291af51e21be80bf63e51ab7236,2012-04-11 15:02:46+00:00,0,84,79,86,0,0,0,0,0.0,0,0,0
c3e6c41fc164d4348f8ce197bd0075aff05637af,2012-04-12 14:33:15+00:00,3,28,1,48,1,273,154,1076,0.9999999403953552,36,91,3
632d9893b0187205ff4ccae8e17b5bfc0e1359a8,2012-04-12 14:37:20+00:00,1,1,1,47,0,46,46,149,1.0,0,0,0
798dc4ae1d7033b178dc8fa3cc63cba1c985959e,2012-04-12 14:40:04+00:00,2,45,2,62,0,30,30,184,1.0000004768371582,4,0,3
f3ad56f103e364671504bb0d960a0ed69c2eafbc,2012-04-12 15:49:48+00:00,1,27,22,121,0,156,156,476,1.000000238418579,1,0,0
3a2eaa67a2931024c1caafe9395469a25c9b5ccb,2012-04-12 16:35:34+00:00,3,21,8,91,0,248,153,984,1.000000238418579,36,89,0
d4a77cf2af7eeac608a18b20dbdc81f19671c002,2012-04-12 19:44:44+00:00,0,21,8,142,0,0,0,0,0.0,0,0,0
e3ba495ed936a35b69a9ca7dc901aa274d65cbc9,2012-04-13 06:34:18+00:00,0,55,23,74,0,0,0,0,0.0,0,0,0
d569a2d6bca64dad10928ac36b318e9e5bc16414,2012-04-13 15:25:10+00:00,3,23,2,66,0,302,158,1155,1.000000238418579,40,96,0
2f6b5feb1a184c6d566368a6b80094711e6c21d0,2012-04-14 10:19:10+00:00,0,23,2,122,0,0,0,0,0.0,0,0,0
99210995463497cf4ee9ec1bee79c5f2bff4e3f8,2012-04-16 19:31:47+00:00,3,23,3,62,0,245,159,707,1.000000238418579,4,0,0
1360e77cb2c5c7956b9c2b6e510040fa73c6d7ee,2012-04-16 22:42:14+00:00,1,31,0,40,0,3,3,16,0.9994320869445801,0,1,0
3e60a9eb9c0321938cd9788e550532ba79c15592,2012-04-19 06:18:26+00:00,1,4,2,198,0,159,159,486,0.9997910857200623,1,0,0
e1528ce3be5a0798d509ae774ac7c3667b17ef29,2012-04-19 21:27:26+00:00,1,2,0,39,0,86,86,225,0.0,3,0,0
ed7b14899fcc196acb5631819585dcc2be1b41f7,2012-04-21 02:15:35+00:00,2,18,1,28,0,262,158,1001,0.999934732913971,35,94,0
0a7d98871c08029c9562699fde92ba293a3a791a,2012-04-21 02:18:28+00:00,1,1,0,24,0,0,0,0,0.0,0,0,0
3288426f2bb4fc52f58ea6422444bc013ce31a8c,2012-04-21 03:30:45+00:00,2,10,1,21,0,262,158,1007,0.999943196773529,35,97,0
0aedef07c3df33727b0d76a9e8323e07a9a76b6f,2012-04-22 11:24:38+00:00,1,14,8,60,0,159,159,489,0.9999920725822449,1,0,0
9217a2523d7d4fafeebb259884276fc349a376b1,2012-04-22 11:26:24+00:00,1,15,16,44,0,160,160,489,0.9999999403953552,1,0,0
7b819852b93300beaa38a3ec264e742889d55193,2012-04-22 11:39:29+00:00,1,3,2,46,0,31,31,130,1.0000004768371582,0,0,3
906fcd732889d9c4c0672cd0f98026b9e1b74273,2012-04-22 11:39:53+00:00,1,2,1,51,0,31,31,130,1.0000004768371582,0,0,3
b4eb8663afce7d6c5e06df8625c5307a6126ecb5,2012-04-23 01:43:59+00:00,2,18,9,40,0,245,159,716,1.000000238418579,4,0,0
1631f0f5ae80622aaecb2cac867b9b164ac0a5c4,2012-04-23 01:53:31+00:00,0,67,5,90,0,0,0,0,0.0,0,0,0
f647352d01d933b1c16eace30a69edbb38cda61f,2012-04-23 02:08:39+00:00,1,10,0,7,0,0,0,0,0.0,0,0,0
3843a40f7cde8242c84533a5d6079f444cb3f5c8,2012-04-23 02:25:57+00:00,1,65,65,115,0,97,97,490,0.9958587288856506,39,88,0
2621fe2bff136f62a158100010649c4f15f40154,2012-04-23 02:26:07+00:00,1,0,7,112,0,97,97,486,1.0,39,88,0
a7da521a62b248b999b856594ad68c82fac9f498,2012-04-23 02:26:53+00:00,1,13,10,14,0,87,87,235,0.9999999403953552,3,0,0
8e9446d3fb2635589a40d1a4e738b850dfc270fe,2012-04-23 02:29:00+00:00,1,0,1,6,0,0,0,0,0.0,0,0,0
2159c802706fffaa4193f6c07d5695ebe20a9976,2012-04-23 02:29:26+00:00,2,3,3,7,0,0,0,15,0.0,0,0,0
4d6871d9176c13affe625b1885278d396a39f21d,2012-04-25 07:50:34+00:00,9,473,298,44,1,455,158,1636,1.0000003576278687,38,100,0
492bda1343b6413eead297c4b4acf26f68b2a3f2,2012-04-25 08:40:35+00:00,1,12,0,26,0,9,9,106,0.9999037981033325,0,15,0
1de14e6a93d2f84b1aaea198785c05b2e51d933b,2012-04-25 16:20:19+00:00,1,3,3,100,0,55,55,154,0.999942421913147,0,0,0
404ecaf95bbaaa42013d7ae67b96c7593296d8cf,2012-04-25 20:40:17+00:00,2,15,9,46,0,55,55,153,0.9984546303749084,0,0,0
e912a6f5da30e9a5507fd14cb6cb32f7e05611c0,2012-04-25 20:45:21+00:00,1,28,0,39,0,0,0,0,0.0,0,0,0
ff169d32fee661a40fd600a86ea6fae931bd99c8,2012-04-26 19:20:42+00:00,2,8,1,39,0,169,159,600,0.9999999403953552,1,16,0
6eb349f5d20e119ce3340d9163472dc51f8031b6,2012-04-26 19:21:09+00:00,1,0,1,28,0,4,4,40,0.0,0,0,0
7832f2ae7e3915c2fe238b0f648176328909395a,2012-04-30 11:00:48+00:00,1,21,2,57,0,13,13,66,0.9998092651367188,5,9,1
742cbeaee15f9805da8473dac668e58ef80d7b7d,2012-05-01 09:51:59+00:00,1,0,5,17,0,96,96,482,0.0,39,87,0
65bf3ab201d9e58062f1456036d5989bcb2e43d5,2012-05-01 10:03:10+00:00,1,2,3,144,0,160,160,488,0.9999920725822449,1,0,0
2fc9f6bbc923d2d24623ea740cdbccf90db2a0cb,2012-05-01 10:04:23+00:00,1,11,28,95,0,27,27,120,1.0000004768371582,0,0,3
748c65f7a7ddedcc878bcbd150cba5592195b9d5,2012-05-01 10:27:55+00:00,1,1,0,43,0,0,0,0,0.0,0,0,0
be04142723c7d67355a748ae944d01194c299909,2012-05-01 10:42:58+00:00,1,16,15,116,0,159,159,488,1.000000238418579,1,0,0
14fae695bfae24e88e1dbfedcf51542b1943e4f5,2012-05-01 10:47:58+00:00,1,15,14,8,0,159,159,488,0.9999999403953552,1,0,0
a5bc99d53edfe2cf8dc922cfea21f8ceadf1af5f,2012-05-01 10:50:38+00:00,1,1,4,5,0,0,0,0,0.0,0,0,0
661af1dc1ab08403c2d71310d7e7c00f684a1861,2012-05-01 10:54:09+00:00,1,5,3,31,0,27,27,120,0.0,0,0,3
9427e1efe87d81d9cafb3461626e834bb1c612da,2012-05-01 10:55:19+00:00,1,1,1,16,0,27,27,120,0.0,0,0,3
bf1744eea2b16012ace3cc74be20fb60731ff822,2012-05-01 10:57:21+00:00,1,3,0,3,0,27,27,123,0.0,0,0,3
d79e1bbaad72c0454c3f32f5b27cba56a26a0d57,2012-05-01 11:02:13+00:00,1,2,0,6,0,160,160,490,0.999741792678833,1,0,0
e6cce7a5bd51aa0ff916987b9c070753f702ccde,2012-05-01 11:06:55+00:00,1,4,4,13,0,27,27,123,0.0,0,0,3
5d9699bbdc332319bd91d8a2cbd55cfa697453cb,2012-05-01 11:07:18+00:00,1,2,2,19,0,0,0,56,0.0,4,0,0
7eed89a0dfe6afa80b509b9dc147e2a59b4c39ce,2012-05-01 11:17:35+00:00,1,2,2,7,0,0,0,15,0.0,0,0,0
d427bb86031a384eaf92b8dc26b0600c5b3422d9,2012-05-01 11:19:04+00:00,1,5,0,20,0,0,0,0,0.0,0,0,0
a189c238cc2c3fcd1f824e4ac6ca3dfcdb3c3798,2012-05-01 11:22:59+00:00,1,1,1,5,0,0,0,0,0.0,0,0,0
7c5151e8e71551f566edd10df943eb322a4a1dbc,2012-05-01 22:07:19+00:00,1,3,4,21,0,0,0,0,0.0,0,0,0
11a3eaec265735b63569bb165047d39df5ba465f,2012-05-01 23:32:40+00:00,2,3,3,26,0,154,99,641,0.9999329447746277,35,87,0
45be14ed6f8ce339ce56d79779f02eb15ced9365,2012-05-02 00:22:37+00:00,0,536,120,83,0,0,0,0,0.0,0,0,0
f25827c5b66450482fad8209f38ca77664f504dd,2012-05-02 01:20:44+00:00,2,4,14,41,1,113,83,346,0.9999999403953552,0,0,3
ff7cfa732f16049cc871f00f93c666c8e193cb09,2012-05-02 02:18:55+00:00,1,1,0,43,0,0,0,0,0.0,0,0,0
bdd7f8f8a2cffae76aee80f8eddac3e969cbe69a,2012-05-02 02:34:07+00:00,1,26,15,57,0,0,0,55,0.0,2,0,0
35d5ac6e8f5f4357f945b8c4890388207f7f1c00,2012-05-02 02:35:08+00:00,1,1,1,79,0,159,159,491,0.9996129870414734,0,0,0
fdd08215ea88510ecc5ccf883f37b9d087a5c112,2012-05-02 04:46:04+00:00,1,2,2,52,0,0,0,0,0.0,0,0,0
d232948188f922c137dd709b53f77c49d1442c84,2012-05-02 05:25:50+00:00,1,7,1,47,0,160,160,495,1.000000238418579,0,0,0
a453a78c7c94aa220aa099dd62a36ec5b5232571,2012-05-02 05:52:34+00:00,2,5,7,72,0,0,0,0,0.0,0,0,0
8a81a437d2357be314e8715d3827b8fec8f0055b,2012-05-02 06:37:51+00:00,1,1,1,105,0,160,160,495,0.9999995827674866,1,0,0
6271046a271a689848e7658047436d644e295093,2012-05-02 06:38:11+00:00,1,1,7,119,0,159,159,491,1.0000003576278687,1,0,0
53d60cac4f8d53181843bc55847b8a4dd427a239,2012-05-02 06:38:20+00:00,2,7,5,144,0,0,0,0,0.0,0,0,0
57ccd7e65c30ffef773c7e60a582ce9325482fed,2012-05-02 06:42:24+00:00,2,4,7,109,0,0,0,0,0.0,0,0,0
538de55607eb1db8299f2b83421a91b9f533cb50,2012-05-02 06:55:56+00:00,1,8,12,69,1,157,157,493,0.9998481869697571,0,0,0
a8555d811df0a4aaf2dd1f083ba0bc71679101ca,2012-05-02 07:19:21+00:00,1,7,7,56,0,10,10,109,0.9999037981033325,0,16,0
853a07112b19fe6101ae5b6914e111230d465156,2012-05-02 08:09:10+00:00,1,0,2,73,0,156,156,491,0.9998481869697571,0,0,0
c333bd144e72d82a44dba03b6020e9e77e985e6a,2012-05-02 13:51:19+00:00,1,1,1,46,0,162,162,491,0.9992271065711975,1,0,0
d240b1fe15d373b37c5939db52835816d88f0aab,2012-05-02 20:16:38+00:00,1,6,10,12,0,160,160,490,1.000000238418579,1,0,0
324336e7f6e45ef3d97a2e64be95b5e604b393d3,2012-05-02 21:04:13+00:00,1,15,21,530,0,160,160,491,1.000000238418579,1,0,0
cf6b20429a98c71923d3159f9e149ee3b34ab5d3,2012-05-02 21:08:00+00:00,0,565,137,60,0,0,0,0,0.0,0,0,0
ed15c70cd0f327cad4f8171796d164672a06e1ec,2012-05-02 21:19:56+00:00,0,21,31,81,0,0,0,0,0.0,0,0,0
62d2ea80340de1ae146cce3c85490444a8fca047,2012-05-02 22:47:50+00:00,1,2,2,43,0,159,159,492,0.9998539090156555,1,0,0
996f99b2676b200940cfb125f1968e5e09d99b80,2012-05-02 22:47:53+00:00,0,21,31,58,0,0,0,0,0.0,0,0,0
f1d104e0048eeaedccb66d148e5ecfa22348e3eb,2012-05-02 22:56:51+00:00,1,4,1,14,0,0,0,0,0.0,0,0,0
a9963e38414b3d5ee4f79d2026794a2382717da3,2012-05-02 22:57:06+00:00,1,6,0,24,0,28,28,127,1.0000004768371582,0,0,3
efe5d13ed67c8787dace024e28d4709ece7c056b,2012-05-02 22:58:08+00:00,0,4,4,113,0,0,0,0,0.0,0,0,0
8ac6b266c923ee64680828fa288674667f070519,2012-05-02 23:09:18+00:00,2,8,1,19,0,166,159,509,1.000000238418579,1,0,0
fb2931801edd807c581108e743040475116c5d85,2012-05-02 23:13:19+00:00,2,10,6,7,0,0,0,15,0.0,0,0,0
9324c2a9b4ed2e324047f067428ee238b15880b5,2012-05-02 23:15:43+00:00,1,2,0,8,0,0,0,56,0.0,2,0,0
373a34a1443b3137b062a699d39cf91e78a892a3,2012-05-02 23:17:14+00:00,1,1,1,8,0,0,0,0,0.0,0,0,0
a9033912b392900e3ab0b1d93e2545f05fabc467,2012-05-02 23:18:14+00:00,1,1,0,13,0,0,0,57,0.0,2,0,0
7f9ea04286db69ef863b315cda1bc7f72f52c9d6,2012-05-03 05:35:10+00:00,3,30,9,24,0,0,0,0,0.0,0,0,0
bcc4125a18f807bca14f4865e1770f9fc3b463f2,2012-05-03 05:37:45+00:00,2,5,1,30,0,28,28,186,0.0,2,0,3
41d1a427b06acd33ae69728f4dc63e56078719b0,2012-05-03 08:21:37+00:00,1,10,0,49,0,101,101,495,0.9992028474807739,35,89,0
9bf53676b87fa4951e23f67d2251f5dfae4e5206,2012-05-03 08:28:59+00:00,1,4,2,52,0,54,54,164,1.0,0,0,0
a3e55634d6a4a7c590479f84127e56f4d9a605e0,2012-05-03 08:35:47+00:00,0,20,28,63,0,0,0,0,0.0,0,0,0
317f64a11f56d89119baf5db3af65c0343464bc1,2012-05-03 08:36:12+00:00,0,14,2,74,0,0,0,0,0.0,0,0,0
3d4d5ab0df6a0295599a49927de57fd039650358,2012-05-04 04:16:46+00:00,1,16,2,13,0,102,102,500,1.000000238418579,35,91,0
35ec6bb613669dbbbba2afcc7aac4e467a5b4db8,2012-05-04 04:16:56+00:00,1,1,0,12,0,156,156,492,1.000000238418579,0,0,0
1adaba3865326ca0934eb2159d1ddb92be25a233,2012-05-04 04:33:42+00:00,0,17,2,70,0,0,0,0,0.0,0,0,0
0ba8c44260209ff518809a6b5b307d443e8dfe67,2012-05-04 05:11:57+00:00,1,16,0,327,0,87,87,215,0.9962678551673889,2,0,0
abc38cf17f4e7149cff2da96fa364e4a5d39a632,2012-05-04 05:14:07+00:00,1,2,5,92,0,154,154,488,1.000000238418579,0,0,0
8fedec785a9b8bb111384ebfcaf6d138a1c48979,2012-05-04 05:21:17+00:00,2,44,2,39,0,118,102,638,0.9999999403953552,35,112,2
7cf6ca80a65d56d551101e74bcdc3d03e2df7736,2012-05-04 05:29:57+00:00,1,1,0,68,0,0,0,0,0.0,0,0,0
8bd65155645cc0e934d3cd841d90624b1c7e6c58,2012-05-04 06:26:44+00:00,0,44,2,98,0,0,0,0,0.0,0,0,0
38e66956273c12d6f023924c5b2e6398ea1870e1,2012-05-04 06:28:07+00:00,0,19,5,85,0,0,0,0,0.0,0,0,0
3d373e2a164704836f2f086e31d12d49b42780bf,2012-05-04 06:29:04+00:00,0,35,10,72,0,0,0,0,0.0,0,0,0
d4227051a983068070f3528c0117c2c760f116a3,2012-05-04 11:45:30+00:00,1,3,1,46,0,0,0,0,0.0,0,0,0
7f571f5e5af3ceb212db0808f730a7472b018371,2012-05-04 18:48:35+00:00,0,3,1,93,0,0,0,0,0.0,0,0,0
c84012edece6508207be3244888851fa9e9541f8,2012-05-04 18:49:49+00:00,0,1,1,93,0,0,0,0,0.0,0,0,0
a0f991dbad7ca22f4665603296852e3cfdff5bc8,2012-05-06 19:26:28+00:00,1,3,3,32,0,0,0,0,0.0,0,0,0
7b6338c4b6f968878bf44a634b522dba4246e8f3,2012-05-06 19:54:06+00:00,0,3,3,85,0,0,0,0,0.0,0,0,0
64eb415ec0595f4ee5a59578dbbbb99200755c49,2012-05-06 22:50:42+00:00,1,2,2,49,0,104,104,516,0.999943196773529,35,97,0
b06690270500c9b550c989ed3ddf0115808e8796,2012-05-06 23:24:37+00:00,1,7,0,39,0,104,104,521,0.9994632005691528,35,98,0
fe7348cc530fab7375939dce9672a05c6864a2fa,2012-05-08 04:57:46+00:00,1,9,2,20,1,160,160,494,0.9998083114624023,0,0,0
e627c1f8a8a156866ee91de7775c92297621faa2,2012-05-08 04:58:20+00:00,0,63,1,58,0,0,0,0,0.0,0,0,0
2a7811bf2fe6825a2d249e00747ca5ed1a8795f2,2012-05-08 04:58:32+00:00,0,63,1,58,0,0,0,0,0.0,0,0,0
6b09e6ee347ea435e4d6199c533a5fc44b39c535,2012-05-08 05:14:17+00:00,1,5,1,39,0,161,161,500,1.0000001192092896,0,0,0
bca920c1c1a96e191ec7f9fcaec5f53e46edf08e,2012-05-08 05:18:05+00:00,2,11,2,7,0,0,0,15,0.0,0,0,0
a3a928c7f173ceab284a3e01ded04c1d0fd91189,2012-05-08 05:21:48+00:00,1,1,1,3,0,0,0,15,0.0,0,0,0
6fd03d5f20fcac1e85517d3cde27349612022de2,2012-05-08 05:24:30+00:00,2,2,0,11,0,0,0,0,0.0,0,0,0
2ee67441c849ad5f1944a6758f81e26172dc05c0,2012-05-08 05:36:51+00:00,1,11,1,112,0,0,0,0,0.0,0,0,0
175945b0bde38f30dd042c50119270f72b7c3295,2012-05-08 05:40:11+00:00,1,0,1,47,0,0,0,0,0.0,0,0,0
0308a2806aff8719ac83693c0f47ea8e0d9e4d6c,2012-05-08 05:46:00+00:00,0,11,2,99,0,0,0,0,0.0,0,0,0
56ef079e6fac587cdd367c0442f1c7ebe5fe54b7,2012-05-08 08:17:58+00:00,1,10,0,95,0,105,105,529,0.9995734095573425,37,99,0
975430d5e622b9815e42963c3c0b0704e7d5a39c,2012-05-08 08:55:36+00:00,1,10,0,40,0,6,6,49,0.9975161552429199,0,0,0
33f10875848021071cf4328280fd5114fe8dc151,2012-05-08 09:02:39+00:00,2,6,6,79,0,215,163,664,1.0,0,0,0
c010f5895ae56c40d4b349e61f5707b93d662457,2012-05-08 10:30:24+00:00,1,1,0,25,0,0,0,0,0.0,0,0,0
2d328d8a7fd151df2c646135e1de25eba5509997,2012-05-08 15:06:51+00:00,0,27,6,145,0,0,0,0,0.0,0,0,0
cff70e75b77ab61a8a57a25a4921acc5a5ef6ce1,2012-05-09 18:47:29+00:00,5,71,55,197,0,228,158,681,1.000000238418579,0,0,0
db43eb4cb9fcd1ad5565cc2bff5b8cdfec549648,2012-05-09 19:13:12+00:00,1,3,2,45,0,7,7,18,0.9999558925628662,0,0,0
44663b5e8e54f170b4633307b79b1be69fd49f64,2012-05-10 14:17:23+00:00,1,1,1,67,0,55,55,153,0.999945878982544,0,0,0
3d2d07292760e37dea6eacec64f8dc444258f055,2012-05-10 18:06:24+00:00,0,72,55,81,0,0,0,0,0.0,0,0,0
0a37d8244414249596cf52f730520fbe66537eb9,2012-05-10 18:07:00+00:00,0,1,1,109,0,0,0,0,0.0,0,0,0
a050faf084662f3a352dd1a941f2c7c9f886d4ad,2012-05-10 18:10:50+00:00,1,7,0,14,0,0,0,0,0.0,0,0,0
32327f8f7c2f457d38130b5df664ec8f29cf3053,2012-05-10 22:01:09+00:00,1,0,106,21,0,0,0,0,0.0,0,0,0
07f6675376a1772d3024a5fbc46c8bb296710b41,2012-05-10 22:02:22+00:00,1,0,77,27,0,0,0,0,0.0,0,0,0
15694fa2f7cc18f256dc2866e6206686de1ab795,2012-05-10 22:09:53+00:00,1,0,7,28,0,0,0,54,0.0,2,0,0
3ee594140bb5bbbb8553cbd20c99c116d1954c0f,2012-05-10 22:10:47+00:00,4,0,1199,12,0,0,0,0,0.0,0,0,0
327b9eab87a7e6198acf9b551d24373f566d0ac3,2012-05-10 22:11:35+00:00,1,2,2,6,0,0,0,0,0.0,0,0,0
0442122d34ba79b67b3ab80d04729259a01cd6c6,2012-05-10 22:14:44+00:00,1,0,1,20,0,158,158,488,0.0,0,0,0
ed767cb70381ba4313a9e4b0c53a68b016f10e36,2012-05-12 17:09:14+00:00,1,1,1,32,0,158,158,488,1.0,0,0,0
4161a7ec6ae784fe4ed0f4a687d3c81d17bddf8b,2012-05-12 21:23:04+00:00,0,1,1,76,0,0,0,0,0.0,0,0,0
51f76280784ff3ba39dcd69ec0f078f69409e1d7,2012-05-13 09:59:31+00:00,1,2,2,24,0,0,0,11,0.0,0,0,0
40d325366b8702b06ff5c51a473fcfde240e8827,2012-05-13 18:01:22+00:00,0,2,2,74,0,0,0,0,0.0,0,0,0
2c11473816872ed2440eb305e6a920159e5e52a3,2012-05-13 23:09:52+00:00,2,8,2,138,0,0,0,0,0.0,0,0,0
763393f70a8c7bf3944647e07af697b0bb743f77,2012-05-14 02:47:19+00:00,0,8,2,78,0,0,0,0,0.0,0,0,0
973e9cb54826062328f1c8650630819205ccfe8e,2012-05-15 14:17:02+00:00,1,2,1,222,0,52,52,162,0.9999997019767761,0,0,0
c24665b59352006120ef33624ae8177ff68990bd,2012-05-15 15:20:01+00:00,1,43,6,45,0,30,30,138,1.0000004768371582,0,0,0
2f50cb92b6fd471d4f9771b815bf8bfbb881795f,2012-05-15 15:31:43+00:00,0,2,1,106,0,0,0,0,0.0,0,0,0
6a9d59ea97f9681b57c1fe0db263b7e2af3e60c9,2012-05-15 15:37:15+00:00,1,4,4,19,0,30,30,138,1.0000004768371582,0,0,3
355003b400e18be508e530400c2c232f9ce0041c,2012-05-15 15:39:20+00:00,0,43,6,101,0,0,0,0,0.0,0,0,0
c477f6eb6f306989ade7bc2420bea1b1fc2a6baf,2012-05-16 05:49:27+00:00,0,4,14,88,0,0,0,0,0.0,0,0,0
4b7c5dab0e565004d2e46b62d4fcc95737edf33d,2012-05-16 17:58:51+00:00,1,1,1,79,1,17,17,35,0.9985818266868591,0,0,0
c501784541ffe595f25cd62774d392270639c662,2012-05-16 22:07:15+00:00,5,36,3,57,1,242,164,840,1.0,0,23,2
4cf31b0b864bbca32cde96ddf3fc503c34727caf,2012-05-17 00:09:43+00:00,0,35,2,7,0,0,0,0,0.0,0,0,0
3c144351095c7849753e477da0482c044d36f1c4,2012-05-17 00:13:55+00:00,1,1,1,27,0,17,17,148,0.9999405741691589,0,23,2
2d9746621ad95f751372c40cc88447aab490b37c,2012-05-17 00:34:02+00:00,0,1,1,131,0,0,0,0,0.0,0,0,0
45506d1f39be8cc055814227952e53d94d3cb10d,2012-05-17 09:16:42+00:00,1,102,123,59,1,0,0,0,0.0,0,0,0
36fd8da1c07090c25a386dbc0c8ba22213e50f93,2012-05-17 18:25:35+00:00,1,5,5,197,0,0,0,0,0.0,0,0,0
686db5d45253a721b60fb1e445aa4dff0fcf2e87,2012-05-18 04:48:59+00:00,1,58,0,186,0,80,80,201,0.9995999932289124,0,0,0
2b8e01bff7f8331b09c4ec599e24e57c10b1ad39,2012-05-19 20:34:36+00:00,1,156,0,26,0,0,0,0,0.0,0,0,0
b7d0925d6b2c37e8ebe5ac4cdfffce08ffae7dde,2012-05-21 21:59:38+00:00,1,36,4,38,0,80,80,201,0.9999997019767761,0,0,0
9f26d0ced3d7a360b1bb392a5e8257409378bac5,2012-05-21 22:21:12+00:00,1,18,19,97,0,78,78,199,0.9999542236328125,0,0,0
96cd8e9ca0b6953794b9b3244b244dd34f975544,2012-05-22 00:14:12+00:00,2,71,23,63,0,104,85,378,0.9999542236328125,0,25,2
0eb0b89431d467197b361e4eab3c3399ff07b22e,2012-05-22 00:27:47+00:00,1,0,2,50,0,85,85,206,0.9999997019767761,0,0,0
de1637c3de3cf3ed8857bad465b4843ec83b7432,2012-05-22 04:45:44+00:00,0,138,3,82,0,0,0,0,0.0,0,0,0
66ef8886c6523e59d75bed40fedd3145fe0afe25,2012-05-23 12:20:50+00:00,1,4,0,32,0,85,85,211,0.0,0,0,0
b28673368b0a4236b3cfbb50fb15f846793a1c40,2012-05-23 21:12:18+00:00,5,11,17,113,1,239,159,865,1.000000238418579,0,25,2
4a309796225cfae96cf8473c8d70b5c71080011c,2012-05-23 21:25:54+00:00,1,1,1,93,1,19,19,171,0.9999504089355469,0,25,2
7125fe5554332b636ce42dcbe8224d0918381917,2012-05-24 03:17:21+00:00,1,21,14,107,0,84,84,210,0.9942452907562256,0,0,0
b8561cda5e2bf9cb0129c2863ff52754e837ad85,2012-05-27 17:21:26+00:00,1,3,1,16,0,160,160,493,1.0,0,0,0
cb8f9756e3cf57a12ea5619609460f29f930fd3d,2012-05-28 09:11:59+00:00,1,1,2,33,0,160,160,492,1.0,0,0,0
ba4cc326c2736f8cad7bc5c031e7c9230bd713e0,2012-05-28 13:28:31+00:00,1,1,1,30,0,159,159,491,1.000000238418579,0,0,0
400b4567f0c9c5abc12380c227a70453025bdf41,2012-05-29 23:41:39+00:00,0,11,17,159,0,0,0,0,0.0,0,0,0
d0f309b947fc8fd6ec016e58def3a9f1b5d29680,2012-05-29 23:44:56+00:00,0,2,1,59,0,0,0,0,0.0,0,0,0
f9dd48558260dc6e88ca25d5f70ec3bb1239ac70,2012-05-29 23:45:54+00:00,0,1,1,74,0,0,0,0,0.0,0,0,0
ad8205f93079ae2fd32cdc693eb11d429d62e86a,2012-05-29 23:49:51+00:00,0,260,125,69,0,0,0,0,0.0,0,0,0
7813bd8ac0abca6793045c4ff2f83c4753aa7daf,2012-05-29 23:51:48+00:00,0,21,14,77,0,0,0,0,0.0,0,0,0
1c0abbd74b1ef39f15adbb3af10a998ea8af88d9,2012-05-29 23:53:22+00:00,1,4,9,12,0,84,84,210,0.9992767572402954,0,0,0
cb15310d6aacd1c1e3b3345b6096d24ea2b79d49,2012-05-29 23:54:40+00:00,1,1,1,18,0,85,85,210,0.9993835091590881,0,0,0
617091e74762c0be3f9fdf51ac6bbcf63d306457,2012-05-30 00:52:58+00:00,1,13,9,7,0,0,0,0,0.0,0,0,0
a291d0d0f861e16f579467137e52efd3d99fec89,2012-05-30 00:53:13+00:00,1,2,1,10,0,0,0,0,0.0,0,0,0
77a57c0e7e669173241a56670ba4d096a303c75e,2012-05-30 00:53:51+00:00,1,2,2,7,0,0,0,15,0.0,0,0,0
d81dfe266e630c3e7341cc2a1994303e243353e1,2012-05-30 15:34:24+00:00,2,14,2,57,0,0,0,0,0.0,0,0,0
355b97165caf36efa21321fc00684f6ae6011b7c,2012-05-30 19:48:33+00:00,0,14,2,113,0,0,0,0,0.0,0,0,0
c803e3af55e38a848e6c9340cd2f141cb012bc87,2012-06-01 17:01:19+00:00,1,130,0,390,0,51,51,230,1.0000004768371582,0,0,3
662c3edacc76d6a0e7b55b569c9fea38f8b0bc78,2012-06-01 19:53:23+00:00,1,4,2,501,0,7,7,16,0.9992547631263733,0,0,0
b026def9614e07ed4341ba29e33311065e072352,2012-06-04 14:44:56+00:00,0,4,2,100,0,0,0,0,0.0,0,0,0
62a23bfbdecf54e13e571237df5a175e53d539cb,2012-06-04 20:19:10+00:00,1,8,5,133,0,0,0,56,0.0,2,0,0
12e5f3855c7c0b5d9d3f6c4f011ed05a090186f3,2012-06-04 22:24:14+00:00,0,8,5,126,0,0,0,0,0.0,0,0,0
488a51d619c7175248fba1f904a834224c009966,2012-06-04 22:51:46+00:00,1,5,8,140,0,0,0,54,0.0,2,0,0
aa42318395ee6ecdaeb651a28a63e4bbdb95d003,2012-06-05 08:25:08+00:00,1,6,0,7,0,0,0,0,0.0,0,0,0
1164450dac7576e6e77d0c5976fbc0bb7111cd1c,2012-06-06 14:59:20+00:00,1,13,0,63,0,0,0,0,0.0,0,0,0
f968fe013659b9b5b89f0316203de5f3139a7217,2012-06-06 15:07:42+00:00,1,5,3,67,0,0,0,0,0.0,0,0,0
dda9689ca4f3a5b241c3544a96159fb3a21597d0,2012-06-07 01:02:32+00:00,1,3,5,139,0,0,0,0,0.0,0,0,0
c0ae3dd31e7b87a697e763185c2f6f284363d0de,2012-06-07 01:09:19+00:00,1,9,5,19,0,0,0,0,0.0,0,0,0
f0e327f979edcd5e0ef0d03a0f48987bc411bcb6,2012-06-07 08:13:40+00:00,2,25,2,206,0,269,162,1036,1.000000238418579,38,100,0
c589d8a251868d983ecf97b2fbffff0e9f29e56c,2012-06-07 23:47:54+00:00,1,1,36,195,0,0,0,0,0.0,0,0,0
89266f90625ca91590de6e86bcd776127af28db1,2012-06-07 23:55:06+00:00,0,1,36,134,0,0,0,0,0.0,0,0,0
e8f3fc33bb66fccde7d7316ab0afef7d1d601183,2012-06-08 01:54:45+00:00,1,7,0,40,0,106,106,533,0.9974393844604492,37,100,0
843672f4fe1158fc21e2bdabba44c178707766a1,2012-06-08 01:55:07+00:00,1,3,0,41,0,161,161,492,0.9989870190620422,0,0,0
8bfbfdfc79224fa51775351efb4f937e1c9f0437,2012-06-08 01:55:11+00:00,0,1,36,58,0,0,0,0,0.0,0,0,0
fadcf799def168cc2ac3c2f09c865745813fd043,2012-06-08 01:58:52+00:00,1,1,1,32,0,161,161,492,0.9997811913490295,0,0,0
78eecd7d7e2d81af268de8049a2f1901183a406b,2012-06-08 02:06:49+00:00,0,25,2,96,0,0,0,0,0.0,0,0,0
404585ce8c289fba05daddb78ded6910eda683f7,2012-06-08 02:07:26+00:00,1,1,0,15,0,0,0,0,0.0,0,0,0
7c2306baec8da79f0e4b879127b77a7b37760bbc,2012-06-08 02:09:01+00:00,2,6,5,7,0,0,0,15,0.0,0,0,0
32941fdd2039f48c705d90a2e8bf536097e544ae,2012-06-08 02:09:16+00:00,0,25,2,58,0,0,0,0,0.0,0,0,0
10d23981736e0cd7d864b12cd8d12edd9a4d8b6d,2012-06-08 02:21:06+00:00,1,2,2,20,0,108,108,548,0.999828040599823,38,101,0
f733ff01969b485614de91c3c1aab64d25c9eb41,2012-06-08 02:44:38+00:00,1,0,34,23,0,0,0,0,0.0,0,0,0
98b8316c0c1343f94749c3dde785ffaf7e70a04b,2012-06-08 12:35:54+00:00,1,1,1,124,0,85,85,206,0.999934196472168,0,0,0
f413d0ebccb748d30d6b0dc26c0ef8b3a936683b,2012-06-09 11:30:19+00:00,0,1,1,123,0,0,0,0,0.0,0,0,0
8d75cdf7fede6a8059e683dd2a32cc7f42691cc6,2012-06-10 13:27:54+00:00,1,6,2,120,0,108,108,552,0.9999443888664246,38,101,0
1d1931333a6d4cf6ee6d4ca77f211adabb0edfcb,2012-06-10 13:37:07+00:00,0,6,2,67,0,0,0,0,0.0,0,0,0
9a30e02962ef2bb0a8bd5ce6db28f423a9b4b896,2012-06-14 03:54:54+00:00,1,1,1,89,0,30,30,139,1.0000004768371582,0,0,3
a5f05353b3a2cfa1974fdb2fced2251884740ce3,2012-06-14 04:00:12+00:00,1,65,0,64,0,0,0,0,0.0,0,0,0
b0db8cf2d8443a1f3a668f3add7919f332d5f3d6,2012-06-14 04:16:06+00:00,1,18,0,63,0,0,0,0,0.0,0,0,0
fde7ba78f255ced0f1ade4dd5cd4daa41a2b26f3,2012-06-14 04:18:25+00:00,1,3,4,48,0,0,0,0,0.0,0,0,0
8b9f1b36bd87f9b3d4011246970f73c9869429aa,2012-06-14 14:09:58+00:00,1,79,83,142,0,0,0,0,0.0,0,0,0
5db661a9e46eca3e86c0d7716f0318fc63c213a3,2012-06-14 14:09:58+00:00,2,80,83,142,0,0,0,0,0.0,0,0,0
87637c9bae6921e429ee19d4de360c308f2e9b8f,2012-06-14 14:15:18+00:00,0,0,0,67,0,0,0,0,0.0,0,0,0
511b1391b418c412411d3637749dfe183ad5873a,2012-06-14 16:50:40+00:00,0,80,1,98,0,0,0,0,0.0,0,0,0
6b1e81c41017cf05b742a8f4ef4e50b3a1a51aa8,2012-06-14 16:51:28+00:00,1,4,51,12,0,0,0,0,0.0,0,0,0
08ac9897bb2cbc0e8c9cd42792de2ea12a7203a7,2012-06-14 17:18:23+00:00,0,1,1,79,0,0,0,0,0.0,0,0,0
d3acb783b95623d0378db02bd9832fb11850204b,2012-06-15 18:31:19+00:00,4,45,57,26,0,89,53,337,0.9999920725822449,1,0,0
f5d1d0d27a47e2f8abe9fb267ca7f4c6a96f1d76,2012-06-15 18:31:24+00:00,0,1,1,58,0,0,0,0,0.0,0,0,0
c7514faf4aa55be634d6e25ce16eb72974b948ae,2012-06-15 18:37:33+00:00,1,5,0,25,0,164,164,497,0.9977586269378662,0,0,0
8de9b2e1499ea6200e558cfa3c77e5ecacf78820,2012-06-15 18:37:51+00:00,1,2,0,14,0,0,0,0,0.0,0,0,0
5cc2129c736953a2e762332295f306354393f7bb,2012-06-16 07:36:18+00:00,1,1,0,10,0,0,0,0,0.0,0,0,0
f178219d4531ea1f3e5335da8a2f20a8c7270ecf,2012-06-16 07:51:26+00:00,0,1,0,62,0,0,0,0,0.0,0,0,0
234a55da6a23f61591d0cb3267f15c529d8fab2f,2012-06-18 20:26:42+00:00,1,3,3,122,0,0,0,0,0.0,0,0,0
38db8c2109903f24d8046c7cab0750fccd2d391b,2012-06-18 20:33:00+00:00,0,3,3,105,0,0,0,0,0.0,0,0,0
4e568c18991fb033290375f467b74384da10a60b,2012-06-19 04:02:51+00:00,1,2,2,334,0,30,30,139,1.0000004768371582,0,0,3
80ceaa47dadf10fd0feffeb4c51c9cd5ab6a6482,2012-06-19 11:31:40+00:00,1,0,1,183,0,0,0,53,0.0,2,0,0
bcf04d5e93d22cc6a8a9535db0138c66f09e22ef,2012-06-19 13:28:57+00:00,0,0,1,65,0,0,0,0,0.0,0,0,0
f8076fee5e00ca80ef2ba9aa25a28b530b7170fd,2012-06-19 17:09:22+00:00,1,8,1,48,0,109,109,556,0.9999621510505676,38,101,0
da35675c17e7bbea558326c3ea624daaeb9e38d6,2012-06-19 18:04:04+00:00,0,8,1,93,0,0,0,0,0.0,0,0,0
64da351ed90fb79aea13af0f69c716517d04b7aa,2012-06-20 23:52:38+00:00,0,2,2,87,0,0,0,0,0.0,0,0,0
3aa7f24e74386516c44d7539bebe174083fed48b,2012-06-21 19:06:01+00:00,1,1,1,38,0,0,0,0,0.0,0,0,0
8f0ac668da796b04df9901db58f5d4215be308dd,2012-06-25 16:35:39+00:00,3,44,11,14,0,82,53,332,1.000000238418579,1,0,0
74a4d06d58106ac0e258df1ede94c5ecfad33945,2012-06-26 00:42:14+00:00,1,1,1,122,0,163,163,497,1.0,0,0,0
5dc68d0070e1946b90228f061a7b40d017b9d2f3,2012-06-26 00:56:44+00:00,0,1,1,99,0,0,0,0,0.0,0,0,0
8309ac72da089b7102228a99216a93488bdc93c5,2012-06-26 00:57:02+00:00,0,1,1,89,0,0,0,0,0.0,0,0,0
1253c780113a26872d320a76489d252ff281492b,2012-06-28 19:53:39+00:00,35,7188,0,13,0,291,42,5575,1.0000004768371582,0,0,0
c3ad7af06c5fdd603d4ac114cfa114a12a386d10,2012-06-28 22:58:00+00:00,6,3430,3,15,0,87,85,223,0.9975590705871582,0,0,0
abf33ba11cc0cfb9f978789f9f452bc9f0fadf69,2012-06-28 22:58:12+00:00,36,7212,0,8,0,291,42,5595,1.0000004768371582,0,0,0
a17fdf622403d487504af67708b8e6d973760eb7,2012-06-28 23:00:00+00:00,2,3,9,8,0,164,164,536,0.0,0,0,0
35f6671ec583e75b90a026167e18cb41cdb7d760,2012-06-28 23:00:34+00:00,1,7,16,17,0,0,0,52,0.0,2,0,0
6541ceb5f59bf9cadc4ff402e38e191d87b6fb56,2012-06-28 23:00:40+00:00,0,2,2,58,0,0,0,0,0.0,0,0,0
9576518d69b819b25cd036397d2624daa6ae088c,2012-06-28 23:23:25+00:00,14,2862,7,8,0,278,114,923,1.0,3,2,6
78d6d316978f13661f376446883454371e30a8e1,2012-06-28 23:24:06+00:00,1,33,1,16,0,0,0,0,0.0,0,0,0
a1fd038d2cc5ffe9a9a68bf37deec65ff5de64b3,2012-06-29 00:20:26+00:00,2,30,9,17,1,30,30,149,1.0000004768371582,0,0,3
065caa30f4d856aa0dfd277c94adc7ea4b3b30fa,2012-06-29 00:26:30+00:00,0,4,0,78,0,0,0,0,0.0,0,0,0
fb2ce4f0dc063decfb7ce7da0e91b52f41646896,2012-06-29 00:29:22+00:00,3,16,10,7,0,0,0,68,0.0,2,0,0
ef5e5a1a21c9652a9a8ac5b1542b7e0b36278307,2012-06-29 00:29:30+00:00,0,4,0,58,0,0,0,0,0.0,0,0,0
254adf9dc8f11257c59961408b06a3d80af086c6,2012-06-29 00:33:57+00:00,1,13,7,34,0,0,0,58,0.0,0,0,0
d983cfabe232e99f379ef9f0f63bc85993a5217f,2012-06-29 00:35:07+00:00,1,1,1,12,0,0,0,58,0.0,2,0,0
32bcd4b3bf87abba4396e039a9d8c1b031ed7035,2012-06-30 22:22:22+00:00,1,1,0,55,0,0,0,0,0.0,0,0,0
0512132b916ca5e17f56adf4b0aaba31f374eb36,2012-06-30 22:33:40+00:00,1,1,0,58,0,0,0,0,0.0,0,0,0
81e86a35fe946581cf61b97d403f3d8ea55d9de3,2012-06-30 22:35:48+00:00,1,1,1,73,0,0,0,0,0.0,0,0,0
0db58430ca9ea905469014f597da8e1b769e2440,2012-07-01 01:07:27+00:00,0,2,1,71,0,0,0,0,0.0,0,0,0
808b0ad8cdfc20ebaec02b2e62d4877978820c1c,2012-07-02 11:31:09+00:00,0,1,0,130,0,0,0,0,0.0,0,0,0
64ec73cbda37eca386984354ef28899fe5b4f6be,2012-07-06 06:54:08+00:00,1,1,1,5,0,0,0,0,0.0,0,0,0
4832db0b11179a018eec3e08bd57944cd6add864,2012-07-06 06:54:12+00:00,0,2,1,44,0,0,0,0,0.0,0,0,0
982268a2019b451b587f717675039ebccf00a658,2012-07-07 20:07:19+00:00,1,29,4,86,0,0,0,41,0.0,0,0,0
11433d942dcc0bb9e321141ff04d378568c288fb,2012-07-07 20:13:39+00:00,1,1,0,61,0,0,0,42,0.0,0,0,0
25299400fafc5f1dead16f04eb258dc60b59c148,2012-07-08 04:14:29+00:00,1,5,1,36,0,163,163,495,0.0,0,0,0
6b7f23f9f0217cb24e1e6ab6a5645c614c64aea1,2012-07-08 04:21:54+00:00,0,5,1,83,0,0,0,0,0.0,0,0,0
3347146a441d47defaa4a1fe40337b68496c6bb7,2012-07-08 04:23:36+00:00,0,7,3,14,0,0,0,0,0.0,0,0,0
f8c98715c307dda487d0cc404eb7d26c53c49aa4,2012-07-08 04:24:24+00:00,2,5,6,13,0,163,163,539,0.0,0,0,0
c089993a0f85d8dc2e2c932c8ce34988110371a6,2012-07-08 04:27:26+00:00,1,2,0,4,0,0,0,0,0.0,0,0,0
523433f26cc6385b91fcc87186437474abd2cde1,2012-07-08 04:37:23+00:00,1,1,0,41,0,0,0,43,0.0,0,0,0
21f60fe8dfe2ebbde2318f763f585d7de18d3d6f,2012-07-08 04:47:24+00:00,2,33,32,61,0,91,91,257,0.9998114705085754,0,0,0
b7fd0e81fdff98bc4eed1e6147209fcbf0a28374,2012-07-08 07:42:17+00:00,0,33,5,82,0,0,0,0,0.0,0,0,0
08cebb3c2fb3b3a4164a8e38435ab30b2ddaaa73,2012-07-09 23:06:02+00:00,3,16,5,40,0,273,163,1056,1.000000238418579,38,101,0
051d3bb601c9cb5a4b14cfc6244c680ed220f44a,2012-07-10 22:25:32+00:00,2,21,0,201,0,0,0,0,0.0,0,0,0
6413c063ed88244902e9ab1daea382f60ab17587,2012-07-10 22:34:29+00:00,1,1,1,27,0,0,0,0,0.0,0,0,0
c19ff0388eba25ea81c4411e7c970f68c4b3a97a,2012-07-10 22:48:07+00:00,0,21,0,67,0,0,0,0,0.0,0,0,0
523906c54f23e0147cb8aacd3393ce6501a148fa,2012-07-11 16:31:59+00:00,1,3,3,38,0,162,162,492,1.0,0,0,0
23aa6c44a9fb60bfdc4be849f9ae6aadab93c78c,2012-07-12 07:09:21+00:00,0,3,3,83,0,0,0,0,0.0,0,0,0
ea99d5e0d962b48ecc6ced6e218ad85fc12ee56e,2012-07-12 07:22:12+00:00,1,0,22,31,0,0,0,0,0.0,0,0,0
baa2355e4e5a62269b188356b6b53081954c2e86,2012-07-12 07:28:59+00:00,0,0,22,65,0,0,0,0,0.0,0,0,0
b222ff94777c6370d1ab15fe77b2cc7d4e90a8d8,2012-07-12 19:06:43+00:00,0,16,5,105,0,0,0,0,0.0,0,0,0
902d174d21c3837b4a724abb64fc5da7c8fc0d97,2012-07-12 20:12:54+00:00,1,6,0,7,0,0,0,0,0.0,0,0,0
884fc333a1a156fd3b94ebec5a0eaa94e0122cb6,2012-07-12 20:18:35+00:00,1,1,0,14,0,0,0,0,0.0,0,0,0
9fe4a9936572e638dad2db30fffd6b38b0b74f66,2012-07-12 20:34:28+00:00,2,2,2,90,0,162,162,492,1.0000001192092896,0,0,0
c3ab38ed6fbae7fb5a3056fdb166b06f6d80ad36,2012-07-12 21:13:36+00:00,0,2,2,86,0,0,0,0,0.0,0,0,0
318f2460eed225b7d369db3f07d4cc3445e70804,2012-07-13 19:20:05+00:00,1,3,0,243,0,163,163,495,1.0,0,0,0
a97a5133900ebefd4b537b518630a4256c62d73c,2012-07-13 20:49:12+00:00,0,3,0,113,0,0,0,0,0.0,0,0,0
5296b8be90cb79f0e2b36bbf9a6108e65bec0e23,2012-07-14 20:09:13+00:00,1,3,3,291,0,31,31,137,0.999732255935669,0,0,3
f9c0ddf46ddae0a6b901257309424f2f3f196d90,2012-07-14 22:26:38+00:00,1,7,0,216,0,166,166,501,0.9999497532844543,0,0,0
73815e2ed004965e30ed14b7be94e7af1d506526,2012-07-14 22:48:07+00:00,0,3,3,118,0,0,0,0,0.0,0,0,0
3c0b94047c1ccfca4ac4f2fe32afef0ae314094e,2012-07-18 02:47:13+00:00,5,60,15,579,0,339,166,1248,1.000000238418579,33,98,2
2c241d28011626da17dabed80e190ac84e5cf79c,2012-07-18 10:58:55+00:00,1,1,0,59,0,0,0,20,0.0,0,0,0
876e1744b1abc0fd4089149665860ba523ad6ade,2012-07-18 14:44:37+00:00,0,1,0,104,0,0,0,0,0.0,0,0,0
6eb1ac44527e40f26f078d336b4ad6838798432b,2012-07-20 17:50:04+00:00,1,3,3,45,0,163,163,495,0.9999791383743286,0,0,0
c485928a9f964632cd9556607889aeb1379846b8,2012-07-20 18:26:08+00:00,1,3,3,192,0,163,163,495,0.9999791383743286,0,0,0
79aa9edde1bba39a433475929970dd519fecfdf3,2012-07-21 17:11:00+00:00,1,3,2,42,1,0,0,13,0.0,0,0,0
52b55ccfbc6bfd822fcacff0dff0eefffd6cc4fc,2012-07-24 13:46:34+00:00,0,3,3,110,0,0,0,0,0.0,0,0,0
55237ad67dddaf070a40ea1ab64f84799356edfa,2012-07-25 12:24:38+00:00,1,2,2,34,0,0,0,13,0.0,0,0,0
350be4a5496d10fab85b03fde65597e3a618abdf,2012-07-25 16:06:26+00:00,1,1,1,20,0,91,91,237,0.9999631643295288,0,0,0
0af7ca7b27f4f7bc58942ac3f3398d3238ee7a1d,2012-07-27 05:29:17+00:00,0,1,1,67,0,0,0,0,0.0,0,0,0
0d9ab27b02551999781d5f8d80407cf2cc374e7e,2012-07-27 05:29:58+00:00,0,5,4,87,0,0,0,0,0.0,0,0,0
e02fb2eb6c2acfa67793a2c77a3c7bd47998a024,2012-07-27 05:32:01+00:00,7,324,216,23,0,168,59,610,1.0000004768371582,1,0,0
31e768f1345007c1b9cbb3ce0db28750fa444ee0,2012-07-27 05:33:51+00:00,0,7,0,110,0,0,0,0,0.0,0,0,0
bc63617da29beb330feb95f0f4b918bff78b44f1,2012-07-27 05:36:41+00:00,0,130,0,101,0,0,0,0,0.0,0,0,0
c65065177f528595a9b55dd62a916146ecdf40cc,2012-07-27 05:39:17+00:00,1,260,0,12,0,59,59,178,1.000000238418579,0,0,0
81207783a22d960827450a1079ca2a0291d6c5d5,2012-07-27 05:39:21+00:00,0,137,0,58,0,0,0,0,0.0,0,0,0
d74d61e97e017fe3902f2b9ac217ffb1a012da1e,2012-07-27 05:40:09+00:00,1,3,3,7,0,0,0,0,0.0,0,0,0
e0fed46561b609cee05e12472425949d7962585b,2012-07-27 05:48:25+00:00,1,5,1,11,0,52,52,229,1.0000004768371582,0,0,3
82d343fa007a8655f97782c711f0b7d37166aa05,2012-07-27 06:18:31+00:00,1,35,35,20,0,107,107,538,0.0,32,97,0
767751599e4d4d7bcf0c5bee3751cbec6ef1fb7f,2012-07-27 06:21:56+00:00,2,4,3,7,0,0,0,15,0.0,0,0,0
9abc9ad1b3e93307b6a82c54ed94faa11d43bd4f,2012-07-27 07:23:33+00:00,1,2,2,7,0,0,0,15,0.0,0,0,0
02dcc40acd53ffbabd9c1d4bdd584ea8491a739d,2012-07-27 08:26:04+00:00,1,11,0,28,0,108,108,545,0.9999030828475952,32,98,0
5e175ef24ce93a14b145a55d1a7f31267602f7b2,2012-07-27 11:18:13+00:00,1,15,15,210,0,166,166,501,1.0,0,0,0
cfa627ae62cebff20edf0816ce327c61603ef6a8,2012-07-27 15:08:16+00:00,3,71,19,230,0,290,171,1123,0.9999999403953552,34,105,0
72f7cbfdc1859567a8dfb06fc0b35a1c2671d655,2012-07-28 20:56:00+00:00,2,10,11,6,0,0,0,0,0.0,0,0,0
ca7ee6865671a96fbdd39dd6fbce988df9141570,2012-07-28 20:56:14+00:00,1,2,0,8,0,0,0,59,0.0,2,0,0
027effd585b50209895b5406c9efcaeba51d2ac5,2012-07-28 20:56:49+00:00,0,11,0,58,0,0,0,0,0.0,0,0,0
758cd24033b910f55b564a4d57b8ec46b838e42b,2012-07-28 21:07:53+00:00,1,1,1,6,0,0,0,0,0.0,0,0,0
dee3693ea004e2f859e4fba4cfedb376e4d0bb2b,2012-07-30 08:35:47+00:00,2,11,3,115,0,292,172,1128,0.9999999403953552,34,106,0
b47418533a7b4cc2df701a0872af2226c1639482,2012-07-31 01:13:17+00:00,0,15,15,80,0,0,0,0,0.0,0,0,0
42ddc4c9e8faff8103adf1e083f0260945357646,2012-07-31 19:56:22+00:00,1,25,18,47,1,163,163,503,0.9999542832374573,0,0,0
2b33bc289f78adde0df16589122d8cdc8eb09567,2012-08-01 01:50:44+00:00,1,38,5,67,0,108,108,575,0.9992891550064087,32,107,0
c71f48b5f1d989644e26b9004c2af7a6f27d4708,2012-08-01 02:17:47+00:00,2,25,12,82,0,108,108,583,0.9999997019767761,32,107,0
46b6207f05f0f91c88a69156f88afa7e92c560cf,2012-08-01 02:23:47+00:00,2,3,3,19,0,163,163,503,0.999806821346283,0,0,0
1efd06a87da37c074f7590ff5968090d849cea3f,2012-08-01 13:03:57+00:00,1,1,1,96,0,163,163,503,0.9999542832374573,0,0,0
5ff165a1e2b30d5568c058b11139038963b4f979,2012-08-01 14:36:45+00:00,2,12,0,86,0,273,164,1096,0.9990636706352234,32,108,0
4f40b3befc2bb830ae48a2637e3af99fc5bbc768,2012-08-02 11:16:41+00:00,1,2,1,35,0,7,7,19,0.9998877048492432,0,0,0
fdec88de995fd94c1f0dbe33e105680bbd1ac1de,2012-08-02 11:56:12+00:00,1,2,2,331,0,0,0,0,0.0,0,0,0
54842cdca9598eb5cc09c971ed50af1e1d415ae9,2012-08-02 11:59:38+00:00,0,2,2,82,0,0,0,0,0.0,0,0,0
204649521bf8d165690b78a349d0f7c10d03bb99,2012-08-02 20:45:06+00:00,1,12,14,99,0,163,163,498,0.9988089799880981,0,0,0
22179c493e5492de3fcae17ad9138c83f5878449,2012-08-02 20:52:36+00:00,0,12,14,98,0,0,0,0,0.0,0,0,0
664880db62ad20cf754e3220b0545c79718a3e77,2012-08-02 20:53:05+00:00,0,2,1,80,0,0,0,0,0.0,0,0,0
b4bc76f8ebe688afea622860990ddef1e5ec628b,2012-08-03 15:42:36+00:00,1,5,3,22,0,164,164,500,0.9989991188049316,0,0,0
644c6f91342cee0fa96851c05cf125b23e905a33,2012-08-03 16:02:01+00:00,0,5,3,41,0,0,0,0,0.0,0,0,0
b5ca4b4430ea810ce6216f2a6dbb6f4dc992656c,2012-08-03 16:21:28+00:00,0,5,3,73,0,0,0,0,0.0,0,0,0
12328d6e58d0b52f0a5f425f4dcd84236583c679,2012-08-04 00:09:56+00:00,1,7,0,33,0,109,109,550,0.9995924234390259,32,99,0
2d5e38f30ad9f3bd0e3a87518ae79ccbdf779369,2012-08-04 02:04:43+00:00,2,16,2,79,1,164,110,760,0.9989573955535889,32,108,0
2110f7d18c67ce42073b440df0853447df842e99,2012-08-04 03:05:37+00:00,1,1,1,65,0,109,109,550,0.9997724890708923,32,99,0
493ea934699d10f5e7fae174403c59fd511b605b,2012-08-04 03:13:17+00:00,2,5,3,198,0,274,165,1051,1.0,32,99,0
2d321b22b764bca4ae393468c0afb47970cb9d57,2012-08-04 03:18:31+00:00,0,0,0,75,0,0,0,0,0.0,0,0,0
f60579ddda183e10888bd5059ba3033792ddb043,2012-08-04 13:35:32+00:00,2,3,3,35,0,165,165,550,0.0,0,0,0
1898077f798ede5cbaff18f12788b51a7763df8b,2012-08-04 15:39:25+00:00,0,11,2,54,0,0,0,0,0.0,0,0,0
d82d1241525b3e9a548101a4ab56d76d40fb6a8a,2012-08-05 20:59:24+00:00,0,11,2,41,0,0,0,0,0.0,0,0,0
1722f289711e3d03b0e00fb548f3e8ea92544775,2012-08-06 03:28:19+00:00,3,45,42,249,1,308,161,908,1.0,0,0,0
b13c24d7b9090855d5cf081c47b966bbce34fc48,2012-08-06 04:38:12+00:00,0,60,15,95,0,0,0,0,0.0,0,0,0
fc6ddfd78a26afe926c0b5430807d2bbe6d7c874,2012-08-06 06:45:52+00:00,2,12,2,7,0,0,0,15,0.0,0,0,0
55bf436f8f6612f627cf0f562dd5d36e26e17c68,2012-08-06 16:27:04+00:00,2,4,2,47,1,165,165,552,0.9999497532844543,0,0,0
857d8eda3a4055d92626f71ff5b34ce8cc6ec167,2012-08-06 20:57:04+00:00,1,16,0,50,0,111,111,559,0.9999697804450989,32,101,0
a94fcb87d2ec6c83355e3ce6a89ffc7531e7672c,2012-08-06 21:05:21+00:00,0,4,2,92,0,0,0,0,0.0,0,0,0
030ead9c36b59d2e18f6381f3f8c96c6e4de0090,2012-08-06 22:37:28+00:00,1,7,2,103,0,165,165,502,1.0,0,0,0
000c1053035812ee765a4f4a967eb69dba400a04,2012-08-06 22:46:47+00:00,1,2,1,87,0,165,165,503,1.0000001192092896,0,0,0
291859c199c481bf1e304e39613ca90b6f55f9f8,2012-08-06 23:11:45+00:00,1,2,2,26,0,111,111,559,0.9999697804450989,32,101,0
bc7b2f9a67ef69d87fdf02701f8005c1af612796,2012-08-06 23:13:59+00:00,0,25,3,85,0,0,0,0,0.0,0,0,0
ceec572cb97515c2078f26d5a909f8b99f525183,2012-08-07 16:11:15+00:00,0,75,19,76,0,0,0,0,0.0,0,0,0
e624ae8aeadc63b473e1d57f1bec71b4f713cf32,2012-08-08 10:59:00+00:00,1,18,0,24,0,115,115,570,0.9974700212478638,32,102,0
6166ba7e131ef77f9748488a02dc5e699928a17d,2012-08-08 11:05:52+00:00,1,8,1,51,0,167,167,508,0.9999998807907104,0,0,0
875c9e18ab967464d13a2ea804119316c73277bb,2012-08-08 18:12:32+00:00,2,18,0,51,0,280,166,1076,1.0,34,103,0
d4f7d676550483dcee17b6a23867541377ae2cd8,2012-08-08 20:18:39+00:00,0,26,1,96,0,0,0,0,0.0,0,0,0
a65e8b4a22ba1a3c23bdd74b86b183529fd9e17e,2012-08-08 20:23:10+00:00,0,18,0,97,0,0,0,0,0.0,0,0,0
40ba6b4ec13e599ede207ec6987c37b0c1b54152,2012-08-09 04:31:30+00:00,2,2,2,17,0,0,0,0,0.0,0,0,0
7a9419ce356d0be0383ec83b14e66658ea7f96be,2012-08-10 13:47:13+00:00,2,41,6,38,0,0,0,0,0.0,0,0,0
4da4792844017b7b7e5f78cf106e34a68a08af96,2012-08-10 15:51:01+00:00,1,3,3,49,0,13,13,66,0.9999993443489075,5,9,1
56b01bf0e639f7a371dea4baef250f54b30f6eab,2012-08-10 16:03:09+00:00,0,3,3,100,0,0,0,0,0.0,0,0,0
64646182b213f9e7e564bbf9a26e4861090627cf,2012-08-10 16:05:08+00:00,0,41,6,100,0,0,0,0,0.0,0,0,0
e08b853a0c001bda8215819c9cbcb7381e8c2c24,2012-08-10 16:24:00+00:00,1,5,0,48,0,121,121,605,0.997311532497406,34,106,0
79d53d3b8acf021203853e12e8fe0eeb0b742b51,2012-08-10 16:29:12+00:00,1,4,1,47,0,173,173,525,0.9997562170028687,0,0,0
88c762e256647a03f10a7a8c8707043a1b33aa5b,2012-08-11 06:19:35+00:00,1,5,9,42,0,120,120,602,0.9992987513542175,34,106,0
27b55a74d7b9bd2f8c60fd0ee342bcbbf40e0a66,2012-08-11 06:30:21+00:00,0,77,21,114,0,0,0,0,0.0,0,0,0
4130cf9b40acf08aa89c942330f3ee2eddd173eb,2012-08-13 21:14:19+00:00,0,9,1,67,0,0,0,0,0.0,0,0,0
00b4ca3b744fa25d3c4aabf49774eaa40caf9f33,2012-08-15 17:16:27+00:00,1,1,1,38,0,173,173,525,1.0,0,0,0
77cf9951656c84a02213a23d384f6c11327cdb74,2012-08-16 07:09:27+00:00,3,27,4,224,0,401,171,1448,0.999996542930603,35,119,0
57b4d39749021305a2d5850e642537224d30611f,2012-08-16 15:49:00+00:00,1,3,8,43,0,6,6,12,0.9999365210533142,0,0,0
ff55d737d509d8af1308c4b118dd2cc4ebbaaa72,2012-08-16 20:27:31+00:00,1,3,3,44,0,0,0,0,0.0,0,0,0
b9d3ce2e10339d41aeaeb24c4226c4ce17558b53,2012-08-16 20:50:01+00:00,1,3,3,94,0,0,0,0,0.0,0,0,0
b31a4399c7cdd0a7c5a7f2c4c7a320fbeb30ebff,2012-08-16 21:08:57+00:00,6,32,32,47,0,0,0,0,0.0,0,0,0
42d0a2169eb894df0fc3c3788925bfd107765597,2012-08-16 21:33:27+00:00,17,67,47,32,1,654,173,2470,1.0,40,142,8
76f90054f9ee5813921b3232519915dd88fc7b0c,2012-08-17 10:12:15+00:00,1,1,1,54,0,0,0,0,0.0,0,0,0
bbf1946dfed0cc7db880183ca00c6a7663e0b710,2012-08-17 20:47:47+00:00,0,1,1,98,0,0,0,0,0.0,0,0,0
27f34a54871088f258bc7f4fdb9af51f2b15628d,2012-08-17 20:57:01+00:00,0,67,47,75,0,0,0,0,0.0,0,0,0
cb0fdd80d0b3019d08f2ec73eb1b25dc79eb9608,2012-08-17 20:59:29+00:00,0,35,35,93,0,0,0,0,0.0,0,0,0
53d454c8137e3c4863d7c1ecef8e3664f399f883,2012-08-18 02:53:57+00:00,1,5,0,83,0,52,52,231,1.0,0,0,3
5017aeb06c3893a1e500ae73d7d343b480a9c8c2,2012-08-18 04:16:02+00:00,1,82,74,92,1,54,54,236,1.0000004768371582,0,0,3
6d0203609294a9f95b2808515829b3c371aaac74,2012-08-18 05:33:05+00:00,1,5,0,101,0,121,121,609,0.9992972016334534,34,107,0
e02da89337e798a39bc29dfa6e0ceb8636b6761c,2012-08-18 16:15:03+00:00,0,274,105,165,1,0,0,0,0.0,0,0,0
f01694e2743c9883ca316d3abd8d2385d5c5f37e,2012-08-18 17:47:14+00:00,2,2,4,30,0,289,166,1158,0.9993315935134888,34,116,0
ab56e4a9f170c2c951d443853466f27b31dcc256,2012-08-18 18:41:13+00:00,2,8,7,340,1,176,123,814,1.000000238418579,34,116,0
a04775f862c479d017689dddf28c6e6a84beb74e,2012-08-18 20:24:02+00:00,1,1,1,18,0,13,13,66,0.9999993443489075,5,9,1
329af44f351eaea251601cabcafcd70a62521af5,2012-08-18 20:39:52+00:00,1,1,0,50,0,0,0,0,0.0,0,0,0
00523064b0f151c7160884142aa59a5831fc5399,2012-08-18 21:32:48+00:00,0,1,1,60,0,0,0,0,0.0,0,0,0
a5d462e176c61c9967ef6cbcc0ef50a4764dc0b6,2012-08-18 22:31:58+00:00,1,11,24,133,0,123,123,641,1.000000238418579,34,116,0
95493917f2a075aee97a65a2e37cc0bb4d4103ee,2012-08-18 22:54:49+00:00,0,106,53,70,0,0,0,0,0.0,0,0,0
489ce1c8a9fb16fb38a2073b738c7b01391e4ab8,2012-08-19 00:40:53+00:00,0,1,1,86,0,0,0,0,0.0,0,0,0
385217e55c356dc8be9612dc2fa2ccf2f71bd9dd,2012-08-19 00:42:40+00:00,0,92,74,77,0,0,0,0,0.0,0,0,0
b130b98086e1826bd0ade3fd9a899e49eeb253ec,2012-08-19 00:46:55+00:00,2,12,2,7,0,0,0,15,0.0,0,0,0
f48c78c9eebde590dfadc7f0d89e1de1ed9f85b3,2012-08-19 19:48:12+00:00,1,7,6,50,0,166,166,509,0.9999954700469971,0,0,0
6d418d91324c77c6b131abcdbe7a82095ea074dc,2012-08-19 20:02:29+00:00,1,1,1,39,0,166,166,509,0.9999954700469971,0,0,0
c19650b00f0c169cdf6372a093425830e11a8771,2012-08-20 02:48:30+00:00,1,11,3,30,0,60,60,255,0.9977084398269653,0,0,1
2e71497e10dd372040b5b44c75b99a07159e7ce4,2012-08-20 05:38:39+00:00,0,11,3,86,0,0,0,0,0.0,0,0,0
2d5d6f99abe94d19f31d56a50603013756102574,2012-08-20 07:55:17+00:00,0,7,6,77,0,0,0,0,0.0,0,0,0
301d1a838f56c6c8e5e886b7dde3de88656cfae4,2012-08-20 09:18:26+00:00,1,2,1,29,0,55,55,237,1.000000238418579,0,0,3
a032e7c3925eb07a9d9df11920e4f1b2727ab4a0,2012-08-20 14:43:05+00:00,1,22,2,12,0,0,0,0,0.0,0,0,0
e5fc88ad37418cc7d52c15011c06b10c46b02dff,2012-08-20 14:43:16+00:00,1,357,0,9,0,75,75,163,1.0000003576278687,0,0,0
3514816d63b4656d0a2b707f4beb85e0cd488c02,2012-08-20 14:43:27+00:00,0,7,6,58,0,0,0,0,0.0,0,0,0
f3159ed4f619124ab4b47c4e0f06f96daed762ce,2012-08-20 14:47:19+00:00,1,33,0,41,1,101,101,266,0.9995349645614624,0,0,0
49a7947bcb1af9727fd23ddea907ba53646c3e93,2012-08-20 14:52:09+00:00,1,7,6,10,0,0,0,0,0.0,0,0,0
7c23fa364f5db898f6bdfbe7d568b0ce10e3f905,2012-08-20 14:54:39+00:00,1,1,0,4,0,0,0,0,0.0,0,0,0
a320336b5cbf37f288e21d6ca4492b13cb10be0c,2012-08-20 14:54:48+00:00,0,33,0,91,0,0,0,0,0.0,0,0,0
0841940aea32da8211fba50a04f844840b8d8c09,2012-08-20 14:55:31+00:00,0,33,0,58,0,0,0,0,0.0,0,0,0
d8dcd35316621df0691ab5fc3fe1d5f3d76f71bb,2012-08-20 15:06:33+00:00,1,21,3,11,0,170,170,519,1.0,0,0,0
c323047dbe5cfb892eada9c37037145738507c5e,2012-08-20 15:10:55+00:00,2,1,359,17,0,187,170,554,1.0000003576278687,0,0,0
9eaee76c33b5ffb82aa71ed7f3e81013480d06c8,2012-08-20 15:15:50+00:00,2,7,2,7,0,0,0,15,0.0,0,0,0
b5ce5029ea04b7e16fc96ec121cac2a35f077c97,2012-08-20 15:58:43+00:00,1,42,22,46,0,0,0,0,0.0,0,0,0
4889adce4e7ea6b9e89fd6059cda2dc7cdf53be8,2012-08-20 16:04:44+00:00,0,42,22,85,0,0,0,0,0.0,0,0,0
f18733d2be4a9c3d0d3ceea31be9e191c05f21d6,2012-08-22 14:49:40+00:00,1,11,2,110,1,55,55,171,0.9988031387329102,0,0,0
b781acc7ab34d1ace2200e52e434ad1b54e54eb6,2012-08-22 20:37:19+00:00,1,10,0,34,0,124,124,651,0.9970109462738037,34,118,0
751e7a0a66bc9f57923b8ae039bf2f467e106c60,2012-08-22 21:27:27+00:00,1,4,3,32,0,171,171,520,0.9996381998062134,0,0,0
217a9d50cd1cceba3455d3d4ffdf08af736e51c8,2012-08-23 06:18:47+00:00,1,0,1,24,0,123,123,644,0.0,34,117,0
29aa21a2fdd1421388c26a44ad32e55854470cf6,2012-08-23 06:38:28+00:00,1,2,2,34,0,0,0,0,0.0,0,0,0
390a4ae4bc946bfd08860ab20ccde5e0e49ef711,2012-08-25 04:48:30+00:00,0,2,3,70,0,0,0,0,0.0,0,0,0
95c82c7c0b92baddcf48f6faf15c09a6e3266e3d,2012-08-25 14:33:37+00:00,0,53,24,69,0,0,0,0,0.0,0,0,0
4571a9e50ed8c7f2eebacde5a7c24b27bf0055fa,2012-08-25 14:33:42+00:00,0,2,3,58,0,0,0,0,0.0,0,0,0
088454b145216acebf4277aefcb2115b499b1406,2012-08-25 14:35:06+00:00,0,14,3,79,0,0,0,0,0.0,0,0,0
fa449212418d9102e67d63cdf424698dba2dbbe9,2012-08-25 14:41:15+00:00,0,2,1,77,0,0,0,0,0.0,0,0,0
f65b790e9dcf688ac68024044a60d63004b65cda,2012-08-25 14:44:53+00:00,1,17,14,12,1,55,55,238,1.0000007152557373,0,0,3
94869e720e4ab808a4f5d23de773b393dc770eb6,2012-08-25 14:49:16+00:00,2,8,2,7,0,0,0,15,0.0,0,0,0
ab57c076e3be6e4ee2cc0ce7aaef46d06f68a254,2012-08-25 15:06:56+00:00,0,3,8,92,0,0,0,0,0.0,0,0,0
1be2a55a39b0738c7e07f3bd356306de2683f04e,2012-08-25 15:07:13+00:00,1,1,0,43,0,0,0,0,0.0,0,0,0
6da48dbd93cc52327e7568397572cc89e248dc39,2012-08-25 15:46:41+00:00,1,1,1,4,0,0,0,0,0.0,0,0,0
fc9b8a02148dd3b41c0323f868d8664e70c49468,2012-08-26 16:30:04+00:00,1,4,1,28,0,0,0,55,0.0,0,0,0
913ef867be5b918aebbbf491e879116963a4fa29,2012-08-26 16:43:39+00:00,1,7,5,42,0,114,114,350,0.999992847442627,0,0,0
ace89395b6763fe9ca0a98fa878031d9e9f4d003,2012-08-26 16:46:18+00:00,0,7,5,90,0,0,0,0,0.0,0,0,0
9fb63adfa55cd5516f947ae103b0910eb092ced1,2012-08-26 16:47:09+00:00,0,4,1,72,0,0,0,0,0.0,0,0,0
b257b10281837c1bbc08403758e9ad8ff7a87c68,2012-08-26 22:34:09+00:00,1,1,1,4,0,0,0,0,0.0,0,0,0
b9ecf45683e1a3c1ac0ed4c0d01d563dc7c63815,2012-08-26 22:34:16+00:00,0,11,6,58,0,0,0,0,0.0,0,0,0
f4311269d77dbbfdc1fa84b79146dc8f5eea246e,2012-08-27 23:36:00+00:00,1,29,2,27,0,0,0,15,0.0,0,0,0
8a1d53eb3ac19cabbb85e2bdfae418cd6fa84612,2012-08-28 04:51:01+00:00,1,25,24,34,0,56,56,240,1.0000007152557373,0,0,3
b5b2e51fc5716cc687251b346f20e68bc997c9a1,2012-08-28 05:38:46+00:00,0,29,2,78,0,0,0,0,0.0,0,0,0
46ff4b386281f619506c13f8a6548ecd3e4d3559,2012-08-28 07:20:53+00:00,1,1,2,77,0,56,56,239,1.0000007152557373,0,0,3
aded42f23247e86495654ddd85ae9e000bbe9c1e,2012-08-28 07:24:09+00:00,1,2,1,79,0,57,57,240,1.0000007152557373,0,0,3
babac7368b9aa34fd1f0e5d29d4f80c2006ad614,2012-08-28 07:38:13+00:00,1,3,3,48,0,57,57,240,1.0000007152557373,0,0,3
0ad445651e22159d7eeea5f0283c073fae5bacd9,2012-08-29 11:29:41+00:00,0,25,24,82,0,0,0,0,0.0,0,0,0
06d9faedc662a3705af0349e12ea27e2b4bbf640,2012-08-29 19:20:11+00:00,1,15,15,107,0,171,171,520,1.0,0,0,0
52d2e2ee4e37d9594ba62fd3caa952d537f699de,2012-08-29 19:20:27+00:00,1,1,0,12,0,0,0,0,0.0,0,0,0
991b853bd948dd90353a77807563e8ad32b113ab,2012-08-30 17:14:37+00:00,1,8,14,57,0,0,0,0,0.0,0,0,0
5fedbbf7f07e8cd96c9c9bf000a88c0e42d603c4,2012-08-31 06:06:15+00:00,1,0,1,4,0,0,0,0,0.0,0,0,0
81897dd138edb88697e692a325c16e03c97e1d49,2012-08-31 06:06:21+00:00,0,54,26,58,0,0,0,0,0.0,0,0,0
117586603324269416d381808b9de4d77bc04c63,2012-08-31 23:49:47+00:00,0,8,14,106,0,0,0,0,0.0,0,0,0
6497d110494c1f32649839e51fcf4966bb2b8d87,2012-09-02 08:47:19+00:00,0,27,4,105,0,0,0,0,0.0,0,0,0
a69cf7e71cc1294fb93cb2d4e7655fab08658dc5,2012-09-02 08:50:05+00:00,3,12,5,7,0,0,0,15,0.0,0,0,0
c8f166f696327dc8ec07a248863fcc35fafa2038,2012-09-02 08:50:30+00:00,0,35,18,58,0,0,0,0,0.0,0,0,0
8081d7b15cf893435c19ea1c0d5e4392a60fe18f,2012-09-03 03:09:43+00:00,5,61,48,104,0,346,171,1050,1.000000238418579,0,0,0
d9a85560a2767e1b1420ab455b2eab508bed6666,2012-09-06 14:13:46+00:00,1,1,1,39,0,0,0,0,0.0,0,0,0
91a9c397466d22c83688ddd851d7f04d73cd22a8,2012-09-06 14:22:40+00:00,1,3,0,61,0,0,0,61,0.0,2,0,0
c73646da0018063f7ddd03514e6cde55e82bb640,2012-09-06 23:31:01+00:00,1,5,4,201,0,127,127,661,0.9994224905967712,35,119,0
fc1d0fedea5c400c539b660f7bf8301d855a1d63,2012-09-07 01:17:55+00:00,1,1,1,20,0,171,171,518,1.000000238418579,0,0,0
41ca8edf23754195f8403622fa23df990a6e25d3,2012-09-07 07:06:51+00:00,0,1,1,90,0,0,0,0,0.0,0,0,0
ee7825df7b021e8cedfcafcc814f03d8f74d512c,2012-09-07 07:10:21+00:00,0,5,4,91,0,0,0,0,0.0,0,0,0
861e63ce8e4a7c4881b3129edea8f23d730cabf1,2012-09-09 08:56:32+00:00,1,1,1,18,0,0,0,20,0.0,0,0,0
f58013c089acd505962139fb9fc5ae293eb7ffd7,2012-09-09 09:29:37+00:00,0,1,1,68,0,0,0,0,0.0,0,0,0
2ae7c5a5476a20c512dc477f49084c70f970184c,2012-09-11 03:05:07+00:00,0,61,48,71,0,0,0,0,0.0,0,0,0
b7c394543704ba031854bfea06628321a4453e8b,2012-09-11 03:06:52+00:00,0,16,15,110,0,0,0,0,0.0,0,0,0
aed5bf7cc7440ff1676e14e132f9a1064f2694c9,2012-09-11 03:09:41+00:00,1,1,2,30,0,0,0,60,0.0,2,0,0
64fd0baa02577d764808f08d7887365864406cb5,2012-09-11 03:15:41+00:00,0,2,0,100,0,0,0,0,0.0,0,0,0
2dc7db4730fb9763931ad0a7449732d0797959b9,2012-09-11 19:40:16+00:00,2,31,0,43,0,175,173,536,0.9999998807907104,0,2,1
65c19bc0e0c44da54ff46d2237264800e2f2238f,2012-09-12 17:49:34+00:00,1,1,1,37,0,173,173,521,0.9999998807907104,0,0,0
106bae645763fe36f5f3df4bc3203b9f8d5f4976,2012-09-12 17:58:03+00:00,0,31,0,83,0,0,0,0,0.0,0,0,0
d70964a608566f80ee7d97b6c6ee682a3ba09f75,2012-09-12 17:58:20+00:00,0,1,1,66,0,0,0,0,0.0,0,0,0
fe4211d5b5efb585b014845ef4d99d79cb1f316f,2012-09-13 06:03:38+00:00,1,1,6,119,0,0,0,0,0.0,0,0,0
0342ddb548383381af41ae308aeb57d4ab7caf78,2012-09-13 06:10:11+00:00,0,1,6,124,0,0,0,0,0.0,0,0,0
cb44e165e56fe58c4fb4394f796ab53877b352c5,2012-09-13 06:21:32+00:00,1,1,0,73,0,0,0,0,0.0,0,0,0
a0df2cbb10419037d11d04352b3175405ab52941,2012-09-13 06:36:36+00:00,0,1,0,134,0,0,0,0,0.0,0,0,0
4dd3d1a1a2534f2996a368ebe26114bf974e15f9,2012-09-20 15:43:00+00:00,2,38,2,31,0,308,174,1209,1.0000003576278687,36,119,0
efdd645dbccbb73c6829228ec32bb6ee740337bb,2012-09-21 22:22:12+00:00,1,1,7,4,0,0,0,0,0.0,0,0,0
ffc72ac5f90322e53ef01b6ade0cb84deaba4df0,2012-09-21 22:22:18+00:00,0,120,76,58,0,0,0,0,0.0,0,0,0
c91f83fbad8a4e1a8ecf971d69dfee3e1cf7a31d,2012-09-21 22:50:38+00:00,1,1,1,9,0,0,0,0,0.0,0,0,0
6a4062a8c7d1c5306d8cf8af76dcb0eb36566b85,2012-09-23 01:49:19+00:00,0,38,2,84,0,0,0,0,0.0,0,0,0
6cc24a11fdf3c9d9489e4a49bad990ce662074f0,2012-09-23 16:46:53+00:00,1,1,1,6,0,0,0,0,0.0,0,0,0
1b70385d4ae7540084ef82886df3d943733db0d2,2012-09-23 17:41:54+00:00,1,1,1,127,0,0,0,20,0.0,0,0,0
5ce25688e0a88a892d33cdb23ff6e097ff6829d9,2012-09-24 16:05:53+00:00,1,3,11,102,0,59,59,248,0.9999998807907104,1,0,0
b1610df282c67cd87781be166549643e647704ee,2012-09-25 22:35:30+00:00,1,5,0,236,0,175,175,526,1.0,0,0,0
2bb49ff386deab4e67e199450085720c1521411a,2012-09-25 22:35:30+00:00,1,5,0,236,0,175,175,526,1.0,0,0,0
38aced9f90cdbcdbda1cf402ef759060b08df6de,2012-09-26 19:38:36+00:00,1,1,4,45,0,174,174,524,0.9999999403953552,0,0,0
eb6a6b1a234e520d9ef6263fc1f35758ca1b662a,2012-09-26 19:38:36+00:00,1,1,4,45,0,174,174,524,0.9999999403953552,0,0,0
992d1182db9fc9deb1c795ce18ca64f56115e524,2012-09-29 22:28:53+00:00,1,4,0,119,0,87,87,209,1.0000001192092896,0,0,0
e656222188475369ec3493cdeb37d398a7e7e1c5,2012-09-29 22:28:53+00:00,1,4,0,119,0,87,87,209,1.0000001192092896,0,0,0
4f9e5521480e5b9fa760e0f19274441c363aca5e,2012-10-01 00:24:56+00:00,1,2,5,57,0,103,103,272,1.000000238418579,0,0,0
5cd116d078ca885f81c89390d1e5ebe8cd7f5068,2012-10-01 00:24:56+00:00,1,2,5,57,0,103,103,272,1.000000238418579,0,0,0
1cb31f2b1155c070da52a554cdf186e8c548c701,2012-10-01 16:52:31+00:00,0,2,5,103,0,0,0,0,0.0,0,0,0
af61205e72e6d158bc5ee04e6f57c405e0df73df,2012-10-01 16:53:56+00:00,0,3,1,93,0,0,0,0,0.0,0,0,0
4e6cf21d8231b28a9bbfdd94392137255e434033,2012-10-01 17:09:02+00:00,2,7,3,291,0,311,177,1212,1.000000238418579,36,119,0
77677eb71d41f20d657254b7d88c17337369e600,2012-10-01 17:09:02+00:00,2,7,3,291,0,311,177,1212,1.000000238418579,36,119,0
22fdecba521610466f4316ad4a22c6f25870b46f,2012-10-01 17:13:12+00:00,1,3,3,50,0,86,86,209,1.0000001192092896,0,0,0
170c46c06bd9b6f7233c95f998642ff365d47a0b,2012-10-01 17:13:12+00:00,1,3,3,50,0,86,86,209,1.0000001192092896,0,0,0
6d706378a0df5e21b9debbc7a4f92e5eb836405c,2012-10-01 17:26:58+00:00,0,4,0,72,0,0,0,0,0.0,0,0,0
9dce7861134c60596b91dfa8eda2ff66f5c5d5e5,2012-10-01 17:29:38+00:00,2,10,2,7,0,0,0,15,0.0,0,0,0
ed8a3f319958844870bb071db7a185fb66d25171,2012-10-01 17:29:38+00:00,2,10,2,7,0,0,0,15,0.0,0,0,0
46fd297c3ac903793a99fd9712f04d747a027538,2012-10-01 17:30:41+00:00,1,2,0,24,0,0,0,62,0.0,2,0,0
7c520ece69ade644d2e0c7a52e06ebaef8c5260f,2012-10-01 17:30:41+00:00,1,2,0,24,0,0,0,62,0.0,2,0,0
1e61cf5cba7a7093ac907f81256943217b3455b1,2012-10-01 18:15:47+00:00,0,7,3,98,0,0,0,0,0.0,0,0,0
582a53f3f4b7cf539dfa61e83994ca9f2b5ef2ff,2012-10-02 04:43:21+00:00,2,12,0,7,0,0,0,0,0.0,0,0,0
ccf55045a65d17630bfe28c7b90e99c318b7c6f5,2012-10-02 04:43:21+00:00,2,12,0,7,0,0,0,0,0.0,0,0,0
f1ffe19506654e735b684f0a33171967ae9bf0a1,2012-10-02 04:43:28+00:00,0,7,3,58,0,0,0,0,0.0,0,0,0
e60e82c7299b332ed42a633622e0205a72a9bed5,2012-10-02 04:44:21+00:00,2,13,10,9,0,0,0,0,0.0,0,0,0
ed5c728c529864e7fbf19b50cb4e69d8bd88c1ef,2012-10-02 04:44:21+00:00,2,13,10,9,0,0,0,0,0.0,0,0,0
8d239a3739339557cc3e767040bcc9e731e264ed,2012-10-02 04:44:57+00:00,2,4,3,7,0,0,0,0,0.0,0,0,0
1444d9033a11f6aed8d53333c4b93c72a4b91411,2012-10-02 04:44:57+00:00,2,4,3,7,0,0,0,0,0.0,0,0,0
af5ae235e6525a924affba6c9f844e3d9f0fcabc,2012-10-02 05:01:28+00:00,2,5,6,7,0,0,0,0,0.0,0,0,0
cc1b9da2351a3b93e3a1bfc95676ffc74cebb45b,2012-10-02 05:01:28+00:00,2,5,6,7,0,0,0,0,0.0,0,0,0
3e3019691734a8867370bb6dee54559b4a747679,2012-10-02 05:02:32+00:00,2,6,3,6,0,0,0,0,0.0,0,0,0
490ed74187019799f00bf09b992cb7c49e506c5d,2012-10-02 05:02:32+00:00,2,6,3,6,0,0,0,0,0.0,0,0,0
601a2b8c749c05bafc4b9845c938dc94e5f16f33,2012-10-02 14:26:10+00:00,1,2,0,20,0,86,86,209,0.0,0,0,0
5ec2c96f0298d2bbac523396683cfb9f3ce971f9,2012-10-02 14:26:10+00:00,1,2,0,20,0,86,86,209,0.0,0,0,0
0c0254453f30bee79145f2798ff16505e05b90d0,2012-10-02 15:25:16+00:00,0,2,0,78,0,0,0,0,0.0,0,0,0
86b39bf3e33c174f5535207082ccac64aaf7aa45,2012-10-08 08:52:06+00:00,2,19,2,38,0,313,177,1225,1.0,36,122,0
820dfb0495ef379f140ad3c78c30e0a16c7e9fa8,2012-10-08 21:41:42+00:00,11,30,22,35,0,583,177,2118,1.0000007152557373,42,132,7
2d9f953d4cf24f245764f2d700ab5024d6f22110,2012-10-09 03:20:48+00:00,1,1,0,51,0,0,0,0,0.0,0,0,0
bb9e72885a9a516550efbe1a1f40c780a3e2554d,2012-10-09 15:19:42+00:00,1,4,10,21,0,136,136,695,0.9993482232093811,36,122,0
f33a0aa47b049994e41188e6101cf79c4a2d5d4b,2012-10-12 23:45:05+00:00,1,38,4,17,0,0,0,0,0.0,0,0,0
c3fc2dd2594faea5797ef6cdd75d0ae31b5ec1d6,2012-10-12 23:45:20+00:00,0,2,0,58,0,0,0,0,0.0,0,0,0
9840966d7203f0301fa3fdd3b525b191321b70dd,2012-10-12 23:46:46+00:00,1,1,3,19,0,0,0,0,0.0,0,0,0
481622ff162a0a183df1ba284264e618615838fe,2012-10-15 18:17:09+00:00,4,8,8,45,0,0,0,40,0.0,0,0,0
1a0af611cb8686be6c4e70f9878e72d3b85e7569,2012-10-15 19:55:51+00:00,0,8,8,109,0,0,0,0,0.0,0,0,0
78dbb5bfbe41ba511387956f63dac72fc730708f,2012-10-17 13:28:09+00:00,1,3,3,103,0,0,0,0,0.0,0,0,0
2363243964e88cfd91e54b72cec5a67e8a165633,2012-10-17 13:37:26+00:00,0,3,3,130,0,0,0,0,0.0,0,0,0
c631627403bc8520dfaa9c442c9c5c426a628cdc,2012-10-17 14:20:55+00:00,0,30,22,98,0,0,0,0,0.0,0,0,0
aa08f33f98a284b36ae18df981ea43eb4262a33e,2012-10-17 14:21:39+00:00,0,19,7,85,0,0,0,0,0.0,0,0,0
b73426aacac83197575775c3a6f2c5fcd45f2abc,2012-10-18 05:45:24+00:00,1,1,1,7,0,0,0,0,0.0,0,0,0
a74c6c631439fd2133728395b938fd0fef14300b,2012-10-18 05:46:12+00:00,0,60,40,58,0,0,0,0,0.0,0,0,0
ce7c86cc5816e8412956e251c22cca73101136b7,2012-10-18 19:24:59+00:00,2,41,40,156,0,152,139,762,0.9999997019767761,1,131,1
4dfa51ae030e59ddaf9e3736dfdc2e85818a7575,2012-10-19 19:17:32+00:00,1,3,2,80,0,103,103,273,0.9992275238037109,0,0,0
4477d0a4e59e172b6f4f9df7fa15cb89f02b71cf,2012-10-20 12:37:57+00:00,0,41,40,102,0,0,0,0,0.0,0,0,0
c03553ed4ae856d1732ea7ce084549758dc5007f,2012-10-21 14:49:50+00:00,1,2,3,356,0,0,0,12,0.0,0,0,0
4778bdbaab287b891528c53224208fd2d1a37aac,2012-10-21 15:49:38+00:00,0,2,3,104,0,0,0,0,0.0,0,0,0
cfa83f62144023b2bbf9fab774f2f779e7a7ecbc,2012-10-21 15:52:03+00:00,0,3,2,61,0,0,0,0,0.0,0,0,0
b36863b2c0ad2477335ff8104382965cecd6f4e9,2012-10-22 21:58:49+00:00,2,3,3,228,0,103,103,330,0.0,0,0,0
6e0ad1eca5884ceb4af6541f822140848ffef590,2012-10-22 23:49:15+00:00,0,3,3,75,0,0,0,0,0.0,0,0,0
4decc7986e32bb8f3511df3dd0c9b1c1d57453c1,2012-10-25 15:43:52+00:00,3,102,1,286,1,305,181,862,1.000000238418579,1,0,0
9832bd89172fb1200e8fdfb2e1cc334ad0fcf332,2012-10-25 15:56:19+00:00,1,1,1,71,0,10,10,32,0.0,1,0,0
25f2806f23d2a88920a3558f8bc4f798a115d014,2012-10-25 16:12:55+00:00,1,1,0,38,0,0,0,0,0.0,0,0,0
a4be9a2578dcb8f0862cc80f1e37243edfc04bd7,2012-10-25 16:22:07+00:00,1,5,2,199,0,8,8,33,0.9999738931655884,1,0,0
be01a35ef12c7e71c0e71c4e37d1f1a392a66fd8,2012-10-25 16:27:21+00:00,1,4,2,47,0,8,8,35,0.9999738931655884,1,0,0
e26ccb34eb1c0d3948bfd9e50ffe333605ae554d,2012-10-26 10:15:27+00:00,1,24,5,480,0,10,10,51,0.9975104331970215,1,0,0
724a3889bcd26c318cd4063519e67581d3be5d7e,2012-10-27 13:54:31+00:00,2,6,4,58,0,177,177,582,1.0,0,0,0
2c9bee2597d80a4856c4b8a0b2892fee4395d73d,2012-10-27 15:01:17+00:00,0,6,4,105,0,0,0,0,0.0,0,0,0
28dc725cfe3cb69c183a89e0254e53edb0b74d7e,2012-10-27 15:02:55+00:00,0,127,1,138,0,0,0,0,0.0,0,0,0
5c63bc33fe5801cbf64bf2f5f8c846e18ebecc5c,2012-10-27 15:08:16+00:00,1,10,0,7,0,0,0,0,0.0,0,0,0
63243b1e3b435c7736acf1e51c0f6fa6666d861d,2012-10-27 15:08:40+00:00,1,2,2,7,0,0,0,15,0.0,0,0,0
ec852c1e5a71c11b1e894b6a846f4e09a5029662,2012-10-30 15:20:08+00:00,1,1,0,36,0,0,0,63,0.0,2,0,0
f8603918db781ac72066de61d544a60f513faeaf,2012-10-30 15:20:29+00:00,1,1,1,28,0,0,0,0,0.0,0,0,0
ccf4ca8929ec88e84616ecbc0176a26b3042f0bd,2012-11-03 19:58:04+00:00,2,28,2,106,0,323,181,1244,0.9999996423721313,1,123,0
5a06ffd286c3592d9e3a6f8a7e0f05b47c2394bf,2012-11-08 06:08:32+00:00,0,2,1,123,0,0,0,0,0.0,0,0,0
32aa3eb0129ddce47cef3ffcecadfb15b970fcca,2012-11-08 22:30:13+00:00,1,2,2,25,0,0,0,73,0.0,0,0,0
5333ec93310d050b063cf1d99995b0fa5dcc6cb3,2012-11-09 00:24:36+00:00,0,2,2,82,0,0,0,0,0.0,0,0,0
a02f3dec02897bc4ab11329640aa79efbb4969f6,2012-11-13 15:40:13+00:00,1,8,1,26,0,115,115,304,0.9998812079429626,0,0,0
dda2fbd1ec7defab9bf3c5bed8ffe364e28641c7,2012-11-15 10:11:55+00:00,0,8,1,95,0,0,0,0,0.0,0,0,0
dea8e96bd5b62ec40354b8633791c38fcc8e2db0,2012-11-15 10:13:30+00:00,0,28,2,83,0,0,0,0,0.0,0,0,0
c8b2f7a37babe3033bd762a81f648bda02717e45,2012-11-16 23:05:35+00:00,1,1,1,58,0,181,181,535,0.9999998807907104,0,0,0
0792acc1305b42a8d3f3160f1e23fd4751ec9dc8,2012-11-17 10:57:26+00:00,2,30,0,125,0,53,53,166,0.9999998211860657,0,0,0
47299421df2cbe7f6dce7a10a1cd4b991394001f,2012-11-17 11:03:03+00:00,0,30,0,79,0,0,0,0,0.0,0,0,0
50877717c810d47e90281c85ecce198c08af40a5,2012-11-17 11:03:32+00:00,0,1,1,82,0,0,0,0,0.0,0,0,0
b76326bf94382c9b44062435fd985d68b2e60edb,2012-11-17 13:00:39+00:00,1,2,1,43,0,86,86,208,1.000000238418579,0,0,0
8da100f652793f95f7dfdad588c925dfac9e71a1,2012-11-18 12:06:33+00:00,3,47,5,85,0,311,181,910,0.9999998807907104,1,0,0
c02520ed99d5aead74d70bcae70d3d1fa6424012,2012-11-18 12:31:55+00:00,1,21,0,166,0,15,15,81,0.9982739686965942,1,0,0
c5fddb95edd7694c0164ae2a5279ceeebe475511,2012-11-21 18:34:03+00:00,1,3,1,202,0,115,115,306,0.0,0,0,0
20cd46426fda1b048afa90955f445424efa4be46,2012-11-21 18:41:16+00:00,1,3,1,202,0,115,115,306,0.0,0,0,0
68f7fae7c39ec65d429ebd1d006f93ece89d22ee,2012-11-21 18:41:39+00:00,0,0,0,84,0,0,0,0,0.0,0,0,0
284deaa60931f9a5b1d5199d8fd25895dbb62e1b,2012-11-21 22:58:13+00:00,1,1,1,5,0,0,0,0,0.0,0,0,0
59dea188dabd5fdd5a55bd13b6944fcb949e718c,2012-11-21 22:59:11+00:00,0,71,7,58,0,0,0,0,0.0,0,0,0
18be26fc2a7f8d41b691762d826f235ae04f24fd,2012-11-22 16:10:22+00:00,1,10,13,202,0,114,114,301,0.9996793270111084,0,0,0
36c32aead24018c8d55437d077e1f8398f039dd4,2012-11-23 10:01:20+00:00,0,10,13,123,0,0,0,0,0.0,0,0,0
68224252e28e03dcad93108f73ed47b075cce9ff,2012-11-23 10:02:18+00:00,0,3,1,113,0,0,0,0,0.0,0,0,0
1d1eb994dc1e5aa6640e33ea589c74723aff4720,2012-11-23 10:03:28+00:00,0,68,5,87,0,0,0,0,0.0,0,0,0
991f47ac08342f5689265d5688b61bed7259ab5c,2012-11-23 10:04:21+00:00,0,2,1,89,0,0,0,0,0.0,0,0,0
8269ee726656cc76e67f02e7f37b90c8d01f5520,2012-11-23 15:48:51+00:00,5,26,8,42,0,215,143,937,1.000000238418579,1,123,0
d5f9a2a51c884099294f75ae9148ec0f64b0bab4,2012-11-24 12:15:30+00:00,2,5,3,90,0,323,181,1246,1.0000003576278687,1,123,0
31f74bd02eb89592c1173a301c402132e171153f,2012-11-24 21:17:29+00:00,1,22,8,300,0,57,57,248,1.0000007152557373,0,0,3
f003025a37f9d546570e52f7d355c6f5d1a81617,2012-11-25 02:47:47+00:00,1,4,0,49,0,182,182,538,1.0,0,0,0
61f16d1ddcf4729945ce7b0b9bfbd94b75dc4b92,2012-11-25 03:01:16+00:00,1,5,1,21,0,183,183,542,1.0,0,0,0
b93fbd30c32b122bf7aba7db6663ca5a292b17d3,2012-11-25 03:43:52+00:00,1,1,1,19,0,184,184,542,1.0,0,0,0
5ee00a75e0c8acd6ed7858ff174b02f16eec25ca,2012-11-25 03:54:29+00:00,0,8,0,87,0,0,0,0,0.0,0,0,0
27faf7aa69d81f31d31772c4887bfb730c403b53,2012-11-26 08:30:49+00:00,0,5,3,71,0,0,0,0,0.0,0,0,0
d36ceb9d06f430548a34457cd033c9bc14ea4def,2012-11-26 08:31:45+00:00,0,26,8,101,0,0,0,0,0.0,0,0,0
0d59a27b5606c87024052507947920099204b184,2012-11-26 08:40:27+00:00,0,22,8,81,0,0,0,0,0.0,0,0,0
24ed8c9457be0fd8fe3c5ac32d5c32e6996593ef,2012-11-26 18:23:38+00:00,1,13,1,150,0,0,0,0,0.0,0,0,0
2dccc8e98284191e37b71b360daea80140c566dd,2012-11-26 20:26:38+00:00,0,13,1,99,0,0,0,0,0.0,0,0,0
a1b6ef3f8563ee1b535b82eada0bd43fa0e5ae1a,2012-11-27 01:27:35+00:00,1,0,0,25,0,0,0,0,0.0,0,0,0
7fea9afecd0553d59b8e060b40c99c98862f49ff,2012-11-27 04:50:09+00:00,0,157,40,58,0,0,0,0,0.0,0,0,0
f02573f743458f015d93c67e9b6169b9516fe275,2012-11-27 18:12:21+00:00,1,1,3,45,0,56,56,246,1.0000007152557373,0,0,3
cc723a64b9eb7cc526b96f42c9b2ce1f821dbefb,2012-11-27 18:43:57+00:00,0,1,3,109,0,0,0,0,0.0,0,0,0
5c1bc201c46297d39d591e5d30e0e65a989bd22c,2012-11-27 19:32:59+00:00,1,11,11,13,0,0,0,0,0.0,0,0,0
4d06e4019f3a30a38fbdc3f59156f08f74d6c76e,2012-11-27 19:47:17+00:00,13,0,2875,13,0,0,0,0,0.0,0,0,0
ad18d9ddd6b6534421905845dfcbd51c369b4277,2012-11-27 19:48:17+00:00,1,2,11,30,0,0,0,54,0.0,2,0,0
71898bb7937679dddbda4bd12d9e53eb5de7b1fa,2012-11-27 20:36:29+00:00,74,4155,11369,17,1,291,42,2896,1.0000004768371582,2,0,0
400046f9116ccee8baff0c5936a2ede530589fec,2012-11-27 20:37:59+00:00,1,0,4,35,0,0,0,50,0.0,2,0,0
95a03532c36f1afd38c395f7160c7f7086557b7b,2012-11-27 20:41:12+00:00,1,10,12,18,0,183,183,542,1.000000238418579,0,0,0
1607a6a3e2565c329945c6e05576f27597be7549,2012-11-27 20:41:28+00:00,1,0,3,18,0,182,182,540,1.0,0,0,0
f553857beb4424786f8d665019686551905483d6,2012-11-27 20:42:11+00:00,3,0,45,16,0,54,54,185,0.0,0,0,0
0af19a05ce54bbb9e306771710e6eac15506d4c3,2012-11-27 20:52:17+00:00,2,5,6,18,0,0,0,75,0.0,0,0,0
ccd14ddc81bbc23afa33c10643e24dfa07513f2e,2012-11-27 21:08:16+00:00,3,19,12,17,0,40,22,184,0.999843955039978,0,0,0
fd6b1f0c4e7fc4c7236faf5c0debff8222c08af2,2012-11-28 03:14:09+00:00,1,1,1,32,0,0,0,50,0.0,2,0,0
b69854e96e0486be287431896a6ae61f36150661,2012-11-28 16:29:13+00:00,1,1,1,38,0,0,0,57,0.0,0,0,0
4d5c327f6fec0f6712b2a8dd17f18c0c2b7da486,2012-11-28 16:33:56+00:00,0,1,1,67,0,0,0,0,0.0,0,0,0
8f86ff633a2646442f2d8976046b5c0025e772c1,2012-11-28 16:40:09+00:00,0,1,1,59,0,0,0,0,0.0,0,0,0
1960dabafdc09a3cd2a4878de99965e421786ee8,2012-11-29 16:29:02+00:00,65,11714,3946,33,0,576,43,8709,1.0000004768371582,0,0,0
6ead850065189a094687894168abcf99cabe7f02,2012-11-29 16:30:07+00:00,2,8,8,7,0,0,0,50,0.0,2,0,0
a5cb6355edd67e25a4a213a3559f9da4ba8d44fc,2012-11-29 16:35:35+00:00,0,1,7,99,0,0,0,0,0.0,0,0,0
ae41c733eae4323ac9fb45591d6516fd17ea7149,2012-11-29 18:58:46+00:00,1,1,1,106,0,0,0,0,0.0,0,0,0
426734da51f40c9073144e04154de4c958f19b05,2012-11-29 18:59:49+00:00,0,1,1,64,0,0,0,0,0.0,0,0,0
8798dd5eda89345bbd86495c274c56c17f735797,2012-12-01 14:38:03+00:00,1,1,1,18,0,0,0,0,0.0,0,0,0
2eb63be19ae9496193fd6d70aef09442f1840c74,2012-12-01 15:55:09+00:00,6,30,33,14,0,69,32,616,1.000000238418579,0,0,0
b60b11e206c4c589380825cd2fceb5c9124a2c85,2012-12-01 15:55:14+00:00,0,1,1,44,0,0,0,0,0.0,0,0,0
23e6f533b0a1295c06ed9f2ba31285e1923a98b3,2012-12-01 15:56:47+00:00,0,1,1,73,0,0,0,0,0.0,0,0,0
e8d20926d380a02bba4b03530eae6fbf54374b21,2012-12-01 23:21:08+00:00,2,111,0,147,0,21,12,80,0.999737024307251,0,0,0
5eb78876e19a7cd0b04965281273dc5ae25962d7,2012-12-02 00:19:07+00:00,1,16,10,67,0,184,184,544,1.000000238418579,0,0,0
33eb76f958e0024ab6a206407e8c8d104c095e9d,2012-12-02 08:56:44+00:00,0,127,10,110,0,0,0,0,0.0,0,0,0
ad311497fa100a7f4b11ca3df9c7a84b6084602e,2012-12-02 09:08:57+00:00,41,4488,4705,14,0,280,42,5651,1.0000004768371582,0,1,0
3b5d580409271dd0c4935ebf39ff2d8e00dc799d,2012-12-02 09:09:05+00:00,0,128,11,44,0,0,0,0,0.0,0,0,0
ed642cfb6d471f2462953ac5f4f33a443750bd02,2012-12-02 16:25:18+00:00,3,4,2,858,0,64,53,219,0.9999998807907104,0,0,0
ce595d4da7d230454335fa94824142fd28166ddd,2012-12-02 16:43:31+00:00,0,4,2,101,0,0,0,0,0.0,0,0,0
1a08cea0079ab43f9552ad0795e5e24c19f605e4,2012-12-03 17:20:47+00:00,1,7,3,51,0,0,0,0,0.0,0,0,0
f2820ee8c4e4b0e683233dbe5dcb18686f409261,2012-12-03 17:23:33+00:00,0,7,3,114,0,0,0,0,0.0,0,0,0
93b2be48f0db93d96495212da96257051ae24ee9,2012-12-04 18:10:33+00:00,2,6,3,65,0,184,184,544,0.9999998807907104,0,0,0
25b9b2330e53028365507a50056fda8686380aec,2012-12-05 01:34:20+00:00,0,6,3,86,0,0,0,0,0.0,0,0,0
710f09f806404fedc4b54e3a31125a2aa1bd7543,2012-12-05 22:19:14+00:00,6,10,10,27,0,11,11,94,0.0,2,0,0
a7344a034a7f76ea74a2b375488d8d239ca4fd45,2012-12-06 18:21:15+00:00,0,10,10,84,0,0,0,0,0.0,0,0,0
500dc7886712b1e2cb112b837769230544d88b1e,2012-12-12 00:14:13+00:00,1,1,1,63,0,185,185,544,1.000000238418579,0,0,0
d74bd7e1a28eb80cd9dba1a0d149f35dd35ab3e0,2012-12-12 08:09:43+00:00,0,1,1,107,0,0,0,0,0.0,0,0,0
f69934fb24a9e59f76a2c17993082259bf3a4d90,2012-12-12 15:45:00+00:00,1,2,1,59,0,56,56,247,0.0,0,0,3
584cfb664d72d3e9f1f2a5f2ed205ad8356fb5c1,2012-12-12 21:53:40+00:00,1,6,0,14,0,0,0,0,0.0,0,0,0
7e47d5ef30164859b7f7b50b9a6d77bba951883a,2012-12-12 21:53:44+00:00,0,28,19,44,0,0,0,0,0.0,0,0,0
17aee319406fe13cb47196e186164f5c21b9f514,2012-12-14 22:08:54+00:00,4,0,23,25,0,0,0,0,0.0,0,0,0
a98ec717f2312f6882a90deded17ef75cbbb1991,2012-12-14 22:27:10+00:00,1,1,1,129,0,12,12,44,0.9996170997619629,0,0,0
ddf2dde663baa159db4e88ed16f016fb5161589e,2012-12-15 04:06:56+00:00,0,0,23,78,0,0,0,0,0.0,0,0,0
342facb57199259218e17b5a961ef55914252ff8,2012-12-15 04:07:18+00:00,0,2,1,104,0,0,0,0,0.0,0,0,0
fa838c7a852c6ec2c737eb530e6005974df7ffbb,2012-12-15 04:11:49+00:00,1,0,31,16,0,0,0,0,0.0,0,0,0
966672dbc11d62bd0b0971a59902a7d6d3368d33,2012-12-15 04:26:41+00:00,1,4,0,17,0,0,0,0,0.0,0,0,0
67c7e496f5f7340387da196d31f59512c366328d,2012-12-15 04:26:48+00:00,1,0,70,22,0,139,139,699,0.0,1,120,0
79992579c9289144ce0bb690c15b7f658f530768,2012-12-15 04:27:38+00:00,1,0,13,24,0,137,137,688,0.0,1,119,0
2acce4221e38a76ba603e406b0b30db051b0c3e2,2012-12-15 04:39:10+00:00,2,2,7,18,0,184,184,561,1.000000238418579,0,0,0
4a9f3572a38796d71c5b40f1c506da03161b1c70,2012-12-15 04:51:53+00:00,4,15,27,29,0,202,183,741,1.000000238418579,0,23,2
4d07cad175cfb7309ef730f3730c7b6201144dd4,2012-12-15 05:12:38+00:00,1,8,0,7,0,0,0,0,0.0,0,0,0
ec5844a3bca014f71673da091c8717f114c921f0,2012-12-15 05:44:42+00:00,1,25,0,4,0,2,2,12,1.0000003576278687,1,0,0
edfd0990b57199394446fed73b6f0ce0838ad43d,2012-12-15 05:45:12+00:00,1,5,0,7,0,184,184,545,1.0000001192092896,0,0,0
19e1f2037c3db6269635b1e9de749efa29b1c8e1,2012-12-15 05:45:43+00:00,1,4,0,14,0,55,55,171,0.9984512329101562,0,0,0
366e8e849877aea44ce96abebd4f26f5bcce12fb,2012-12-15 08:04:42+00:00,2,245,43,14,0,214,214,658,1.0000004768371582,0,0,0
31d10c0b2b693a43581935913c6d8bff4111a8c5,2012-12-15 08:31:13+00:00,2,95,48,22,0,215,213,672,1.0000004768371582,0,0,0
2161d8f78d71f619c07132add0b1966f62e40c6f,2012-12-15 08:34:54+00:00,1,41,1,12,0,224,224,685,1.0,0,0,0
ab27027aa8916e6e199bbb35083beb5d6339f6aa,2012-12-15 09:33:44+00:00,4,56,299,7,1,267,181,806,1.0000005960464478,0,0,0
88d41430186b98166e20f7b6d8f100c72fcd07b3,2012-12-15 09:33:48+00:00,1,99,0,12,1,19,19,51,1.0000001192092896,0,0,0
5ce4b69c9f96dd0fc142e7d058c55eaae49c5afd,2012-12-15 10:17:37+00:00,2,127,50,10,1,200,174,656,1.000000238418579,0,0,0
3aefb8edc1d27c3cbb221225f68eadef3a865ab2,2012-12-15 10:18:23+00:00,2,482,490,6,0,173,117,554,1.0000005960464478,0,0,0
c6183d273c50a5ab50d00315597cd842543af6e1,2012-12-15 10:19:20+00:00,1,0,1,14,0,117,117,361,0.9995161294937134,0,0,0
58c10edb07e6b9314ae008ff9faafc052b71d9cb,2012-12-15 10:22:25+00:00,0,1,1,107,0,0,0,0,0.0,0,0,0
92d57036f3805f1c6a7ff97758c0f70d17bd7191,2012-12-15 10:50:01+00:00,4,538,35,18,1,262,174,872,1.0000005960464478,0,0,0
12aa40188505d756e64aed7cd314aaffed16120d,2012-12-15 10:50:05+00:00,0,1,1,44,0,0,0,0,0.0,0,0,0
b45a1081d28c90ea38995ac43df34020f3fce1db,2012-12-15 12:11:28+00:00,1,2,2,249,0,0,0,0,0.0,0,0,0
be364e13d381f96d24f6bfaa608254583f3ea1b6,2012-12-15 13:16:27+00:00,1,16,34,40,0,0,0,0,0.0,0,0,0
54b77afbb57ac66a34cb5a24dd7db99b0d39d383,2012-12-15 13:18:47+00:00,1,1,1,45,0,0,0,0,0.0,0,0,0
7ef6b6b682104d4e72629c451ad7d2be8ffa6fe8,2012-12-15 21:14:41+00:00,0,2,2,76,0,0,0,0,0.0,0,0,0
ed360dcaf5af53a37b01c96bd50b3e91f0d6ac37,2012-12-16 03:53:56+00:00,1,1,1,45,0,53,53,192,0.0,0,0,0
fee7a7a80d7212fc522d0673c8ebf55aa48dc220,2012-12-16 04:45:23+00:00,0,1,1,65,0,0,0,0,0.0,0,0,0
73ca21ed8ca1078ac1f165875fa3a8c3260c3dff,2012-12-16 14:59:28+00:00,1,1,1,51,0,174,174,555,0.9997129440307617,0,0,0
418a2093300ee7f3ef92116b67625877b25e8897,2012-12-16 20:14:23+00:00,0,1,1,100,0,0,0,0,0.0,0,0,0
8b141b326aa7d56bcf283c1936eee9e26fe3bd59,2012-12-17 03:03:55+00:00,2,5,8,11,0,181,172,574,1.0,0,0,0
7ec0170a006e46144a924ae8e7e62d577e2195f7,2012-12-17 03:06:03+00:00,1,8,4,21,0,174,174,555,1.000000238418579,0,0,0
bf05b7aeb5be0f7f427e758a5bd244947a8947ee,2012-12-17 05:10:32+00:00,3,15,19,6,0,226,172,760,1.0000004768371582,0,0,0
9ab3234f0ee59d3cc08bef75ef921e00597a81af,2012-12-17 05:10:35+00:00,0,2,2,44,0,0,0,0,0.0,0,0,0
898079f7e2d4e9cf4a67a9824b98ae2193545ad0,2012-12-17 05:18:04+00:00,2,1,1,7,0,172,172,545,0.0,0,0,0
d15365bf4fd34c3a09956f35a2992cfef27a75d0,2012-12-17 05:25:45+00:00,1,1,12,25,0,172,172,544,1.0000004768371582,0,0,0
42a206e5d32c878d7fee04849adc7ef8991fbacf,2012-12-17 05:27:37+00:00,1,2,4,17,0,172,172,544,0.0,0,0,0
4a01272fb3a56d718c82305e40d967dc0318bd32,2012-12-17 06:25:55+00:00,4,127,623,7,0,311,116,943,1.0000001192092896,0,0,0
0bee888f73ea5c32547e6d684ad778f6fd0edeb0,2012-12-17 07:21:22+00:00,2,118,12,15,1,161,117,521,0.999987781047821,0,0,0
0d183c41a9ea3afd22e789932d43c7c111eb8ef5,2012-12-17 07:27:07+00:00,1,7,8,31,0,45,45,167,0.9998357892036438,0,0,0
d5572ac13f0508711bf6e1f67689941ffa8692c1,2012-12-17 07:32:19+00:00,1,4,5,28,0,45,45,167,0.9998767971992493,0,0,0
7fc93788953d07bbd8aced1877acd156a8626acd,2012-12-17 07:42:34+00:00,1,5,0,23,0,120,120,356,0.99628746509552,0,0,0
2b5aed78d02a3bd3090e8926bfd20d4d7edc1e88,2012-12-17 07:52:39+00:00,2,3,2,22,0,45,45,166,0.9999056458473206,0,0,0
cc4b0b110f60b495f0f159150a9e99553d43aa4c,2012-12-17 08:08:25+00:00,4,19,28,21,1,190,119,585,0.9999998807907104,0,0,0
94e82e9cc2e7eb9934ed086a69d3b49ddf3ce3eb,2012-12-17 08:09:07+00:00,2,1,25,19,0,119,119,353,0.9998480081558228,0,0,0
b1bcaecc66c5bbead66b74c565771fa4fa5cf6cc,2012-12-17 08:12:50+00:00,1,8,11,12,0,45,45,170,1.0,0,0,0
f44bb31bec2d36d113f642640f384832114ab7fb,2012-12-17 08:13:19+00:00,1,1,3,12,0,45,45,170,1.0,0,0,0
e766f0b67caa6facf4a9173f1dc3eb931dd16e24,2012-12-17 08:16:21+00:00,1,3,5,3,0,27,27,101,1.0000001192092896,0,0,0
e4b56049ad1908365615ed53e4d36b4f916ca695,2012-12-17 08:21:50+00:00,2,4,6,42,0,146,119,455,1.0,0,0,0
8cf6a3593d08e62c635010d66ca9794f3be539ea,2012-12-17 08:23:16+00:00,1,2,3,14,0,27,27,102,0.0,0,0,0
4e5c4a6ab7bb0195dececdd19bb8505b872fe120,2012-12-17 08:26:47+00:00,3,2,28,21,0,79,44,287,0.9999997019767761,0,0,0
98a7585fbdc3a9231aad314b7985b170ca3feb42,2012-12-17 08:29:45+00:00,1,2,7,20,0,119,119,351,0.9998480081558228,0,0,0
2b4ca0b0dc0af38110b69396cbb0e422c25b5271,2012-12-17 08:32:24+00:00,1,4,6,16,0,27,27,99,0.0,0,0,0
ee6c638e9cfdbdf39b9e499d95c353460365f42c,2012-12-17 08:51:23+00:00,2,11,14,4,0,125,119,354,0.0,0,0,0
03c8e23dbbc6690220141bb685fac08ac9494177,2012-12-17 08:56:58+00:00,2,4,10,8,1,50,44,178,0.9999997019767761,0,0,0
e7598e006c051330ef9eb5b33b6c046484af5c2b,2012-12-17 09:08:03+00:00,1,4,3,14,0,1,1,8,0.0,0,0,0
2c5b0207f5d37d14c54fcc690e2f2bc7b64618f2,2012-12-17 09:08:36+00:00,8,190,72,11,0,250,60,986,1.0000003576278687,0,1,0
377078b0f5cc5944756635f6e506d208b421b1e1,2012-12-17 09:31:26+00:00,3,57,140,16,0,175,132,539,1.0000007152557373,0,0,3
1c30ef453b2087cee5a300481ac092af9edf6509,2012-12-17 09:33:13+00:00,1,0,102,21,0,26,26,108,1.0000007152557373,0,0,3
483790083238d327c5969007a9677ea57cb11880,2012-12-17 09:55:58+00:00,4,12,13,61,1,229,132,731,1.0,0,0,3
42ee255c80374d974e696b73fa0c6685afb34cff,2012-12-17 09:56:16+00:00,1,1,1,15,0,27,27,102,0.0,0,0,0
92355ada54a3a19341f7fbc65a8bc50816858c63,2012-12-17 10:09:44+00:00,1,15,33,7,0,39,39,150,0.999915599822998,0,0,0
def20cdb0cf1d4fcc3aa4cd3164602d6c4029ac3,2012-12-17 10:12:59+00:00,2,0,8,44,0,167,129,500,0.0,0,0,0
a776e7cb3e57e56a2d9974b730e6f5e7776751a4,2012-12-17 10:23:22+00:00,2,38,5,18,0,177,129,517,0.9990028738975525,0,0,0
4bad1285b695771154eb9d17f42d49cfd6419538,2012-12-17 10:47:41+00:00,3,26,47,16,0,135,85,386,0.9999999403953552,0,0,0
42b029552190f6639642d0f62d27abcd1ceed51e,2012-12-17 10:48:18+00:00,1,0,4,9,0,42,42,159,0.0,0,0,0
899c9a9522e963be6153da78937babf85b07857f,2012-12-17 10:49:25+00:00,1,6,5,11,0,43,43,165,0.9999999403953552,0,0,0
a75ba04eed165da54416e4b32f26a6bb566d8203,2012-12-17 10:59:17+00:00,1,0,1,15,0,77,77,262,0.9999999403953552,0,0,0
a197309e214ad060cd5f084ab47f6d04f09cf68b,2012-12-17 11:02:01+00:00,1,6,2,19,0,130,130,355,0.9997463226318359,0,0,0
ca0d08eedaa9d0c79ccd9c69fedae89ed7812c53,2012-12-17 11:25:03+00:00,2,21,17,13,0,161,131,467,0.9999995827674866,0,0,0
bc4af7c7e1b8895ac58633448a733eba8550e8d5,2012-12-17 11:25:47+00:00,1,1,0,10,0,30,30,112,0.9998425841331482,0,0,0
5b5d8a81b7094a4131e40da1eaf127fec341bfa0,2012-12-17 11:26:22+00:00,1,0,2,11,0,30,30,112,0.0,0,0,0
4c3b9df6091b65d8c72763222bd5fdefb7231149,2012-12-17 11:35:01+00:00,4,13,16,18,0,211,130,651,1.0000001192092896,0,0,0
bc34f33955d7f71c82da18d109f278470d083dab,2012-12-17 11:35:10+00:00,1,5,0,17,0,131,131,357,0.9997747540473938,0,0,0
d11522b29e3d05017c1464f13dd3be70c3ffd1a4,2012-12-17 11:55:33+00:00,1,21,2,28,1,47,47,175,1.0000001192092896,0,0,0
c3431bb6f21bf7c88ff86d9a232ba4db54bb91a0,2012-12-17 12:01:59+00:00,3,3,60,7,1,287,131,823,0.9999998807907104,0,0,0
a982b0d90346febf9c0b4df042fc80fc18cc93dd,2012-12-17 12:21:10+00:00,2,16,3,13,0,82,52,293,1.0,0,0,0
e4c4c80b82e14cf60e43653d6934a7d862f00fa5,2012-12-17 12:27:25+00:00,14,8,1907,20,0,0,0,0,0.0,0,0,0
82cce0212064719b80fb26628249d6b1f2ced6b7,2012-12-17 12:29:33+00:00,2,25,0,10,0,3,3,9,1.0000003576278687,1,0,0
73ed0d01f64eec04760a1ea2fe078bc1d2a327b4,2012-12-17 12:39:27+00:00,1,43,0,11,0,8,8,44,1.0,3,0,0
0569fe44d804765a52b54c93835c5057e67d1751,2012-12-17 13:09:52+00:00,4,160,4,10,0,157,133,504,1.0000004768371582,3,24,0
480a3821ab9ebfdd0830ad9907b99af99d251e66,2012-12-17 13:17:19+00:00,38,33,7240,14,0,29,29,169,1.000000238418579,3,34,0
1451ba0c6d395c41f86da35036fa361c3a41bc90,2012-12-17 13:33:18+00:00,4,17,91,11,0,183,131,532,1.0,0,0,0
c65a52a1d0021055b407d913c216330822307f3c,2012-12-17 13:36:58+00:00,3,2,3,6,0,131,131,350,0.9999707937240601,0,0,0
c2100c0a4e068aedcae24945cd0cb23cd80a795b,2012-12-17 13:39:13+00:00,2,2,2,16,0,0,0,0,0.0,0,0,0
92209d9ebe2d8ef6bdb30f897e8cee67e956a5ef,2012-12-17 13:42:47+00:00,2,1,2,3,0,29,29,169,1.0,3,34,0
957216d1fb8228cb91a0e8cec10939d4c2e707ed,2012-12-17 13:46:50+00:00,1,10,3,14,0,0,0,0,0.0,0,0,0
b95ad3f6a8dea9c443e46a20ae8f2a9610831751,2012-12-17 14:57:13+00:00,2,1,603,6,0,0,0,0,0.0,0,0,0
4c647cd8b743822dc1af652ec5f96285d86a0d5d,2012-12-17 14:57:48+00:00,1,1,1,7,0,1,1,23,0.0,0,0,0
88b5ebceb61d65197ada96a8b2e42ef1afa31af8,2012-12-17 14:59:05+00:00,1,1,1,6,0,0,0,49,0.0,2,0,0
0d8d99de660ecdd3561e5b52d9641d4cb20c5ab1,2012-12-17 15:07:13+00:00,1,0,1,23,0,0,0,0,0.0,0,0,0
31c73a61f9791d54e64d563119a6c088596c8e4d,2012-12-17 15:26:11+00:00,1,1,1,11,0,0,0,0,0.0,0,0,0
9bb332fee12a43c49661beabea8ea4809755036b,2012-12-17 17:55:40+00:00,1,0,1,11,0,0,0,0,0.0,0,0,0
910b2312d644aa3edf5d03f5dc760474a949b71d,2012-12-17 18:38:38+00:00,1,1,1,27,1,30,30,112,0.9998676776885986,0,0,0
1e64fbcb559d3ca51790ec1e04385c5bfb625dc9,2012-12-17 18:41:20+00:00,2,10,8,14,0,82,56,295,1.0,0,0,0
64eee1eba72cf9e5e5f99e0db00139023c0a30cf,2012-12-17 18:42:03+00:00,1,5,0,6,0,0,0,0,0.0,0,0,0
8b1b706903bb2bafd470ebfe46467daff0d95ff7,2012-12-17 18:42:32+00:00,1,1,1,21,0,52,52,182,0.9999988079071045,0,0,0
27c6dc373508917da38ccca4e796b16e4f6c228f,2012-12-17 18:46:09+00:00,0,1,1,64,0,0,0,0,0.0,0,0,0
5152c98223d46c76cb7e88cb833b0087daf83d54,2012-12-17 18:52:44+00:00,1,2,2,13,0,26,26,108,0.9998517632484436,0,0,0
b30b09e84c5709149e796af5cb07671db823af53,2012-12-17 18:53:24+00:00,2,5,4,6,0,1,1,23,0.0,0,0,0
5eb3a17b55992163e5958fc30775194d96b8f7ed,2012-12-17 18:58:07+00:00,2,7,2,6,0,26,26,108,0.9998425841331482,0,0,0
f549efd43d4d9d9b8338b64317c15d4b6739e42e,2012-12-17 18:58:33+00:00,1,2,2,6,0,1,1,23,0.0,0,0,0
fe0b0a989fad80a300d2cf940d58370d13cc9e42,2012-12-17 19:02:06+00:00,2,3,3,71,0,0,0,0,0.0,0,0,0
d0f23820b549b5aa145fb7fdbc1869953e998e07,2012-12-17 19:03:40+00:00,0,3,3,68,0,0,0,0,0.0,0,0,0
a7c5d5e8ac7b4fac71352ef359a5af6b812a9a4c,2012-12-17 19:25:21+00:00,3,85,56,46,1,0,0,0,0.0,0,0,0
4701243199b6d4d970e68f856a9aed8114322ba8,2012-12-17 19:27:36+00:00,0,85,74,64,0,0,0,0,0.0,0,0,0
916e6fcd64d16252cb884106a0dd225a7a1c2549,2012-12-17 20:28:08+00:00,1,9,1,42,0,30,30,176,0.9986191987991333,3,35,0
8c01865d62df56a8cd9f9e776febf456d91d2010,2012-12-17 20:39:15+00:00,1,4,8,40,0,131,131,348,0.9997689723968506,0,0,0
5c4aa0bcb70d2bb6e99908e62161e549e983ddba,2012-12-17 20:53:22+00:00,0,13,9,101,0,0,0,0,0.0,0,0,0
dc74223461aeda6c988fc94a17cb6b3774b2780d,2012-12-17 23:16:29+00:00,1,1,1,232,0,0,0,0,0.0,0,0,0
e355d6ac6cbc8278ec5935986216e32541b80dd1,2012-12-18 01:13:18+00:00,1,4,4,39,1,56,56,187,1.0,0,0,0
68d394952a8d37fae23abcadc54ca76dffacb376,2012-12-18 01:19:11+00:00,4,11,20,66,1,292,131,850,1.0000007152557373,0,0,3
a2f773a9fc956451e641e257bb58284f06beffac,2012-12-18 05:44:56+00:00,0,11,20,72,0,0,0,0,0.0,0,0,0
027fbd3d51c760a5647c9e82e3757e178c02f6a4,2012-12-18 05:45:49+00:00,0,4,4,86,0,0,0,0,0.0,0,0,0
b2d03ac9a246225a0f4228b1cd6ae442ffdb2bd2,2012-12-18 05:49:45+00:00,0,1,1,88,0,0,0,0,0.0,0,0,0
c60b72e2d0c505b016741c419894e1feaeb96d9d,2012-12-18 09:50:41+00:00,2,8,2,6,0,1,1,23,0.0,0,0,0
6acce57271efce8c17cea2f1eece943f429e3879,2012-12-18 10:01:32+00:00,1,2,2,9,0,56,56,187,0.9967588186264038,0,0,0
14da5cf180c4776f6a4aeeb8a6979ee885fc8c82,2012-12-18 14:43:55+00:00,1,6,1,203,0,58,58,190,0.9999196529388428,0,0,0
4966d9c7141a9e1c43242a45cd5b29d8224a0bc6,2012-12-18 18:09:33+00:00,0,6,1,60,0,0,0,0,0.0,0,0,0
7e594eb1219616b3f18950e965f53419ab656680,2012-12-19 20:04:50+00:00,1,1,1,34,0,131,131,345,0.9999707937240601,0,0,0
8cb904b49d343a4f6ede534bdcfdf7b614ea77e0,2012-12-19 20:11:17+00:00,1,1,1,53,0,26,26,106,0.9999594688415527,0,0,0
f1ba27faa2b9b1a26e6c935c18acd6fcd9e7e164,2012-12-19 20:26:41+00:00,1,1,1,31,1,26,26,106,0.9999594688415527,0,0,0
05de270d7a074999ef3c58fede2b4fae7433aeaf,2012-12-19 20:30:11+00:00,1,2,0,30,0,131,131,345,0.9999023079872131,0,0,0
0769ee3b6dce489733dd34e54072395d9e92e4da,2012-12-19 21:12:03+00:00,0,3,1,76,0,0,0,0,0.0,0,0,0
09da1921ffbd9cfd4dff83ca440cc49b087c732c,2012-12-19 21:37:47+00:00,1,1,1,18,0,26,26,106,0.0,0,0,0
dd271782e82e7cabbf6a4ce5f26c9602780687d2,2012-12-20 14:44:43+00:00,1,4,4,84,1,8,8,20,0.9998263120651245,0,0,0
bfef8d99c856b4700f09f16f50cf1ac8818a9e0c,2012-12-20 14:47:29+00:00,1,3,3,105,0,58,58,190,0.9998605251312256,0,0,0
a49db50b4a7d354617098f5868fda11b01f0976d,2012-12-20 17:09:24+00:00,0,7,7,133,0,0,0,0,0.0,0,0,0
0b42772663d50fddc4fec9e5fc397eaff00dfe3f,2012-12-20 20:38:04+00:00,1,1,1,22,0,131,131,345,0.9999023079872131,0,0,0
60b4843678c4681701e3f67d17c90a0ee370b0f8,2012-12-20 20:55:51+00:00,0,1,1,76,0,0,0,0,0.0,0,0,0
1790b1df172aaef9bb86858169abec0d8849311f,2012-12-22 11:03:29+00:00,1,5,2,29,0,0,0,0,0.0,0,0,0
b8affd95200c56ea701d1302635496f1a512bfbd,2012-12-22 11:05:50+00:00,0,2,2,86,0,0,0,0,0.0,0,0,0
e23343ab17c7ab41d8f741724cc84c54963fb90f,2012-12-22 11:08:47+00:00,0,5,2,77,0,0,0,0,0.0,0,0,0
b479a62ec2c0a3c64d4a67540263b82afd68f55d,2012-12-22 12:00:24+00:00,1,1,1,166,0,131,131,340,0.0,0,0,0
702f4039bc2f8543d2b337cb18c7d730afa1cccb,2012-12-22 12:11:45+00:00,1,19,2,131,1,29,29,115,0.9999995827674866,0,0,0
d675abbd3f3883bc5a45895da2d63ffec5ed4634,2012-12-22 13:35:45+00:00,1,1,1,23,0,131,131,340,0.0,0,0,0
7b1b9df423ec08a2126c8e8650f7dc26a28cbaec,2012-12-22 21:44:43+00:00,1,2,2,84,0,0,0,0,0.0,0,0,0
78f48aef8f494f9e85f747a9c1045e7fb78ffc67,2012-12-22 21:46:05+00:00,1,1,1,124,0,0,0,0,0.0,0,0,0
22a1f0917baf70f3c598737ae50c8846a96eec5c,2012-12-22 22:10:17+00:00,0,1,1,85,0,0,0,0,0.0,0,0,0
aaa3bf16a9e96bb075951a1624e814ed53b45236,2012-12-22 22:10:30+00:00,0,2,2,72,0,0,0,0,0.0,0,0,0
7d085b188cbf71d2ba9a3124d7acfc57c75fe954,2012-12-23 05:51:26+00:00,3,7,5,372,0,88,57,367,1.0,3,36,0
a158abfa15cdadc3ce5b9b98e0c01e8d50d5f69b,2012-12-23 05:52:18+00:00,1,2,0,43,0,0,0,0,0.0,0,0,0
1539d17366645132d435f62b132cbe84d1b16898,2012-12-23 06:02:26+00:00,1,14,15,16,0,0,0,0,0.0,0,0,0
b3fbc810d2b509d2c05e4cd024ae93d8ba4e5751,2012-12-23 06:02:32+00:00,1,3,19,16,0,0,0,0,0.0,0,0,0
484916066a462b245d260514471c66015e5962a4,2012-12-23 06:06:12+00:00,0,7,5,67,0,0,0,0,0.0,0,0,0
f8a59c3e6fc7a6f1dd5d4f9783ee25c8458bccee,2012-12-23 06:14:22+00:00,1,14,2,18,0,131,131,345,1.0,0,0,0
aa3347b2a3a13d5f807ff98b81cabcc5fc9f89fc,2012-12-23 06:14:27+00:00,1,2,0,7,0,0,0,0,0.0,0,0,0
28b706da83fed39a04c05c84b032fbdf35a542e2,2012-12-23 06:15:14+00:00,1,2,2,6,0,1,1,23,0.0,0,0,0
6e780fad6d15eea0366103501ed354b92ff28ba7,2012-12-23 06:16:00+00:00,1,0,2,21,0,131,131,344,1.0,0,0,0
5f9fecd3aa0ce584eeb1ab7d8211e0f8b510a73e,2012-12-23 06:21:02+00:00,1,6,2,21,0,131,131,344,0.9998266100883484,0,0,0
70faca2a14eda2f0c182f300f1c46fca8560cdc1,2012-12-23 06:25:01+00:00,1,5,6,33,0,131,131,340,1.0,0,0,0
3ddcc99131adc5773ef0a12035580298bee35f5f,2012-12-23 06:40:07+00:00,3,47,19,11,1,189,131,530,0.9998543858528137,0,0,0
fcccc82282e9884cf607b371c21dfe5cae91c240,2012-12-23 06:40:12+00:00,0,7,5,44,0,0,0,0,0.0,0,0,0
f8e2d0e7328b74e4cc6e60edd1eecaaa1052eb96,2012-12-23 06:44:54+00:00,2,10,4,8,0,139,131,360,1.000000238418579,0,0,0
f0fe551dc999c4887767f369951732f04178f45e,2012-12-23 06:45:49+00:00,1,2,1,21,0,131,131,340,0.9989965558052063,0,0,0
526a0befc75a0e22ee42ee11a1879f892dae6e0a,2012-12-23 06:47:35+00:00,1,0,16,15,0,0,0,0,0.0,0,0,0
9f89ebe0de1c7d493b955b0c8c192583e7a35444,2012-12-23 06:49:44+00:00,1,2,11,16,0,0,0,0,0.0,0,0,0
911e8aec8d7101536c443e7918929fe7e8fb9496,2012-12-23 06:50:23+00:00,1,2,2,19,0,0,0,0,0.0,0,0,0
d45eb53bc785b70021b3f8a52013c3f784bd5372,2012-12-23 06:50:52+00:00,1,2,2,11,0,0,0,0,0.0,0,0,0
5a7d461230b174cda57a2b73deb142e15683183e,2012-12-23 06:51:23+00:00,2,1,0,10,0,0,0,0,0.0,0,0,0
f0beed86862a5154965cd2d39ce057c1a6ac841d,2012-12-23 06:53:22+00:00,1,1,1,1,0,0,0,0,0.0,0,0,0
25a9c9fb22723f88b1a30ebce14749be3f3212c3,2012-12-23 06:56:46+00:00,1,1,0,16,0,0,0,0,0.0,0,0,0
ab64052642f8de84873e2b449e06c96363a0afad,2012-12-23 07:07:01+00:00,2,21,2,16,0,0,0,0,0.0,0,0,0
08f66a99b17e59355e2aeaf2d37244b18b69f6e1,2012-12-23 07:13:31+00:00,2,27,14,19,0,0,0,0,0.0,0,0,0
1960c3c29d09e45a13851ea49f883f461e89797a,2012-12-23 07:25:59+00:00,1,19,3,10,0,0,0,0,0.0,0,0,0
e00e50d01a84d421cb9f128e4f3a60a96203bee5,2012-12-23 07:27:28+00:00,1,1,1,9,0,0,0,0,0.0,0,0,0
a23f22e5dc81b359229d68a10352c4ad8ed71c46,2012-12-23 07:29:24+00:00,1,6,27,7,0,0,0,0,0.0,0,0,0
afd64822198206aef3b4b6fc7140fe351dfafd43,2012-12-23 07:33:03+00:00,1,10,3,14,0,0,0,0,0.0,0,0,0
066512900897d4092846529e7017df99a0aece6b,2012-12-23 07:34:53+00:00,1,8,46,17,0,0,0,0,0.0,0,0,0
5b5ff6920102e013cf041bd342459e4e0613294f,2012-12-23 07:42:14+00:00,2,19,27,11,0,0,0,0,0.0,0,0,0
f1d51aa7eb22837d6179b406d9b289d35278871d,2012-12-23 07:45:41+00:00,1,2,1,7,0,0,0,0,0.0,0,0,0
bbea679ab278f9aa7a12df404fd55f354b0701f1,2012-12-23 10:40:18+00:00,2,16,44,48,0,108,106,286,0.997770369052887,0,0,0
81c18c70f5b2bf22be57fd2f0d134f269d0c971c,2012-12-23 10:49:02+00:00,0,16,44,102,0,0,0,0,0.0,0,0,0
594716abeaf95788a69dfcab1cfa435e6f35ea39,2012-12-27 11:24:55+00:00,0,19,2,72,0,0,0,0,0.0,0,0,0
641f4611b285d8c3b9bee7d6ce62ea1c4d4fc242,2012-12-27 13:37:36+00:00,2,19,2,45,0,137,108,397,0.9999998807907104,0,0,0
054e1ab3ee4366a9c71a96e121cf88355b5e2f3e,2012-12-28 15:38:04+00:00,1,0,1,29,0,29,29,117,0.9997225999832153,0,0,0
1d35d439cc6a99385629cdb23cea61e250a0df5a,2012-12-28 15:41:55+00:00,0,18,2,73,0,0,0,0,0.0,0,0,0
fef09a66916e89294030e08bd13b7ed238f9336f,2012-12-31 00:46:04+00:00,1,0,6,38,0,0,0,0,0.0,0,0,0
c03e89341622664efb67d5cceaa516004eb91de5,2012-12-31 07:49:44+00:00,0,0,6,97,0,0,0,0,0.0,0,0,0
5d87e1aeba0f98d13b7827c8472dab26eb3bd13e,2012-12-31 22:59:18+00:00,1,2,2,14,0,0,0,0,0.0,0,0,0
5264c71d86c078f60b9880cc0f481c7fea2b41db,2013-01-02 19:25:33+00:00,1,1,0,125,0,29,29,118,0.9998255372047424,0,0,0
7687746c7c1691946f24e414c065025f895104e6,2013-01-04 21:33:51+00:00,1,5,10,48,0,0,0,0,0.0,0,0,0
7dc13e5cabaa857605c44f959846fdff77a88de8,2013-01-04 21:46:14+00:00,1,4,4,45,0,0,0,0,0.0,0,0,0
ba1df2cfca15c6344146992a46eee8ca8db67580,2013-01-07 18:34:51+00:00,1,1,1,45,0,0,0,0,0.0,0,0,0
50934e056e125e2feba2d3163e791874516bc5eb,2013-01-07 18:41:32+00:00,0,1,1,100,0,0,0,0,0.0,0,0,0
21616a815b93bc4074c43f2f290c1de571169e23,2013-01-07 18:41:51+00:00,0,4,4,94,0,0,0,0,0.0,0,0,0
47fe258b5a318b50f1c1a1069104e8eb699d6491,2013-01-07 18:42:14+00:00,0,5,10,97,0,0,0,0,0.0,0,0,0
b4505284f2e8145e46e398c494b25b44a3bd03b4,2013-01-07 18:42:30+00:00,0,1,0,60,0,0,0,0,0.0,0,0,0
20b10aed1bbe277745a74953b6dc73290bfa82fa,2013-01-10 03:29:28+00:00,3,20,2,82,0,165,133,535,1.0000001192092896,3,37,0
fbc366c1a551c05d8c1ebfdf92608b7062a22622,2013-01-10 04:10:54+00:00,1,1,1,46,0,32,32,187,0.9997055530548096,3,37,0
68edcd12b12818f773581397399ec73b055681d7,2013-01-10 05:29:24+00:00,1,12,2,56,0,61,61,194,0.999868631362915,0,0,0
4a5b5bc86eeb03e4d2c4914da6c2a258b15537d8,2013-01-10 05:40:17+00:00,1,3,3,12,0,30,30,176,0.0,3,35,0
a392a87389d39b5e2ad88f29df334d67f41188e9,2013-01-10 06:07:38+00:00,1,2,1,33,0,61,61,195,0.999868631362915,0,0,0
ef8563ab36c6b52834ee9c35f6f75a424cd9ceef,2013-01-10 06:58:29+00:00,4,123,39,17,1,303,133,837,1.0,0,0,0
9d33629b6d3f4ed3a2ee0f413090b48fa10e8560,2013-01-10 06:58:46+00:00,1,0,1,45,0,57,57,187,0.9999998211860657,0,0,0
6ec1a9ca524e350270c880ce21df8de53b20c33a,2013-01-10 07:02:47+00:00,0,20,2,108,0,0,0,0,0.0,0,0,0
91f6e69cc4f8a8e60fe48fdf70421665708c85cd,2013-01-10 07:07:45+00:00,0,13,2,120,0,0,0,0,0.0,0,0,0
41687c8fa8e77830a8ff3f2cefa05d8a586c5132,2013-01-10 07:13:02+00:00,3,35,4,15,0,1,1,23,0.0,0,0,0
1a7c91f6581c80122ed8cd1fdf4a8ca38c842453,2013-01-10 07:13:06+00:00,0,33,4,44,0,0,0,0,0.0,0,0,0
34917618d80580fafec98641b213c453d7f3fb39,2013-01-11 14:34:14+00:00,1,1,1,2,0,0,0,40,0.0,0,0,0
a950322b0794a451491d51bd8596623964c5b323,2013-01-11 16:42:02+00:00,1,1,1,23,0,0,0,49,0.0,2,0,0
628e393b9a251c3d2b9910c697b9e4ac4f3d8d6a,2013-01-11 20:04:47+00:00,1,13,7,47,1,136,136,369,0.9999995827674866,0,0,0
a721d590b4e13b641b3171a081e7d6a7b3d8b6f2,2013-01-12 20:46:44+00:00,3,31,5,38,1,235,141,764,1.0,3,36,0
35d4a47cb1f841c7bd207f5ae35061f4239711d2,2013-01-16 18:53:24+00:00,1,1,0,48,0,135,135,367,0.99984210729599,0,0,0
b66427eab95298a4a42d0801873b3d3e5d6c3b0f,2013-01-17 10:02:49+00:00,1,0,48,52,0,0,0,0,0.0,0,0,0
f8d729a17b5dfeb7b7896bf0719d719a5854b79c,2013-01-17 10:51:52+00:00,0,0,48,73,0,0,0,0,0.0,0,0,0
d3e6597f73c8e6f5fc88aa6afc62611fbd8be8bd,2013-01-17 19:28:28+00:00,1,3,3,42,0,0,0,0,0.0,0,0,0
f038f68ad8eca1147ef2d830b9f91c2ef0288f18,2013-01-18 03:50:55+00:00,0,3,3,75,0,0,0,0,0.0,0,0,0
985a906c6c078356cddedd0b3331031a6a84960c,2013-01-18 04:40:28+00:00,2,1,11,260,0,113,112,291,0.9991211891174316,0,0,0
c920ee57b801c1f2a83f5c9448671231a4d68f05,2013-01-18 12:39:41+00:00,0,1,11,78,0,0,0,0,0.0,0,0,0
347a52aa5ced6ff3fec8723ccfb8531fdbcf8d9c,2013-01-18 12:41:14+00:00,1,2,2,41,0,34,34,142,0.9997225999832153,0,0,0
16ba63ccde040a9558ec510a915c932d2996a0eb,2013-01-18 13:40:26+00:00,0,2,2,79,0,0,0,0,0.0,0,0,0
89c8cbbe0c8e1db50746ca0f5e68c754ec2d50b2,2013-01-19 12:07:34+00:00,2,13,4,34,0,167,135,559,1.0000001192092896,3,36,0
e1c4fe21d47df1ec10ef8a46aecdcb0ecfeac67e,2013-01-19 16:49:52+00:00,2,1,4,9,0,95,61,334,1.0,0,0,0
de32f1774f5e6491aa58075a5e8baad1a85ba330,2013-01-19 17:14:32+00:00,1,0,5,40,0,31,31,189,0.0,3,36,0
cf0a5089f585af4e271566d6b0da66be1e9c8ee5,2013-01-21 19:19:29+00:00,1,1,0,22,0,0,0,0,0.0,0,0,0
b7242a1ad10bc2a6db27a12223d96815c5074cb8,2013-01-21 19:27:41+00:00,0,1,0,68,0,0,0,0,0.0,0,0,0
c678a7b4026bbb7bebbae836017f67114d463e79,2013-01-21 19:55:08+00:00,1,2,2,17,0,0,0,0,0.0,0,0,0
297aa04beaee5e80845841f257723fc472fd6fd7,2013-01-21 21:15:04+00:00,1,2,2,43,0,135,135,366,1.0000001192092896,0,0,0
03893d9b7fffb4c679f9e104c29c8fb1d9cc9ec6,2013-01-21 23:34:11+00:00,1,2,2,56,0,26,26,108,0.9994115829467773,0,0,3
27e814ad7682c2bd7ae8af503a9dcca7840cde64,2013-01-22 01:21:08+00:00,1,4,0,18,0,61,61,195,1.0,0,0,0
ed559bb8b1cdfc1f0e9d0e0008a46f2e7765de85,2013-01-22 13:09:11+00:00,0,2,2,90,0,0,0,0,0.0,0,0,0
cd0cbada65042ec000522a00145078c4b2093dce,2013-01-22 13:10:19+00:00,0,1,1,66,0,0,0,0,0.0,0,0,0
3bf46609c88aac7e6b72baf407a32399106fc1a4,2013-01-22 13:11:14+00:00,0,13,7,106,0,0,0,0,0.0,0,0,0
47aa968f3ca18d610b1920025ed5f31a4735a15f,2013-01-22 14:40:24+00:00,0,2,2,60,0,0,0,0,0.0,0,0,0
a6360ca134623a9faecfe64b51e86f42bffb4dd9,2013-01-22 15:35:16+00:00,1,10,6,23,1,28,28,111,1.0,0,0,3
ca85b4ec6ce2428891d2e1ae72dad2b873c87bbe,2013-01-22 22:21:34+00:00,1,1,1,21,1,137,137,369,0.9994412660598755,0,0,0
6e53290acd02085424c548c6e149c3811325d314,2013-01-22 22:40:10+00:00,4,81,26,50,0,168,58,590,1.0000005960464478,0,0,0
b94510fc42ef851a425f2aeca1448b4fdb800d76,2013-01-23 01:45:00+00:00,0,81,26,77,0,0,0,0,0.0,0,0,0
472a5b47486e0bf0fa08a9532b73c4a293a830df,2013-01-23 01:53:16+00:00,0,1,1,64,0,0,0,0,0.0,0,0,0
1a87f15e6f8d22be6855424b46b80f66d178fe40,2013-01-23 02:48:31+00:00,0,5,4,63,0,0,0,0,0.0,0,0,0
30573b2d8bb60fa0d7368b5c1476a0a95db30a5c,2013-01-23 02:51:17+00:00,0,7,3,84,0,0,0,0,0.0,0,0,0
0c09d16b293c33ca953b646f7c844c15daf0132e,2013-01-23 03:43:50+00:00,0,10,6,87,0,0,0,0,0.0,0,0,0
c4ad8afba9315e13fa0488bd6977a3b2ed8e7872,2013-01-23 13:42:45+00:00,0,131,115,80,0,0,0,0,0.0,0,0,0
088f908d581eb3a51370eff017ff6000802e5340,2013-01-23 14:45:14+00:00,1,1,1,18,0,61,61,195,0.0,0,0,0
cc7bee19f0f1490d3bfd321bf94f6367c4ed3c7a,2013-01-23 14:45:44+00:00,1,2,12,24,0,139,139,373,1.000000238418579,0,0,0
e771aa93861355a704fa6650d59e14256ea0ee89,2013-01-23 16:28:30+00:00,2,4,2,51,0,200,139,569,0.9999998211860657,0,0,0
1cfe59299b1f81a070704a6a519f1329b4393a7a,2013-01-23 16:51:37+00:00,2,4,8,24,1,200,139,569,1.0,0,0,0
34268b16c397682be38f4147aa181f3ebf112e42,2013-01-23 17:32:56+00:00,1,5,3,45,0,26,26,109,0.9997133016586304,0,0,3
2bcc4a774a8ca1556bd95c32f044d818f3547a40,2013-01-23 21:25:48+00:00,1,7,4,141,1,137,137,369,0.9999174475669861,0,0,0
6e0ca583fed24f78a09297e0bdbb2063b27c0e65,2013-01-23 22:02:37+00:00,0,7,4,74,0,0,0,0,0.0,0,0,0
0af8ff940538357d3357814430be78dfdbdc4a94,2013-01-24 01:03:43+00:00,1,0,3,19,0,30,30,187,0.0,2,36,0
e21ef547f713416f18e1062aaeb5dba1db54064e,2013-01-24 01:06:40+00:00,0,0,3,83,0,0,0,0,0.0,0,0,0
ccea28db071e057d161567329d0844357789a5c3,2013-01-24 01:31:05+00:00,1,5,0,34,0,31,31,191,0.9973635673522949,2,37,0
ef52044c5f0411307ef2200fcb950bd84879266f,2013-01-24 01:32:03+00:00,1,0,4,193,0,30,30,186,0.0,3,35,0
b2427223c17d12f722f6da3109ed49cd1f1c0668,2013-01-24 01:34:55+00:00,0,5,0,95,0,0,0,0,0.0,0,0,0
beec48c8f80b14514c2f335db53b185251ee6335,2013-01-24 01:37:13+00:00,0,0,4,91,0,0,0,0,0.0,0,0,0
d4aaef1e9a15a8d37dcaabe89b46f3948329b5a5,2013-01-24 02:14:47+00:00,3,12,0,73,0,209,140,758,0.9999998807907104,2,36,0
ab2e7df8a9117a2839ec0f88eca57b564b1b02a2,2013-01-24 17:36:53+00:00,0,12,11,93,0,0,0,0,0.0,0,0,0
5861254d8f5df33820b333be8d7ee28b40da99a5,2013-01-24 17:47:55+00:00,1,17,0,27,0,31,31,202,0.9999266266822815,2,36,0
22623bd8c265b78b161542663ee980738441c307,2013-01-24 18:00:24+00:00,0,27,10,81,0,0,0,0,0.0,0,0,0
44b1e7ebeabdf28ad1abccca1ef06eefe84d334c,2013-01-25 05:10:12+00:00,2,7,1,60,0,173,140,574,0.9999623894691467,2,36,0
4ce644079570de42d0166c019b4c9bdf42349bca,2013-01-25 05:10:51+00:00,1,1,1,41,0,31,31,202,0.9999266266822815,2,36,0
f453892960dded53add21f3132a22f992ba6e6a3,2013-01-25 05:25:14+00:00,1,1,1,44,0,33,33,200,0.9991454482078552,2,36,0
4cac9f07c45692942a17a2adeacbb64ebeed95de,2013-01-25 08:19:09+00:00,1,1,0,22,0,0,0,0,0.0,0,0,0
f7c10ca74d0230ad4ece986a9cc4a2ebcb9136bf,2013-01-25 20:07:24+00:00,1,1,1,40,0,140,140,374,0.9999522566795349,0,0,0
8d8865aadb9c76863820c87431229d20e5c23a70,2013-01-26 04:50:58+00:00,2,5,3,114,0,173,140,576,0.9999998807907104,2,36,0
c50f8f7cc80288b6419ec02b424db3f8cd013970,2013-01-26 04:58:20+00:00,0,10,1,120,0,0,0,0,0.0,0,0,0
b6af86225d9214f9aa672321020735b8a52e5d58,2013-01-26 04:58:35+00:00,0,17,0,80,0,0,0,0,0.0,0,0,0
440aeca5d4d5286e68ae050d4ab881315ba571e6,2013-01-26 05:00:33+00:00,0,4,2,83,0,0,0,0,0.0,0,0,0
9d1d92742098de70374d76d4303b0415d6f3c000,2013-01-26 05:02:01+00:00,0,1,0,142,0,0,0,0,0.0,0,0,0
2ac391373329b2d8c67d34fd7c056ff9db16a5f9,2013-01-26 15:19:01+00:00,2,10,0,31,0,177,141,620,0.9996711015701294,2,36,0
2f7923bc0564ed6c8bb30b4d547cbacccbecaebb,2013-01-26 15:24:25+00:00,1,1,1,22,0,141,141,378,0.9981791973114014,0,0,0
95084c9ca8b3c33d6f16bf63f9c041aa6e442641,2013-01-26 15:54:06+00:00,1,1,1,17,0,36,36,242,0.9996711015701294,2,36,0
250896b7f3a049843dc976f9e466f90e145108cc,2013-01-26 16:55:08+00:00,1,21,2,20,0,34,34,235,1.0,2,35,0
ac5e6807faeb7b3d81b3f2b6db619a19939fb634,2013-01-26 17:05:19+00:00,0,21,2,70,0,0,0,0,0.0,0,0,0
40a060cf579a7f0996c92eed578148e526d9416f,2013-01-27 01:04:12+00:00,9,38,39,18,0,408,140,1324,1.0,2,35,3
318300848f0ef96d603e25ae185e6f0a08fd9cc9,2013-01-28 03:01:39+00:00,3,10,8,55,0,209,140,759,1.0,2,36,0
dfa89e299ab06f1d817d74e1155f432debd93bb3,2013-01-28 03:10:16+00:00,0,14,0,60,0,0,0,0,0.0,0,0,0
25545b393bcfe2802237325cc9bdcce5fe17a6f4,2013-01-28 03:11:15+00:00,0,38,39,64,0,0,0,0,0.0,0,0,0
c8ad4f0b73bb37d1eecb369142a6d267b77cc994,2013-01-28 16:53:02+00:00,2,3,4,65,0,95,61,339,0.9999996423721313,0,0,0
231e343a3b9809e82d73656d1e22ce2ec3c046b1,2013-01-28 17:40:10+00:00,0,3,4,94,0,0,0,0,0.0,0,0,0
207a2744aa9f9e31f47647ec6a15710c418c6e95,2013-01-29 04:52:17+00:00,0,10,0,65,0,0,0,0,0.0,0,0,0
a95bfd30324b59f54de7b18ae6209aecfe5c87fc,2013-01-30 04:50:37+00:00,2,53,15,30,1,99,63,467,1.0,2,36,0
ba485913b624d997675760120abd6da2e6d69a34,2013-01-30 15:58:32+00:00,1,2,6,44,1,61,61,217,0.9992144107818604,0,0,0
79727abb32a3d149f788cc605afb62824d97f8ec,2013-01-30 20:22:24+00:00,1,1,1,139,0,0,0,0,0.0,0,0,0
9ff8cbe5fb5e917b95dcbd6bc81e43d35dcbbb16,2013-01-30 23:33:43+00:00,1,1,1,59,0,112,112,282,0.9996355175971985,0,0,0
b554b0c1cbc8e172679d9485b9c32b86b5999887,2013-01-30 23:54:20+00:00,0,1,1,76,0,0,0,0,0.0,0,0,0
85da715f401245c7c68893a7b476b2cbc1d11dce,2013-01-30 23:56:21+00:00,0,1,1,91,0,0,0,0,0.0,0,0,0
12246afab87da55cf6b2da781a630eea33b4bf2a,2013-01-31 13:20:14+00:00,1,1,1,3,0,0,0,0,0.0,0,0,0
113b67c06962df7b191d19811cb9ff58604467d6,2013-01-31 14:35:42+00:00,1,1,1,4,0,0,0,0,0.0,0,0,0
b07c1ebd859a32e1203c1d4ef27f1fb9e154e55e,2013-01-31 18:32:00+00:00,1,1,1,113,0,61,61,199,0.9999998211860657,0,0,0
ae55676a50d8e4a0591a8f8f5f0c31d694206bbe,2013-02-01 15:30:47+00:00,0,1,1,112,0,0,0,0,0.0,0,0,0
544d08d0f61c35358cf13b4a6b677e4e51dbbe7e,2013-02-01 16:55:02+00:00,1,2,0,59,0,142,142,380,0.9995928406715393,0,0,0
9fc7059140fd5130881d593f2f1e543722b8f23e,2013-02-05 19:42:51+00:00,0,49,15,111,0,0,0,0,0.0,0,0,0
d437c338d0bfe4a88d9c3efa1a1802603ee9cc97,2013-02-06 18:24:23+00:00,3,33,1,52,1,189,114,689,1.000000238418579,2,36,0
b0657cf163b2ed3781896eb1712a8ae1b14125ab,2013-02-06 18:48:47+00:00,2,9,0,48,0,100,62,472,0.9999791979789734,2,36,0
ff954e16f141bac5696632a50db31cbaf3746044,2013-02-06 19:01:24+00:00,1,8,2,15,0,0,0,0,0.0,0,0,0
c68f928254d56ef7d5a82979728b8c9879d2280f,2013-02-06 19:53:55+00:00,0,8,2,60,0,0,0,0,0.0,0,0,0
03f6908fe9af23449ae70fe0438a2054f540730b,2013-02-06 21:05:04+00:00,0,33,1,76,0,0,0,0,0.0,0,0,0
3299771e3497199adda6ad6354f78742806cd320,2013-02-08 02:08:20+00:00,1,18,17,196,1,62,62,219,0.9999996423721313,0,0,0
e2ad0d0fe8f4bff1640417f67e7e321f030c1bed,2013-02-08 03:42:58+00:00,1,7,4,140,0,63,63,221,0.9999996423721313,0,0,0
e7bc9bf1b2c8abb51b56981548632baed3b4fb87,2013-02-08 03:53:37+00:00,1,9,3,65,0,63,63,227,1.0,0,0,0
90cd37fda0dce5ecc6d09a406aa4e28382daaf19,2013-02-10 22:06:38+00:00,0,9,0,101,0,0,0,0,0.0,0,0,0
f2be5fae27ed0283bd45f897b480997ccaced390,2013-02-10 22:07:08+00:00,0,2,0,100,0,0,0,0,0.0,0,0,0
9c8660dbb6e5d9b8694447e91e7936161f868ab0,2013-02-10 22:14:45+00:00,1,10,9,115,1,64,64,228,1.0,0,0,0
12d66cfc41505e595db787c1c26fd6cddf26e7e5,2013-02-10 22:21:13+00:00,0,29,18,103,0,0,0,0,0.0,0,0,0
9cdc8325ae8ace6fe3b09eb78751d6912410e9cc,2013-02-10 22:43:37+00:00,1,3,0,32,0,65,65,230,1.0,0,0,0
1da1490bcd120e61f4f7f96062ec570d3b0a905e,2013-02-10 22:43:58+00:00,1,13,3,21,0,19,19,71,1.000000238418579,0,0,0
0fb13e0b6c092e1acf96e24cf01a621ea4ef5eac,2013-02-10 22:49:49+00:00,1,5,0,9,0,39,39,257,0.9977089166641235,2,36,0
2e3169615636ceffc7aa85469464470c11d3a85e,2013-02-11 00:36:36+00:00,3,16,4,229,1,190,87,699,0.9999998807907104,2,36,0
5d9fcc711b19adac143b1c8172ef11ef88d48e65,2013-02-11 00:43:21+00:00,0,21,1,84,0,0,0,0,0.0,0,0,0
6da7e22a4ab07f4b5a573d37a6149a2d5cfdb7af,2013-02-11 12:37:58+00:00,3,8,1,80,0,185,144,643,0.9988510608673096,2,37,0
4c8d1b9a7dc909a02fa0304d00b87b664edc385d,2013-02-11 22:07:12+00:00,2,6,3,100,0,206,142,616,0.0,0,0,0
56f4b7ca68d75795112b673673de2b90f05c9e93,2013-02-12 06:51:46+00:00,2,3,5,67,0,183,143,641,0.9996663928031921,2,37,0
09a72512451dae1e4fa9d7376af9b1bdec8441a7,2013-02-12 08:27:05+00:00,0,6,3,92,0,0,0,0,0.0,0,0,0
cdec20af650bd5e6441a671f4d7da9717814b260,2013-02-12 16:43:02+00:00,0,5,0,132,0,0,0,0,0.0,0,0,0
4dfd6f3fc1f73c013163b1dec8f24accf99df69d,2013-02-13 04:00:06+00:00,1,3,3,54,0,64,64,238,0.99996018409729,0,0,0
f73bda06e95589fb48a3ec974b4f3cfb3a0b9038,2013-02-13 10:13:31+00:00,0,3,3,106,0,0,0,0,0.0,0,0,0
c2480f65e6d3ff2d9af376cd609653882a7cfd3f,2013-02-13 22:57:21+00:00,1,1,1,30,0,38,38,151,1.000000238418579,0,0,0
d0285fac4203e8cfed6b5ceeb96b2646076e745d,2013-02-14 00:11:38+00:00,3,5,5,368,0,100,64,368,1.0000001192092896,0,0,3
69ba64380b5eee14f741f45b22711115fe5c6d98,2013-02-14 02:28:32+00:00,1,12,0,208,0,41,41,267,0.9998279213905334,2,39,0
df5dcb8a7d60d74ee8c1fb955f1dc2fca84566fe,2013-02-14 03:42:56+00:00,1,2,2,89,0,41,41,267,0.9994922280311584,2,39,0
87d9d9643c73d6fc7f701263e5c4e93217db022f,2013-02-14 06:05:42+00:00,1,8,0,67,1,90,90,214,0.9995759725570679,0,0,0
4c21106222f954b77531ccbcba69407327ceab38,2013-02-15 02:33:01+00:00,1,2,2,23,0,41,41,267,0.9998279213905334,2,39,0
f3393fb24cc74e9e9aff643e16e0480fcced6ba3,2013-02-15 03:52:31+00:00,1,0,4,87,0,88,88,210,0.999714195728302,0,0,0
d0390d4f27ed25d5409f899b7c1d298a8fb07c87,2013-02-15 06:42:49+00:00,0,8,4,128,0,0,0,0,0.0,0,0,0
b53975327f624c3cbc0e0db86d52a4ad0288aea8,2013-02-15 16:32:50+00:00,1,4,4,179,0,0,0,0,0.0,0,0,0
3f86e22a07fb1bd91c70d3c487efbadb55f6b36a,2013-02-16 05:56:59+00:00,3,10,9,153,1,263,113,737,1.0,0,0,0
017c02762965be84e4d1043e82822cc87a15c91f,2013-02-19 13:40:15+00:00,0,4,4,107,0,0,0,0,0.0,0,0,0
7e0b9cf409904fac1d3864ed15e2bd4f5186ae8b,2013-02-20 06:50:10+00:00,0,10,9,131,0,0,0,0,0.0,0,0,0
aa9952553729e9526f9b252a3b46717da786f1fb,2013-02-20 07:10:44+00:00,0,1,1,90,0,0,0,0,0.0,0,0,0
178ff62b934c30278114028f654e42374206c291,2013-02-20 07:11:41+00:00,1,1,1,14,0,38,38,151,1.000000238418579,0,0,0
a788cb72719a6bd3cd103c0df762d5f983cda134,2013-02-20 13:57:37+00:00,1,1,0,59,0,8,8,21,1.0000004768371582,0,0,0
577dba2bf737b1522145a1ca52d3aaf0d1fe5ed5,2013-02-22 00:33:01+00:00,1,7,3,38,0,38,38,153,0.9984023571014404,0,0,0
c01bc5be5ba0d4d5c7f516faae3493f1f41ef233,2013-02-22 13:23:34+00:00,1,1,1,86,0,38,38,151,1.000000238418579,0,0,0
1fc567449c9c4e0380bbe137b6a7efb4f4ed0d91,2013-02-25 10:31:00+00:00,0,7,3,92,0,0,0,0,0.0,0,0,0
603fd42fe6b9c7d283d37f676d818491722cebe6,2013-02-25 10:31:21+00:00,0,1,0,97,0,0,0,0,0.0,0,0,0
be62645dd56580dd7576032b348cf79d880851d8,2013-02-25 14:29:05+00:00,1,0,2,168,0,142,142,377,0.9999998807907104,0,0,0
796d3225ddf08a9ebaa429209b9d077c3a8f99b8,2013-02-27 16:01:23+00:00,4,11,5,58,0,108,62,416,1.0000001192092896,0,0,0
18b29ea00563a0bf8e15666806117444c87ac23f,2013-02-27 16:01:36+00:00,1,21,0,61,1,42,42,271,0.9970313906669617,2,38,0
6a0845c98479911bcf4a27555403fe30a6baa27f,2013-02-28 19:07:00+00:00,1,4,1,56,0,63,63,241,0.9968461990356445,0,0,0
057f32924a3d90216760fbe09a3e3a96870f69fc,2013-03-01 07:42:43+00:00,1,3,3,87,0,0,0,0,0.0,0,0,0
c4f9340fb4df41d7a8be66ee41c40bfed64ec6d6,2013-03-01 08:43:39+00:00,4,18,5,241,0,187,142,675,0.9996844530105591,2,40,0
b80f8aa47502d43a5e8d2654558e1e2db53a0ac2,2013-03-01 19:20:53+00:00,1,1,1,30,0,142,142,377,0.9994657635688782,0,0,0
38f2581d6ff4d7ca8011929685917b931f256b77,2013-03-02 04:36:42+00:00,1,1,1,14,0,0,0,0,0.0,0,0,0
1d2ee524d897fd010ef6a401fdf7d7ca6c82928f,2013-03-02 07:21:08+00:00,1,70,0,45,0,0,0,0,0.0,0,0,0
7eba5ffe48add27bc677ae6421b8d6d98dd4f9ef,2013-03-02 16:44:14+00:00,1,3,3,91,0,0,0,0,0.0,0,0,0
73abf84ace955e681d07cacf047263d95c540440,2013-03-02 16:51:55+00:00,1,1,1,23,0,0,0,0,0.0,0,0,0
7e7c275504b8f757439e5cb82650705598225bfe,2013-03-02 16:59:19+00:00,1,4,3,45,0,0,0,0,0.0,0,0,0
08cab484319d5ce162147654483be38838f1f61e,2013-03-02 20:58:49+00:00,0,71,0,107,0,0,0,0,0.0,0,0,0
98ff29f793ed1f7a7bbc533dcd7abec1ce76da77,2013-03-02 20:59:10+00:00,0,1,1,75,0,0,0,0,0.0,0,0,0
07441c89510753eee7a300c16b93ad7b1f65c2d0,2013-03-02 20:59:41+00:00,0,1,1,82,0,0,0,0,0.0,0,0,0
76c4b68e4af1abb917bc89594271ff45b18d13ff,2013-03-02 21:00:48+00:00,0,3,3,86,0,0,0,0,0.0,0,0,0
7aad3fd08cc56d1ffae6acd0de8d3277eed8f01e,2013-03-02 21:02:26+00:00,0,32,5,79,0,0,0,0,0.0,0,0,0
d372a5b10b7707a666bec2c6554431e200e74573,2013-03-02 21:04:00+00:00,0,17,5,73,0,0,0,0,0.0,0,0,0
23d8522285bd7d7b4a1da46325aeac8814d87076,2013-03-03 17:01:38+00:00,4,5,11,130,1,108,62,412,1.000000238418579,0,0,0
b14584f36eca344ed5033d1d2f5a59490fadca56,2013-03-03 17:01:47+00:00,1,0,21,133,0,41,41,267,0.0,2,39,0
d06dabab59b1b9f07289d8a8cd533a3adedbfaba,2013-03-04 08:20:24+00:00,3,143,42,25,0,158,67,564,1.0000003576278687,1,0,0
134699faf9c7cb2d8fcbe505d0385b68b7d7a819,2013-03-04 08:20:47+00:00,1,2,2,22,0,42,42,173,0.9999037981033325,0,0,0
c951f0543c86ad7a3f90ead98f581c0af1865abd,2013-03-04 08:39:16+00:00,1,5,1,35,0,43,43,176,1.0000001192092896,0,0,0
d60845303bf877dde69ae2077d695646fc2a4579,2013-03-04 18:07:29+00:00,1,5,4,37,0,62,62,241,1.0,0,0,0
99eead01a367b01d17def6e3957b5e47c6c67e74,2013-03-04 22:52:31+00:00,0,4,0,92,0,0,0,0,0.0,0,0,0
c0d4b23cea430ba1dce407f4325d9362c55d577c,2013-03-04 22:54:25+00:00,0,39,4,112,0,0,0,0,0.0,0,0,0
d25ba77b2efd7c402ee7656d16bc5b5fba07879c,2013-03-04 22:54:32+00:00,0,4,0,44,0,0,0,0,0.0,0,0,0
90e109c241010ccb8e998cc1b85333261fc2739e,2013-03-05 15:18:24+00:00,1,0,1,62,0,0,0,0,0.0,0,0,0
13de69299f9026bb0be5333e8a4c78a07f2558e9,2013-03-05 15:31:10+00:00,0,0,1,112,0,0,0,0,0.0,0,0,0
25dc07e8ed5504c5388440068722500c19df4daa,2013-03-08 10:17:17+00:00,1,0,20,33,0,42,42,276,0.0,2,39,0
3e72f234d0fb86f12b2e61a3fc5d82c04de145e2,2013-03-08 19:51:42+00:00,0,0,20,79,0,0,0,0,0.0,0,0,0
e958511df085ace98cfcc45c69129553ba07ee9e,2013-03-09 07:16:33+00:00,1,6,0,31,0,44,44,288,0.999305009841919,3,40,0
5bb2be9a2300ccc3c1901d2f85afb79cfb9e02f1,2013-03-09 10:53:38+00:00,1,7,3,169,1,62,62,245,0.9999446868896484,0,0,0
e752455b6f1b5913305a9014f3c0b535ba054069,2013-03-11 08:28:37+00:00,1,2,1,91,0,28,28,114,0.9997396469116211,0,0,3
e706d18cf893198a26ca3f41dd5014dabd87ae89,2013-03-11 18:12:34+00:00,3,30,2,69,0,148,62,688,0.9994263648986816,3,40,0
25ea8cdb38ecc3f66e15149e00625924d667ea7f,2013-03-12 14:37:55+00:00,0,30,2,94,0,0,0,0,0.0,0,0,0
c41932e18468caf8990611aa62b25e867e8ad4bb,2013-03-12 15:04:19+00:00,2,6,4,179,0,104,62,407,1.0000001192092896,0,0,0
1642996798416efaca754e4678506502e4c4c1f3,2013-03-12 15:23:21+00:00,0,6,4,110,0,0,0,0,0.0,0,0,0
120a2f385a4d1b652451e6a6d8dc618437f72529,2013-03-12 16:25:19+00:00,1,3,4,117,1,62,62,244,1.0000001192092896,0,0,0
af791d48c6307988721391f9c594959c72631e47,2013-03-14 15:12:45+00:00,1,0,1,25,0,0,0,40,0.0,0,0,0
db90d85a8df8b0c53ce6ae3d992ab7a078e34798,2013-03-14 15:29:53+00:00,0,0,1,72,0,0,0,0,0.0,0,0,0
cb2116dccefca091ed9db225f09ee690cb710739,2013-03-20 10:37:25+00:00,0,10,1,97,0,0,0,0,0.0,0,0,0
7d217bf9bd0689318baff96bf0d11f5f3ddc15e1,2013-03-22 00:55:08+00:00,1,5,1,48,0,145,145,379,0.9990253448486328,0,0,0
13aeb9cb0619eedf1d9df88bf3c628483fdf2ad2,2013-03-22 04:06:23+00:00,0,5,1,75,0,0,0,0,0.0,0,0,0
132540956051e9486ffb3adcee95b47a71a37c80,2013-03-22 04:12:58+00:00,1,4,5,31,0,143,143,376,0.9996458292007446,0,0,0
03a3ca500491ed55c90255398fa514be017efe10,2013-03-22 04:13:08+00:00,1,1,1,49,0,113,113,287,0.9994696974754333,0,0,0
030b9763b5dd24bbde7938d5aafb63f411d75b6a,2013-03-22 04:15:06+00:00,1,1,1,21,0,113,113,287,0.9999998807907104,0,0,0
0d07d1afb3a610605093c143822e5746ca8784a3,2013-03-22 19:20:27+00:00,1,0,30,15,0,0,0,0,0.0,0,0,0
80a861cb84175cdf444ce3d0c677251635859e22,2013-03-22 19:20:49+00:00,10,68,19,25,0,89,42,1567,0.9998068809509277,0,0,0
a554828931dee19163caa3486560f5e7ee850c9c,2013-03-22 19:21:04+00:00,3,40,2,7,0,4,3,27,0.9975263476371765,0,1,0
52d328ec3c7f038765df4565d14070a04dc9ea6e,2013-03-22 19:21:28+00:00,1,44,0,23,0,2,2,12,0.9998737573623657,0,0,0
19d38d502fa606568dcf5eae42a211f1621bda83,2013-03-22 19:47:20+00:00,1,8,4,35,0,144,144,378,0.9999410510063171,0,0,0
92f747817447ad56d3318e393e222db0f347dfb3,2013-03-22 19:48:27+00:00,1,1,1,5,0,144,144,378,0.9999294877052307,0,0,0
12ef43e407de2690361fb22261d0eef6a008b000,2013-03-22 19:52:08+00:00,2,4,5,14,0,0,0,0,0.0,0,0,0
186a58978351ad0243fa8c413250481650ed4378,2013-03-25 10:26:45+00:00,0,208,63,63,0,0,0,0,0.0,0,0,0
9d16c7276791fb7e5e75f2fbcddec95fa8f15b2b,2013-03-25 10:28:25+00:00,1,2,1,73,0,28,28,115,0.9999067783355713,0,0,3
6963b8490ca4624f4e46e971b6261861bcfd0902,2013-03-25 19:20:33+00:00,1,8,7,44,0,144,144,378,0.9998744130134583,0,0,0
c63472e328946f464ed9fa24c0fadd2890966c5b,2013-03-25 19:48:45+00:00,0,8,7,87,0,0,0,0,0.0,0,0,0
ab19b793754091c60892f754e4fbb1357fff90e6,2013-03-26 20:32:20+00:00,2,2,2,28,0,0,0,0,0.0,0,0,0
7f1ad5c12772074eff08b204dd6f6f4abd4b534e,2013-03-26 20:32:25+00:00,0,8,7,44,0,0,0,0,0.0,0,0,0
ba25184ed5f0bf9b876dea3cf4312fa35b539a7c,2013-03-26 20:38:11+00:00,2,2,2,2,0,0,0,0,0.0,0,0,0
46a770e03f6991c357fe5f245bf035d779b887f6,2013-03-28 03:10:59+00:00,1,28,0,27,0,0,0,0,0.0,0,0,0
478d49027fe920e334ae8eacd1182ede39f8b5f7,2013-03-28 03:17:34+00:00,2,13,4,110,0,108,62,538,1.0,5,40,0
1d5c4f3f0f49e04165303952ccc5fd1c70aee7c1,2013-03-28 03:26:11+00:00,1,5,3,162,0,145,145,380,0.9999508261680603,0,0,0
88177ec33fa0846aea0ecb121ffbb041c5f09cdc,2013-03-28 03:30:00+00:00,1,2,1,68,0,62,62,245,1.0,0,0,0
aca91e06f2c83da1553ea8b39814c5c78cb3c433,2013-03-28 03:46:21+00:00,1,33,0,49,1,62,62,245,0.9999998807907104,0,0,0
0cd23d8d6e9fee70e4cc51c37e0b6a111411f2c0,2013-03-28 12:33:34+00:00,2,5,3,104,0,207,145,625,0.9998936653137207,0,0,0
d7908a9fdef7bca16e384ca42478d69d1894c8b6,2013-03-28 12:48:50+00:00,4,248,16,23,0,167,60,635,1.0000003576278687,0,0,0
4ffae38627ea8d4a33fc50bbbed48bd14468972c,2013-03-29 12:58:15+00:00,1,1,1,84,0,62,62,244,0.0,0,0,0
325ea7b7e209de2cd895e3275bde8378a183c7e7,2013-03-30 00:18:58+00:00,1,4,3,46,0,62,62,246,0.9999578595161438,0,0,0
6a2eea8b2161da815235e40b2a8941a2124757a8,2013-03-31 05:20:02+00:00,0,1,1,88,0,0,0,0,0.0,0,0,0
bd6b981d12cb9979b530dd367726f570d4b9c424,2013-03-31 05:21:52+00:00,0,84,8,91,0,0,0,0,0.0,0,0,0
75703d57e66544ff1e6c7cbd54648b051928b1a9,2013-03-31 05:22:44+00:00,1,1,1,16,0,62,62,246,0.9999998807907104,0,0,0
5b5ffc9714ae3d267d12479b81df497e50e1f596,2013-03-31 05:27:59+00:00,0,248,16,75,0,0,0,0,0.0,0,0,0
d06908d655eca4467521c28d93a68d329d48d524,2013-03-31 05:28:22+00:00,2,12,12,6,0,1,1,23,0.0,0,0,0
59b69d1fb8a0e972916a3c0279249fc11eeb0f6c,2013-03-31 05:28:57+00:00,0,248,16,44,0,0,0,0,0.0,0,0,0
39acf1dbd250df61ebfa7871384cd73cb6669c6d,2013-04-01 06:20:46+00:00,1,1,1,43,0,145,145,380,0.9999961853027344,0,0,0
037b38badb31cd379e985881b8077a4aa148fd58,2013-04-01 15:02:37+00:00,4,5,5,11,0,173,145,493,0.9999999403953552,0,0,3
333fa874899a8ff8dcc0a001477c35d387686531,2013-04-01 18:47:20+00:00,1,1,1,28,0,0,0,0,0.0,0,0,0
f0660e33a268e9517ad15b39457bcf9875f71619,2013-04-01 22:10:12+00:00,1,6,0,35,0,47,47,298,0.9986191987991333,5,41,0
f37b9684756b9c495fdcea1db3b6edd6a76b6d47,2013-04-01 22:14:52+00:00,1,2,2,44,0,145,145,380,0.9998915195465088,0,0,0
848aca21be9e79c93d253042b674bdf1913b1ee8,2013-04-02 03:42:22+00:00,0,1,1,87,0,0,0,0,0.0,0,0,0
9c18febf45f9a476007ce7de40ed27fa2cac21f7,2013-04-02 04:36:39+00:00,0,5,5,57,0,0,0,0,0.0,0,0,0
20a8a9b6818c158545c3caf77c2ae7039b4377a6,2013-04-02 04:36:49+00:00,0,1,1,73,0,0,0,0,0.0,0,0,0
ca0aea640d0cce01c126220b74362c9014cabbd6,2013-04-02 11:42:40+00:00,1,5,1,70,0,63,63,249,0.9997062087059021,0,0,0
cdb700737b64d44353a01bc4effff083577925b8,2013-04-02 11:44:59+00:00,0,5,1,151,0,0,0,0,0.0,0,0,0
54ed5ed469ff04351bfe550a6c8d49e62c535e6c,2013-04-02 12:13:46+00:00,1,1,5,142,0,62,62,246,0.9999998807907104,0,0,0
1abd13700b32b82c4ce6e08e1e73be89fdbfd3e6,2013-04-02 13:27:25+00:00,1,2,6,94,0,62,62,246,0.9999998807907104,0,0,0
b9e5cce2d2ab85e073c04cab03ac81210d25f2ee,2013-04-02 14:07:37+00:00,1,35,1,38,0,0,0,0,0.0,0,0,0
82d36d825902057c29d02d350070909840104d08,2013-04-02 15:41:07+00:00,1,5,0,46,0,47,47,302,0.9979873299598694,5,42,0
168c3e691386602508213c992bac1d206b779358,2013-04-02 18:22:12+00:00,1,10,0,60,0,47,47,310,0.997913122177124,5,44,0
e7247ce3f6d8115a6bc191e5ef816e04da82aa25,2013-04-02 18:22:49+00:00,1,7,5,56,0,149,149,382,0.9999924302101135,0,0,0
dccfc5ba3cd0e578766604866fbeb7bf797e91f2,2013-04-04 01:04:40+00:00,0,37,7,63,0,0,0,0,0.0,0,0,0
d22ac00098475367ea0c0725d7db94d7967b09b1,2013-04-05 02:11:38+00:00,1,7,11,69,1,62,62,243,1.0,0,0,0
88f13598f32bd2da4099f4bb61a082d63fcf42c7,2013-04-05 02:40:27+00:00,1,13,0,56,0,47,47,305,0.9997563362121582,5,40,0
5c47ce1136ed12e992fe3404b8e6634060bcd411,2013-04-05 02:48:14+00:00,1,1,1,39,0,47,47,305,0.9997563362121582,6,40,0
848f2c297ecdecad7619b7ff52601c35cd8cd420,2013-04-05 03:22:38+00:00,0,20,11,119,0,0,0,0,0.0,0,0,0
49a3664222d9e17ab83d089e4d1b1e30c998f59c,2013-04-05 03:29:02+00:00,1,0,2,49,0,62,62,242,1.0,0,0,0
1e465fd25554e4da84909fe1bd054c30c79ef05e,2013-04-05 03:41:52+00:00,0,0,2,130,0,0,0,0,0.0,0,0,0
afcc883d7f5968a8d64ea400335fb47f3f73d042,2013-04-06 15:26:52+00:00,1,4,1,9,0,145,145,382,0.9998416304588318,0,0,0
fa9234da05478698015b122a018810f60c5a2768,2013-04-07 00:27:23+00:00,0,4,1,63,0,0,0,0,0.0,0,0,0
511cc4c03449d58b42d59349363c766c60d48451,2013-04-08 16:00:27+00:00,1,2,1,47,0,0,0,0,0.0,0,0,0
dfa59c2d97485ef018939ff85a7d1b957719df70,2013-04-08 16:01:02+00:00,1,2,2,12,1,0,0,0,0.0,0,0,0
8ebeb3dc3fa82bf9d670af2b54a23d9a0b161e35,2013-04-08 17:03:13+00:00,1,2,1,37,1,0,0,0,0.0,0,0,0
5b937b384b187899851d62dad1be5e2ca4686a36,2013-04-08 18:01:36+00:00,0,3,1,88,0,0,0,0,0.0,0,0,0
c73f65335268da9b7ee9a793d8923ab8ce710457,2013-04-09 18:54:47+00:00,2,82,6,28,0,42,42,165,0.9999998807907104,0,0,0
e5f1053b3095a15a84ba948780abd1ca76d122fd,2013-04-09 19:58:59+00:00,1,44,8,41,0,0,0,0,0.0,0,0,0
2426eeb371a689f10439d54772664ee05570ab88,2013-04-09 20:17:19+00:00,0,126,14,72,0,0,0,0,0.0,0,0,0
6d6252aa9fc4bb38d7f68073b41092c31ddb146b,2013-04-10 06:00:36+00:00,2,54,27,26,0,59,45,168,1.0000001192092896,0,0,0
59f916ca4a6a8e55528988cfc1bee445e71c4602,2013-04-10 06:08:33+00:00,2,3,45,47,0,247,145,643,0.9998744130134583,0,0,0
4c3432b759ccd58ebdaf443167cca07ff17c63ea,2013-04-10 06:20:34+00:00,1,5,0,23,0,48,48,309,0.9997596740722656,6,40,0
17ecb6891c515511ce33250a3f39f752a9c59b55,2013-04-10 15:15:28+00:00,3,20,3,277,0,0,0,50,0.0,2,0,0
fb49481ddfae75840271bbeff5987a791170d76d,2013-04-10 15:46:05+00:00,1,1,1,129,0,0,0,0,0.0,0,0,0
ed0242ae3a6f30202983aef6938bebadf655ef67,2013-04-11 03:49:27+00:00,2,31,4,192,0,0,0,0,0.0,0,0,0
6e3cfe5dd5698afe67c84232ee6e60fe38618485,2013-04-11 14:08:27+00:00,1,1,1,79,0,0,0,0,0.0,0,0,0
eda4b55f7a3be4ccf85d0435a1d3ba5aa5dbce22,2013-04-11 16:04:07+00:00,0,1,1,93,0,0,0,0,0.0,0,0,0
36dcce1a06fe0a82d8522c7d4287fb3623722c6c,2013-04-12 23:40:39+00:00,1,4,2,75,0,42,42,166,1.0000001192092896,0,0,0
c5d0a0931e1a9b199ea286853fc4722d624d85ec,2013-04-13 16:30:05+00:00,1,1,1,171,0,62,62,242,1.0,0,0,0
f0950a9e6cf31d3c0e52a1490c2c4c0935898526,2013-04-13 19:02:29+00:00,0,1,1,100,0,0,0,0,0.0,0,0,0
561366cab09d981b1d95df06ef06f0766e755024,2013-04-13 19:05:13+00:00,0,4,2,137,0,0,0,0,0.0,0,0,0
c0baec14319bb2fe851eed6eb81e5e21d65bb75b,2013-04-13 19:24:21+00:00,0,31,4,97,0,0,0,0,0.0,0,0,0
082029ff2e880136d207e7999c9f7e9832c98b89,2013-04-13 19:26:49+00:00,1,5,12,36,0,0,0,0,0.0,0,0,0
9df450193f5ef400adc2ea1a8683263994dbf8df,2013-04-14 03:25:47+00:00,0,20,3,89,0,0,0,0,0.0,0,0,0
967cfbe6632b0bdd5473670aa1ec27ac3a21e115,2013-04-14 03:27:46+00:00,0,62,72,105,0,0,0,0,0.0,0,0,0
a527ecfabdaa150469a58ee537fded6e97d80e10,2013-04-14 03:28:43+00:00,0,3,1,103,0,0,0,0,0.0,0,0,0
aafca7acdc52331dbfb76fb30c2836fd504b2025,2013-04-15 07:21:32+00:00,1,11,0,12,0,0,0,0,0.0,0,0,0
636476e704b8b8f747fab72e15be417b2dd08847,2013-04-15 07:21:40+00:00,0,85,76,44,0,0,0,0,0.0,0,0,0
9c2f9f61efc46de7636f87fec3873527f7195523,2013-04-15 07:22:48+00:00,1,9,6,12,0,0,0,0,0.0,0,0,0
ae5419db170c20d7bad1cac1e78f9f5ab2f03b84,2013-04-15 07:22:56+00:00,1,0,10,12,0,0,0,0,0.0,0,0,0
d13bf9f11337e90ca2d2f86667982d2876a9088f,2013-04-16 02:47:20+00:00,1,1,0,150,0,0,0,74,0.0,0,0,0
6046fcffe863a99e6494a99a6595ec7f47de2f97,2013-04-16 19:55:58+00:00,0,28,5,105,0,0,0,0,0.0,0,0,0
736e8cd7358a475979da9d2e525e535e81fdab18,2013-04-17 19:27:06+00:00,1,2,1,34,0,62,62,242,0.9999999403953552,0,0,0
770c3d754811af2c1025968dacf8c834496e9e6e,2013-04-17 19:39:03+00:00,0,2,1,99,0,0,0,0,0.0,0,0,0
1ca423ec804efa39fd397bdaaea58a8661db3afa,2013-04-18 23:59:17+00:00,1,1,1,34,0,0,0,0,0.0,0,0,0
798a1ffdec682fe8b9e0c3386f445ab6e1fd801c,2013-04-19 06:12:34+00:00,1,8,1,57,0,84,84,590,0.9965883493423462,0,0,0
716b627c1e7c86af722affe973a11df4d5812a1b,2013-04-19 06:13:36+00:00,2,7,10,40,0,146,84,831,0.9996336102485657,12,47,0
65b6ef6036f7a40538a8beb90ae8ef906e5792b6,2013-04-20 04:18:27+00:00,1,2,0,2,0,0,0,0,0.0,0,0,0
4438bfcc44da76a3b0ebf018f43fd58595b35865,2013-04-20 04:18:33+00:00,0,30,6,44,0,0,0,0,0.0,0,0,0
8f3f4e2744ed65b272835ebf08c6d3afe5c810c6,2013-04-20 04:22:13+00:00,1,1,1,5,0,0,0,0,0.0,0,0,0
1866f7596e2c9e20dddf5d8c570c44e496a71c57,2013-04-26 02:32:03+00:00,1,13,0,60,0,50,50,336,0.9999998807907104,8,44,0
9763a671da1061244aa0a98e924efa1ec8379a7b,2013-04-26 02:34:51+00:00,1,4,2,58,0,63,63,244,0.9999998807907104,0,0,0
3ff8d4380188934ed170a084083c7c5fe6cdf0c6,2013-04-26 02:40:24+00:00,1,1,2,20,0,50,50,335,0.0,8,44,0
a7fef5875688bce4435fd356c4442ffdad1dd49d,2013-04-26 03:11:43+00:00,1,8,0,31,0,51,51,341,0.9997757077217102,10,44,0
0c609b59abfa25e00e320034e46c5bf4443078b6,2013-04-26 03:15:50+00:00,1,4,5,60,1,62,62,243,0.9999998807907104,0,0,0
98dea03710dc5a6b882499daf8c1531b0d6c6563,2013-04-26 07:02:28+00:00,0,24,3,80,0,0,0,0,0.0,0,0,0
c3bef6b0d930f34c20848508ab3ef2066a8a449c,2013-04-27 11:52:35+00:00,1,1,1,61,0,0,0,0,0.0,0,0,0
d2ba5798ec47643d99b1dff78d63cb6582b934f0,2013-04-27 11:53:37+00:00,0,1,1,115,0,0,0,0,0.0,0,0,0
49ca72c8028353005588c0627be026956ca62d6c,2013-04-27 19:34:08+00:00,9,31,19,187,0,186,60,787,1.0000001192092896,0,0,0
ab36f3cc6f91f1e4903a3f4b31501cb7fefe4555,2013-04-28 23:58:08+00:00,0,31,19,103,0,0,0,0,0.0,0,0,0
e715d7184b98f6c2a8c4810e7524e2e9a5a033c3,2013-04-29 20:35:44+00:00,1,4,0,90,0,61,61,243,1.0,0,0,0
505d2487e31c2ac60ed9224b82441320d3af5077,2013-04-30 14:15:56+00:00,1,11,14,295,0,0,0,0,0.0,0,0,0
f5775594ccc0e2947b965c1fcf40747301a93974,2013-04-30 19:45:37+00:00,3,40,11,142,0,345,154,1290,0.9999998807907104,12,49,0
f7596c75dce4e87ab83bdf74e8f120a4b1a5ff03,2013-04-30 19:52:27+00:00,4,227,28,1263,0,200,102,799,1.0000004768371582,10,44,0
72e155e529ae9f1892c5dffb5a021fa36ca0243e,2013-05-01 06:17:18+00:00,2,11,2,117,0,142,80,800,1.0,12,46,0
489a412f96c87f90d5a4788ede2d7a8a8863c91d,2013-05-01 06:31:16+00:00,1,1,0,33,0,0,0,0,0.0,0,0,0
7e825acd9b730632623984f14cd0f3f2c0cbf45f,2013-05-01 16:30:46+00:00,2,2,3,64,1,0,0,48,0.0,2,0,0
f8f1db845831fa5fb800d6a71892090e7f285044,2013-05-01 17:27:02+00:00,0,2,3,130,0,0,0,0,0.0,0,0,0
e6e9b550c05b08297fc7a56e8a9e3a49cdcc55ca,2013-05-01 17:27:58+00:00,0,227,28,125,0,0,0,0,0.0,0,0,0
0f1bb96f015ff82372b9438f7c8554ca0d4b2697,2013-05-01 17:28:18+00:00,0,11,14,80,0,0,0,0,0.0,0,0,0
4f83ef8328886564c38617f46158bf63c3b94082,2013-05-01 17:29:40+00:00,0,1,1,81,0,0,0,0,0.0,0,0,0
f3036adc4f156627dce26a6106e22d3631940d3e,2013-05-01 17:44:31+00:00,1,1,1,71,0,80,80,557,0.9999997615814209,12,46,0
f93275c47f1557793bec348918013750e6902ff4,2013-05-01 17:48:21+00:00,1,9,0,68,0,73,73,483,0.9991526007652283,10,44,0
d59510481ad624641ec404bac423e8ab44f0f41b,2013-05-01 18:37:58+00:00,1,3,5,26,0,80,80,557,0.9999997615814209,12,46,0
e585e496c9f0097e3df613bf0cb9cc7e2be95c20,2013-05-01 18:40:02+00:00,0,9,0,99,0,0,0,0,0.0,0,0,0
ec2859c0ded048c8630f4561d9556117fa301794,2013-05-01 19:15:37+00:00,1,3,4,47,0,88,88,623,0.998828113079071,12,49,0
7de6b1e1626b72ae473def49ccc1764d11323167,2013-05-01 20:49:46+00:00,1,1,2,109,0,154,154,399,0.9989110231399536,0,0,0
8781b56a0ed8e33a90590cdebe84bc09bb4be796,2013-05-02 15:16:19+00:00,1,1,1,36,0,0,0,0,0.0,0,0,0
98114245c686ef7cd62c9932071fd972ad3efedb,2013-05-02 16:46:59+00:00,3,47,45,55,0,240,102,1042,0.9999998807907104,12,44,0
18857a0eedcebbfc40bb1ae431daed935cd51d56,2013-05-03 23:55:48+00:00,3,8,0,138,0,1,1,77,0.0,2,0,0
50e592209fe7a62556bf5a14339135e071e4017d,2013-05-04 20:11:46+00:00,0,8,0,97,0,0,0,0,0.0,0,0,0
efefc6b7784d76d34595fe6f6caa31757f481471,2013-05-07 00:40:13+00:00,1,5,0,106,0,0,0,0,0.0,0,0,0
7aedc6bb22f4c6ab00ab453642b51eb44441047d,2013-05-07 17:01:18+00:00,0,1,1,82,0,0,0,0,0.0,0,0,0
b599886beb58913a906b38394bfcc37040712f57,2013-05-07 17:01:32+00:00,0,5,0,104,0,0,0,0,0.0,0,0,0
88fda942182517ee5cdb2f42a9e0094c5dcf5864,2013-05-09 03:26:49+00:00,1,1,1,47,0,149,149,384,0.9998832941055298,0,0,0
e7786ec14fdf20e8c373eddc9ac0f67d211cb1b9,2013-05-09 08:03:49+00:00,0,1,1,101,0,0,0,0,0.0,0,0,0
2eb682671db4cdcc1fceac0240cb57683f9497ba,2013-05-11 06:46:54+00:00,1,10,4,401,0,42,42,171,1.0000001192092896,0,0,0
053613688bcabb05818403014dc594bfdc2cbe22,2013-05-12 01:04:43+00:00,1,3,2,83,0,42,42,171,1.0000001192092896,0,0,0
9cb3d6444d7c2e2787267874f59c271cd2bcf1be,2013-05-12 01:13:08+00:00,1,2,1,71,0,42,42,172,0.998550295829773,0,0,0
c03e14242b4bc65f6a970de100460eb3f1e14cc2,2013-05-12 01:30:31+00:00,1,2,1,43,0,42,42,173,0.0,0,0,0
4c8af1fff47eea5f52c7b333101c221399c8c613,2013-05-15 11:34:09+00:00,3,49,6,54,0,139,74,766,0.9999999403953552,10,44,0
eacb91afb1c5dee8a6fcdadc9473463008e791c6,2013-05-15 16:43:57+00:00,0,49,6,104,0,0,0,0,0.0,0,0,0
2b6ebd25215b528c2cad3749973084276d9d74a8,2013-05-16 10:58:18+00:00,1,3,1,39,0,65,65,247,1.0,0,0,0
6e76ab7188b2e5f6338b8b15d7d77b69f1627a7b,2013-05-16 15:22:35+00:00,3,25,7,531,0,226,151,918,0.9999961256980896,10,44,0
5943afa25d68e8a6144ac1c46b95d9daae406a31,2013-05-17 06:23:04+00:00,0,25,7,64,0,0,0,0,0.0,0,0,0
538dbaecbea46f0768816590fc21289294612a2e,2013-05-17 07:31:01+00:00,1,3,0,15,0,0,0,0,0.0,0,0,0
7430a49f45cf4922984650b2aece212a0795ffed,2013-05-17 07:31:11+00:00,0,338,60,44,0,0,0,0,0.0,0,0,0
9ce7f0bf5b3cb7f48f7dea76c420554e037e18b7,2013-05-20 14:58:03+00:00,1,4,0,33,0,89,89,215,0.9992455840110779,0,0,0
2afe3b2e99586d7855c53f955a435e8e3c969efe,2013-05-20 19:57:38+00:00,0,4,0,96,0,0,0,0,0.0,0,0,0
f4e7809e7ca98120b468c6567e7a4b228c6c74de,2013-05-20 20:04:08+00:00,0,3,1,82,0,0,0,0,0.0,0,0,0
8f42369aa996dbb2ae6cff767361b8eeb19af500,2013-05-20 20:05:02+00:00,0,15,6,121,0,0,0,0,0.0,0,0,0
569b59f495ec37639b011591bd2b0c11c3e77581,2013-05-20 20:10:23+00:00,2,11,2,6,0,1,1,28,0.0,0,0,0
8eb4243f1217d888c8355351015d7b07841ead9c,2013-05-20 20:10:43+00:00,0,18,7,44,0,0,0,0,0.0,0,0,0
1621015e005e5a8c6c0368846050ef7c5b8b2078,2013-05-21 02:14:54+00:00,0,47,45,71,0,0,0,0,0.0,0,0,0
003c795afed5f3b12c3ea8af12affbeb1218d7da,2013-05-21 08:46:28+00:00,2,11,1,40,1,229,151,937,0.9999924302101135,12,44,0
2aabb71dc8db434122c2e00c9d1313c6f368ce1c,2013-05-21 13:19:48+00:00,0,11,1,118,0,0,0,0,0.0,0,0,0
715a57dec888c850d16b767d7cdab9705fda7292,2013-05-21 17:20:51+00:00,2,4,2,18,0,229,151,939,0.9999961256980896,12,44,0
3b0d8b8e39c5d7ead5f11276a496378a9676aeb5,2013-05-21 17:48:30+00:00,1,1,1,103,0,28,28,115,0.9999067783355713,0,0,3
2a34335dc3efacf545171bf81075c556aae49f5d,2013-05-21 19:30:19+00:00,1,2,1,9,0,78,78,551,0.9993912577629089,12,44,0
fede8e5af3e174a283b3b202770c1062788f487c,2013-05-21 21:25:49+00:00,0,6,3,64,0,0,0,0,0.0,0,0,0
786fe94ac43eacc580d93442097cd3fc64090ffd,2013-05-21 21:27:06+00:00,1,0,1,4,0,0,0,48,0.0,2,0,0
8b55a253b162bdc9347eebdaf3d2d37c04467388,2013-05-21 21:27:15+00:00,0,63,48,44,0,0,0,0,0.0,0,0,0
2ee814d9245b591cbfcc03c385148cdcfbb29723,2013-05-21 21:33:25+00:00,0,1,1,98,0,0,0,0,0.0,0,0,0
9930c9c737f8d7469fceb3a503f333675123668b,2013-05-21 21:43:13+00:00,1,2,2,6,0,1,1,28,0.0,0,0,0
00ab8fbfea52795e5f40b18d4707a9799fcd0688,2013-05-21 21:43:53+00:00,0,1,1,44,0,0,0,0,0.0,0,0,0
e7c9bbb96f8cebe873e26bf2f5f306c130e98e7d,2013-05-23 15:21:29+00:00,1,2,2,221,0,151,151,389,0.9999508261680603,0,0,0
3004ad539875ffc2c9ec5a376af7203189ce6fe1,2013-05-24 15:26:00+00:00,2,2,2,62,0,103,61,414,0.9999954700469971,0,0,0
5e94f38001fdaccda924aab9e5f0ffc064492129,2013-05-24 18:01:30+00:00,3,23,2,109,1,182,79,985,0.9999954700469971,12,44,0
01993d21dc7d6fa8f0acf657425d2fead9b2ddea,2013-05-24 20:14:14+00:00,2,16,9,193,1,121,79,751,0.9999330043792725,12,44,0
3bb13f8fbb9d4ed1a20bd33495cdc087eb062ca0,2013-05-25 16:48:10+00:00,2,14,2,6,0,1,1,28,0.0,0,0,0
2c5ea69e5df963a4914424639b2a7382cf82e4fb,2013-05-26 21:46:36+00:00,1,2,0,28,0,80,80,557,0.0,12,46,0
340931ba8edbbfcd3bc7def1bebc989650b6d05d,2013-05-29 09:57:49+00:00,1,1,1,72,0,0,0,0,0.0,0,0,0
93be6916f98f191eee9ac053994f61e99869735b,2013-06-01 01:19:34+00:00,2,15,17,210,0,100,100,310,0.9996016025543213,0,0,0
f705c41c1d55b1e023226f2803709c17e6b024bb,2013-06-01 01:19:42+00:00,1,1,0,24,0,0,0,0,0.0,0,0,0
961790f95c7c06dc073d882acb28810a22d27b77,2013-06-06 11:15:09+00:00,1,0,4,296,0,89,89,211,0.9983806610107422,0,0,0
767f758aacba8f70721fc1abbeb1d8ad929a084c,2013-06-06 16:02:45+00:00,1,10,1,106,0,91,91,220,0.9993987679481506,0,0,0
2ed976ea7147a9d0c18998e02b16d691b6798a3e,2013-06-08 08:22:15+00:00,7,52,6,28,0,202,61,784,1.0,0,0,0
f53aed16111903d4f1fcce204e4e7a6f1fc09ee9,2013-06-08 10:09:39+00:00,1,18,0,24,0,0,0,0,0.0,0,0,0
73425fbffbee293faa6cf4b2fc8ad1e6bce1b45b,2013-06-08 10:10:07+00:00,1,1,2,47,0,0,0,0,0.0,0,0,0
e63e68ef48e19f260fddbbdfad823770ec2d8d15,2013-06-08 10:13:14+00:00,0,19,2,64,0,0,0,0,0.0,0,0,0
f74d5e96dd6ff73f0313db654091f58557329605,2013-06-08 10:13:34+00:00,0,52,6,80,0,0,0,0,0.0,0,0,0
eec9bdd434f3de1226edfc07772e16753fcb3c2d,2013-06-08 10:14:32+00:00,0,10,5,162,0,0,0,0,0.0,0,0,0
cfd84d74ee9cbd4664fe7b7549b1c762b1f63380,2013-06-08 10:16:21+00:00,0,1,1,70,0,0,0,0,0.0,0,0,0
60b1a0ba134062af7f7ff3baf5feb1f17bba4c95,2013-06-08 10:16:32+00:00,0,2,2,107,0,0,0,0,0.0,0,0,0
d4c461042be26c92f92c891e8c106afbbf91ba8a,2013-06-08 10:17:38+00:00,0,33,5,158,0,0,0,0,0.0,0,0,0
8430e6ccbb0569d42fc50462949d9e4b18144054,2013-06-08 10:18:25+00:00,0,14,0,134,0,0,0,0,0.0,0,0,0
8028103b710e27d6472d1bd4f640dabf84e55123,2013-06-08 10:20:18+00:00,0,16,17,103,0,0,0,0,0.0,0,0,0
70a6d035d93030958a0e3140d6a388f8069211fc,2013-06-08 10:53:16+00:00,0,14,10,111,0,0,0,0,0.0,0,0,0
43a64d9515169c1f8ccb231749aba931fa7a5be8,2013-06-09 15:14:05+00:00,1,1,1,12,0,0,0,0,0.0,0,0,0
df935f5b03c810cf893a598f4c363ae85fec9b23,2013-06-12 18:12:17+00:00,0,1,1,66,0,0,0,0,0.0,0,0,0
a6415cf8956cce8a07b8821b9a4dbb703cd1750c,2013-06-12 22:53:09+00:00,1,6,5,317,0,0,0,0,0.0,0,0,0
ba0db9db862916e199cd8014a20ee0f95d6046fc,2013-06-12 22:56:10+00:00,1,1,0,19,0,0,0,0,0.0,0,0,0
25db83fe85aad88005e227392f7202449f51c7a9,2013-06-15 05:50:44+00:00,0,7,5,73,0,0,0,0,0.0,0,0,0
ecf57cac5ce1d9e365b52ded97e59038287c6a9d,2013-06-18 16:47:23+00:00,2,38,1,28,0,123,62,337,0.9999998807907104,0,0,0
1faa76a86fe170fcab8ddfeb0d069ca10793f8a3,2013-06-18 16:53:28+00:00,1,12,5,37,0,153,153,393,0.9999372363090515,0,0,0
3781c9612553e12e45d97dc111c3f0baef250aba,2013-06-21 09:23:10+00:00,0,50,6,80,0,0,0,0,0.0,0,0,0
d57a5efab342c86e04ddb4608f489e50443cab57,2013-06-22 14:02:18+00:00,1,5,0,39,0,0,0,0,0.0,0,0,0
dcf20c4cfe6de3b0477d08b13ae70d9899f5d88b,2013-06-24 07:48:48+00:00,0,5,0,82,0,0,0,0,0.0,0,0,0
90837359632b43aba7900b65b42744715f0b739a,2013-06-25 22:38:59+00:00,1,1,1,62,0,100,100,257,1.0,0,0,0
a1bb7fb0d2939f4811fd470bdba9d98ca35f4de4,2013-06-25 22:49:04+00:00,0,1,1,105,0,0,0,0,0.0,0,0,0
805abee9b4da8837eab1165eba02b5db889e1fb3,2013-06-27 11:37:39+00:00,1,1,1,122,0,0,0,0,0.0,0,0,0
2b62980e261b0094eeb7ffa05d696c047b5df058,2013-06-27 18:18:56+00:00,0,1,1,91,0,0,0,0,0.0,0,0,0
188e7609b36eb2100abe3a6a5c3bbebcf1205cfb,2013-06-27 20:43:40+00:00,1,2,2,71,0,63,63,242,0.9999998807907104,0,0,0
d9c49ad30d1107591f3b5150da6f95ec90c63784,2013-06-27 21:16:42+00:00,1,28,0,202,0,86,86,606,0.9996436238288879,12,49,0
cdab4fabf448f287f6f537265aa23ac06a080599,2013-07-01 18:49:43+00:00,2,10,0,35,0,179,94,817,0.9999774694442749,12,47,0
a8cf5b85027e523c54d3d496ee5467eac90555bd,2013-07-01 20:48:48+00:00,2,2,2,45,0,179,94,817,0.9999774694442749,12,47,0
7da16c584ae6ab9c87d4aeea857278ee886760f0,2013-07-01 20:54:59+00:00,1,1,0,23,0,0,0,0,0.0,0,0,0
555472bf1e3ab4ad6c2057c93e195427bda5a18b,2013-07-04 09:34:43+00:00,1,1,1,48,0,153,153,393,0.9999372363090515,0,0,0
41517e2111ce964db9f3a102b89eea103f2dc411,2013-07-06 04:04:50+00:00,1,0,5,20,0,0,0,0,0.0,0,0,0
7bdf37bc272da9ef92a8cf4d58ac886f4c6b2da1,2013-07-13 07:55:50+00:00,1,1,1,247,0,0,0,74,0.0,0,0,0
18a736fbe67f5dfd03f95cc9e0d16cda54c9ea4d,2013-07-13 09:08:01+00:00,1,1,0,41,0,0,0,75,0.0,0,0,0
de9d84489be12dd563ceec566e8e80b98c1642fb,2013-07-15 13:21:31+00:00,0,2,1,128,0,0,0,0,0.0,0,0,0
86d466c7459d756ef291a4ecefdba1ff00fde148,2013-07-15 13:22:41+00:00,0,1,1,98,0,0,0,0,0.0,0,0,0
4b7cf389e465ba30a9e0d595c9b0c0bf2fca8a94,2013-07-15 13:22:53+00:00,0,30,2,135,0,0,0,0,0.0,0,0,0
65a0fd88a9a4128ead0b6a1260439b43bbae13f2,2013-07-15 13:54:00+00:00,0,11,0,83,0,0,0,0,0.0,0,0,0
d7e80731981dfaf454cb2227171edf0e32148770,2013-07-16 06:20:23+00:00,1,2,0,13,0,0,0,0,0.0,0,0,0
e0df2168b70799fe3ebb596be6499484dc14360f,2013-07-16 06:20:28+00:00,0,269,70,44,0,0,0,0,0.0,0,0,0
9f119ee420318c113094e15bc5e6d7dbda5c98b0,2013-07-18 21:06:19+00:00,4,24,19,25,0,125,62,427,1.000000238418579,0,0,0
e4b41320e61454ee69f644e99065ab08cce01c8b,2013-07-18 22:00:28+00:00,0,24,19,82,0,0,0,0,0.0,0,0,0
07ad75ee043493809f95e22788e5f85e604f96d4,2013-07-19 08:00:46+00:00,1,3,0,298,0,0,0,0,0.0,0,0,0
32293655ff80c0d6d40ca9d6b6de343f7c3ccc9d,2013-07-19 08:19:55+00:00,0,3,0,127,0,0,0,0,0.0,0,0,0
6f6a920a68d858a89cf8a7a32d6faa1f164738ff,2013-07-19 08:22:11+00:00,1,11,0,458,0,0,0,0,0.0,0,0,0
0df505bd7cd6c256651b5847a1e26e3bbb0d36c5,2013-07-19 09:04:53+00:00,3,4,9,7,0,0,0,0,0.0,0,0,0
39ad5e738849e0370db0e2df29b28f479c5b7335,2013-07-19 09:12:01+00:00,0,73,23,5,0,0,0,0,0.0,0,0,0
e0df4b5f18348e4992e2708d33fc5b3ffcea036c,2013-07-19 11:12:29+00:00,0,4,9,59,0,0,0,0,0.0,0,0,0
8385fb397bf9c4d0af9d9762dc4542b49343a9b3,2013-07-19 13:03:20+00:00,1,3,3,42,0,0,0,0,0.0,0,0,0
c88fd8cc9dabb40d4737f61cbbbb87555ca88a00,2013-07-19 13:37:53+00:00,1,11,11,68,1,0,0,0,0.0,0,0,0
be884341f4b07ed2abb7e08d917949c123397a2d,2013-07-19 13:45:17+00:00,0,11,0,113,0,0,0,0,0.0,0,0,0
949a29c34fbf84f003e3ddf724cd63c25f654ab5,2013-07-19 13:45:56+00:00,0,3,3,87,0,0,0,0,0.0,0,0,0
73635df1b2680e8b4ac7babc0ab0bc004fbb21b7,2013-07-19 20:13:28+00:00,2,25,2,108,0,117,89,753,0.9997966885566711,15,51,3
c25a72ea248358641dd9048f0062d83625cc703b,2013-07-19 20:55:02+00:00,1,12,10,59,1,28,28,125,0.9988372325897217,0,0,3
ca033b83fe0ba8ea5c9424345df85c61fed0f597,2013-07-20 10:12:57+00:00,6,11,11,79,0,0,0,0,0.0,0,0,0
587385bfe0d48da1f33635c23bcb792650e5ef1f,2013-07-20 10:56:25+00:00,5,9,8,68,0,0,0,0,0.0,0,0,0
022c370bcd2d1870469da7b3d0769fa4b33d5ffe,2013-07-20 11:31:37+00:00,1,1,1,61,0,0,0,0,0.0,0,0,0
b738c97ec38c672a61ad91fe17405f18a4b80fbe,2013-07-20 11:39:50+00:00,1,2,2,80,0,0,0,0,0.0,0,0,0
2ef782b8e6a5e9024da4681de870bb54431afda9,2013-07-20 11:54:33+00:00,1,1,1,63,0,0,0,0,0.0,0,0,0
d83919a6f70d15659a71ae92d422c74d97ed90dc,2013-07-20 12:15:06+00:00,0,24,23,83,0,0,0,0,0.0,0,0,0
b84547d78699a3a5c75dbdf2c2e422dbaa83b988,2013-07-20 21:08:35+00:00,1,10,1,42,0,154,154,401,1.000000238418579,0,0,0
5cdcf58b3b57a9407af8280a9ab14f63742e339c,2013-07-22 00:08:47+00:00,1,4,2,51,0,0,0,0,0.0,0,0,0
62f0df4434df363435e3e3a9cac73ddfac4cd07c,2013-07-22 00:09:26+00:00,1,14,2,78,0,0,0,0,0.0,0,0,0
ec6584f2d1fc9c6aaadeb3457ef44b8846607619,2013-07-22 06:04:31+00:00,0,18,4,134,0,0,0,0,0.0,0,0,0
787c1e8c6ef5390a020173b7d2fc787224e32891,2013-07-22 06:19:10+00:00,1,1,0,30,0,0,0,0,0.0,0,0,0
e5597dfcce0dbb82b906e7ac4e72541fd0eff0ec,2013-07-22 07:09:35+00:00,0,1,0,91,0,0,0,0,0.0,0,0,0
4f64938ff02438bf6b1e379371f5182d48397c32,2013-07-22 08:14:37+00:00,2,2,3,125,0,178,153,451,0.9999632835388184,0,0,0
66de6b528d268816d8c4e21a29939b75e8e5c369,2013-07-22 08:31:16+00:00,0,2,3,91,0,0,0,0,0.0,0,0,0
9e771aa79cc3cdf2b625b31148247c05efdf4edd,2013-07-23 01:51:15+00:00,2,8,2,341,0,129,87,789,0.999930739402771,12,49,0
29db7b72161ee8423ce780e421a8913bb3073dfc,2013-07-23 06:13:00+00:00,1,2,0,287,0,87,87,611,0.0,12,49,0
47f5a0db647e89cb6aae510ae29b54887c4c5924,2013-07-23 12:23:11+00:00,0,2,0,141,0,0,0,0,0.0,0,0,0
f71bff12266e14ec451e4448b33cb1204a69e0df,2013-07-23 12:23:35+00:00,0,8,2,120,0,0,0,0,0.0,0,0,0
d2176cf0526ee1965f830f0a6681dbcc9007d52e,2013-07-23 15:23:31+00:00,1,2,1,44,0,87,87,618,0.999880850315094,12,49,0
c0cb698191061630ae8df56ddda660c470bf70e0,2013-07-23 15:48:45+00:00,1,2,3,16,0,87,87,617,0.999880850315094,12,49,0
b65b8c5ed31bd73339a45559f11aa646df8dcab5,2013-07-23 16:03:05+00:00,0,2,2,100,0,0,0,0,0.0,0,0,0
415fb53cb45969f0f4877b95b035f6b864ff7450,2013-07-24 02:39:03+00:00,1,1,4,63,0,87,87,614,0.9996935725212097,12,49,0
012cc33d44073ce2dc93a9b91368cbe6c5246014,2013-07-24 02:58:43+00:00,1,10,25,228,0,88,88,599,0.9982149600982666,12,49,0
c4f16c351c4b639a194ff36f61abebd1ecccf797,2013-07-24 07:57:54+00:00,1,0,4,189,0,87,87,596,0.0,12,48,0
56b5f02551cd65cfc99f7f38c60d36b2cfdfc6e8,2013-07-24 08:18:16+00:00,1,3,1,193,0,87,87,598,0.9987252354621887,12,48,0
82c9aa912efde203080ab33e93725e41d3f28604,2013-07-24 08:37:35+00:00,1,1,0,185,0,87,87,599,0.9988851547241211,12,48,0
f40a1d6a8ad4ea47e4a2b92b9a13a2270c6806cf,2013-07-24 12:25:59+00:00,1,4,1,31,0,63,63,242,0.9999999403953552,0,0,0
7d3d074e6663d8a152f8beb5fc5348e640501cf1,2013-07-24 13:12:10+00:00,0,4,1,80,0,0,0,0,0.0,0,0,0
3becc473665438d82482b54c9596b70ad0ab0315,2013-07-24 15:03:24+00:00,1,2,2,42,0,63,63,242,0.9999999403953552,0,0,0
f401287afb7da663e622a244bbaf22fcc32fca09,2013-07-25 18:10:42+00:00,1,5,0,37,0,153,153,392,0.9981052279472351,0,0,0
972089826e830670cdaec774bb4eb8a3f349b661,2013-07-26 15:50:19+00:00,2,5,1,48,0,154,89,875,0.9999998807907104,15,51,0
77bd9c4a9dc6f405144004fab8f630095263f98a,2013-07-27 01:16:00+00:00,0,9,0,122,0,0,0,0,0.0,0,0,0
286ddb672d3ff39b1807402a7d9ca569a86516d6,2013-07-28 03:08:46+00:00,2,2,11,37,0,93,65,361,0.9999998807907104,0,0,3
9473f15909fb3f2329247812e0d3c661421ceafc,2013-07-28 06:04:34+00:00,0,5,0,81,0,0,0,0,0.0,0,0,0
840540b6b1f07ef87faab73392c03fbef0dcc9fe,2013-07-28 06:16:06+00:00,2,13,17,40,0,142,100,430,0.9999998807907104,0,0,0
79f3e69f5eecdcd2dc09b234d72305a180f149d3,2013-07-28 06:42:17+00:00,3,16,4,44,1,156,155,475,0.9999881386756897,0,0,0
ea2b639d31270003855552a9f0c3617d7878ffd9,2013-07-29 08:28:46+00:00,4,22,13,25,0,206,64,703,1.0000001192092896,0,0,0
37786613e06f055a0495b05940f31531a9afd705,2013-07-29 13:09:07+00:00,1,0,1,44,0,153,153,391,1.0,0,0,0
8d9d9fb06493e322c04d64b9234df0ae218e9500,2013-07-29 20:31:06+00:00,1,1,1,80,0,154,154,400,0.9999445676803589,0,0,0
f75ee9fb6e9c651ce49a438634b6e9ced0560e1b,2013-07-29 21:42:47+00:00,1,2,2,37,0,154,154,400,0.9999502897262573,0,0,0
6ef3710970b23351c9ff3450070ed0abd9e9add0,2013-07-30 17:21:37+00:00,1,4,0,40,0,95,95,227,0.9992455840110779,0,0,0
b5c136152f4184387017ce570d2a499f21b6de14,2013-07-31 04:39:36+00:00,2,61,34,63,0,223,155,662,1.000000238418579,0,0,0
9edba838b3c7891c955b49d680c49b4ee8e64dd4,2013-07-31 05:59:11+00:00,1,6,4,49,0,68,68,251,0.9999998807907104,0,0,0
ee90f0af608a58761e5f1e08ea5ea6a6365651a2,2013-07-31 05:59:51+00:00,1,12,6,292,0,155,155,413,1.000000238418579,0,0,0
d4385f6fc84854d78f838f4eb3a93dd3985242c5,2013-07-31 06:01:56+00:00,1,31,0,29,0,88,88,643,0.9961700439453125,12,49,0
0eccb547a29eda9c04d5e1cef586557846b19e92,2013-07-31 06:02:13+00:00,1,17,0,38,0,90,90,655,0.9995113611221313,12,49,0
852de116ddf7fa2d82a6c3453916acecc2da926d,2013-07-31 07:29:24+00:00,1,0,3,66,0,154,154,400,0.999916672706604,0,0,0
0ab7a52f7c04998ae68ed7da442fce32293e0fb5,2013-07-31 20:42:02+00:00,3,54,87,65,1,311,155,1295,1.000000238418579,12,49,0
3e6e68baa15b94612729db94b46068a354d0a04f,2013-08-01 01:21:28+00:00,0,98,48,134,0,0,0,0,0.0,0,0,0
7eb9a9298e4eecfacd18f355ccd4ea70781c9e31,2013-08-01 01:22:02+00:00,0,4,0,90,0,0,0,0,0.0,0,0,0
6b13ecdc85a54fe9e91d192233168c2b188a856a,2013-08-01 01:22:58+00:00,0,0,1,112,0,0,0,0,0.0,0,0,0
d5a88169268f9674f837d786558802a0b0015a69,2013-08-01 01:23:14+00:00,0,16,4,97,0,0,0,0,0.0,0,0,0
d5fd3d33311aeec0a01c5dc72e475283d0cb53f5,2013-08-01 01:23:34+00:00,0,15,34,155,0,0,0,0,0.0,0,0,0
22701d149ad9585cc01b3f9bda4e78cd77ffb996,2013-08-01 01:23:43+00:00,0,22,13,70,0,0,0,0,0.0,0,0,0
1a6637c2859d4051144050f60d555657d38a010c,2013-08-01 01:25:57+00:00,0,43,16,67,0,0,0,0,0.0,0,0,0
f865d61713d410ffee2a8b35caa64758008144c2,2013-08-01 01:27:01+00:00,0,9,13,71,0,0,0,0,0.0,0,0,0
bd1f1404a0b38837f8f8b3eaf5f27d783bb29362,2013-08-01 01:33:24+00:00,0,28,8,81,0,0,0,0,0.0,0,0,0
abfb38bd57f4d3ed843ef2b350a097ebf3a7c216,2013-08-01 01:36:07+00:00,0,0,3,70,0,0,0,0,0.0,0,0,0
6a3ca7372f33a5d685ab9fb80a38c1316e15696e,2013-08-01 20:08:22+00:00,1,1,0,36,0,0,0,0,0.0,0,0,0
09d97c112642674c4310ec41fdc3e9d8b6978824,2013-08-01 20:09:06+00:00,1,1,0,23,0,0,0,0,0.0,0,0,0
5a26241287162ff592c81dbfbbd013e309c85c05,2013-08-02 11:29:23+00:00,1,6,2,32,0,104,104,270,0.9997530579566956,0,0,0
a05aba10330e73bc8fcc8af08dc8508668e1e0ee,2013-08-02 16:48:33+00:00,0,6,2,77,0,0,0,0,0.0,0,0,0
a5e5a51fb4e7202910172624bcc732700422a738,2013-08-03 18:24:23+00:00,1,2,2,27,0,156,156,417,0.9999498724937439,0,0,0
d3b786399e1a1041426cd6ab6a619b58a86d6300,2013-08-06 15:43:44+00:00,0,2,2,68,0,0,0,0,0.0,0,0,0
9dd823c289faca0d496ef71f25d36216d2259ca3,2013-08-06 18:04:03+00:00,2,10,2,77,0,242,154,1024,0.9996237754821777,12,50,0
b676bf3214fa917f20542b9d3d31577b47a73cc1,2013-08-08 15:48:42+00:00,1,5,4,43,0,88,88,623,1.000000238418579,12,49,0
61617e74ed23d82393509c61aac07bfc5a5ea2e4,2013-08-12 13:20:25+00:00,1,3,0,94,0,157,157,419,0.9999605417251587,0,0,0
2e5a6746019140bf2ef3a497c30c17992de36426,2013-08-14 08:47:44+00:00,1,27,10,127,0,43,43,179,0.9999995827674866,0,0,0
d8268fb7b44da7b8aa225eb1ca6fbdb4f9dc2457,2013-08-14 20:41:08+00:00,0,177,53,81,0,0,0,0,0.0,0,0,0
98680b64f4ec679b788071d1811a2bdcbdd26ac9,2013-08-17 02:38:20+00:00,1,3,0,133,0,97,97,230,0.9997571706771851,0,0,0
3dc61e5d68497d442a83d7ccdc3ad30a55ab5c72,2013-08-17 03:15:18+00:00,0,3,0,112,0,0,0,0,0.0,0,0,0
3bc01eed6f8a112e40ba6fdb79fafef5376c1d4c,2013-08-17 06:17:03+00:00,1,1,1,36,0,1,1,14,0.0,0,0,0
f44b86e03962b08ebf3b77d980ebeb8f11f6f704,2013-08-17 06:27:58+00:00,2,12,0,46,0,250,157,1055,0.9995764493942261,15,50,0
4ffc3e4d1ffe9ab296583cae58150ccc76533d61,2013-08-18 01:06:34+00:00,1,1,1,29,0,0,0,0,0.0,0,0,0
0f402900395416e714d17358f223ca8f6b0d5c8e,2013-08-18 06:26:59+00:00,0,1,1,75,0,0,0,0,0.0,0,0,0
78e5262dbd8a09ccf185c2ad181a15a69ecdf280,2013-08-18 20:01:37+00:00,1,1,1,19,0,0,0,0,0.0,0,0,0
377ac9501a34e628c43ed6ac7d68cc0256a553ce,2013-08-18 20:03:03+00:00,0,1,1,64,0,0,0,0,0.0,0,0,0
148c1b5c13ddabd77b4f25981aaecdbe5c05bf9d,2013-08-19 12:28:05+00:00,1,41,0,32,0,0,0,0,0.0,0,0,0
aeeb0af3a2a09ac652bf1ca765a28750ce5786df,2013-08-21 18:25:20+00:00,0,1,1,82,0,0,0,0,0.0,0,0,0
4b6649e37b154899b335b22654fcc4dda108805c,2013-08-21 18:28:23+00:00,0,3,0,108,0,0,0,0,0.0,0,0,0
09c52e7282f53f7d38cc2ab268043ff232960448,2013-08-21 18:46:27+00:00,0,12,0,109,0,0,0,0,0.0,0,0,0
f040b2aa5d5e278ce8a474a7dac3cf5533b36071,2013-08-23 11:37:03+00:00,1,1,1,46,0,104,104,270,0.9999377131462097,0,0,0
efbae1855bfc44aa57819fa4506dc60fad830f90,2013-08-24 00:23:57+00:00,0,1,1,91,0,0,0,0,0.0,0,0,0
a0ffeaa56e5271878a8532362905328c97c1160b,2013-08-27 14:39:07+00:00,1,1,0,244,0,0,0,0,0.0,0,0,0
e77344345a53c6544420138363df5d793e0f6183,2013-08-27 15:03:33+00:00,0,1,0,122,0,0,0,0,0.0,0,0,0
1aa765825619be338678ec746abd5d312e6eb377,2013-09-01 17:10:09+00:00,1,1,1,38,0,1,1,28,0.0,0,0,0
88011f4032c3c53c2c989c528c1025339f43daa5,2013-09-01 17:46:46+00:00,1,3,0,39,0,0,0,0,0.0,0,0,0
9f42a50742ae9d76088eb528bf73770ae4ee78b3,2013-09-01 18:21:55+00:00,1,3,1,118,0,0,0,0,0.0,0,0,0
d991fb032a7b92e6efe97a32f24b6e6d9ccfe84c,2013-09-01 18:25:04+00:00,0,3,1,104,0,0,0,0,0.0,0,0,0
b9b5be7c4c78e02f83464d8e332a1bf819853b60,2013-09-03 23:16:46+00:00,2,49,1,323,0,195,100,904,0.999687910079956,12,48,0
6c73d864ef82fa0b96cb7aec147a00decef0c17c,2013-09-04 02:42:43+00:00,0,49,1,92,0,0,0,0,0.0,0,0,0
9d0d11a36947d3c1161834b60e14cf33c6db4300,2013-09-04 16:00:03+00:00,1,1,0,42,0,0,0,0,0.0,0,0,0
b891877ee6d76b0a3f8cbf2e7cd34cc4cbc40b6b,2013-09-05 06:44:28+00:00,0,1,0,97,0,0,0,0,0.0,0,0,0
6d0315f78fb27ec92407e50694c7054aa16ad1b1,2013-09-07 02:27:57+00:00,1,4,2,42,0,0,0,0,0.0,0,0,0
2cb523b267df411a97388b147447e75e34880794,2013-09-07 07:16:09+00:00,1,1,1,24,0,0,0,0,0.0,0,0,0
c1eb7027fcad5b0653779155e4fe053843bb95c0,2013-09-08 15:05:00+00:00,0,4,2,86,0,0,0,0,0.0,0,0,0
056da86f6d547c727872f168608ab39a4fdbe16e,2013-09-09 12:21:36+00:00,1,1,1,45,0,67,67,253,0.999894380569458,0,0,0
a829ef9b46b524cf13b40d86288cb338d45665a3,2013-09-10 12:22:29+00:00,1,1,1,26,0,67,67,253,0.0,0,0,0
cde6fdd00f48b2f2c56de38fb1dfd4dce66e8951,2013-09-10 13:43:04+00:00,0,1,1,76,0,0,0,0,0.0,0,0,0
0a52d9405ea23cd9aa7401dcfcebcbc248df3d25,2013-09-11 14:51:57+00:00,1,1,1,33,0,42,42,173,0.9999330043792725,0,0,0
917a15f154c67e8330539fd32cb2604437e01920,2013-09-11 15:16:29+00:00,0,1,1,87,0,0,0,0,0.0,0,0,0
10b6d7794573b8099d944a5acc00d3b316ef12bc,2013-09-12 06:20:47+00:00,2,6,5,41,0,0,0,0,0.0,0,0,0
3440fca2e8ef4ab7d80ee1c0cfd75c92bb3f2b74,2013-09-12 09:13:51+00:00,2,2,2,49,0,0,0,0,0.0,0,0,0
a4cd1a85d6978c79e33d053a87a21314e67a919e,2013-09-12 09:21:54+00:00,1,1,1,12,0,0,0,0,0.0,0,0,0
f0c592b09eff266323f203be3c6bc8226491294d,2013-09-12 09:27:06+00:00,1,1,0,18,0,0,0,0,0.0,0,0,0
d8f2463b576bbec377f371359de360c227481033,2013-09-12 09:29:16+00:00,0,6,4,84,0,0,0,0,0.0,0,0,0
ce6762ff63084c41d0a8fa34fb19fb770cc2a45f,2013-09-12 09:34:34+00:00,1,1,1,29,0,0,0,0,0.0,0,0,0
61421843bc794ce9f12e6c72d0f0d160df7bdbe7,2013-09-13 13:10:09+00:00,1,2,2,35,0,158,158,421,1.000000238418579,0,0,0
c0e9f411fc487d8d406534c0fa3f9ec30924c391,2013-09-13 13:17:41+00:00,0,2,2,86,0,0,0,0,0.0,0,0,0
22e31b4b737c2a3b61b3ab4fccd534b2eee65a87,2013-09-14 03:29:39+00:00,1,3,3,257,1,29,29,119,1.0,0,0,3
9ffc5e6a95e4e814e14252f8ff75bed43dc9919a,2013-09-24 17:31:29+00:00,1,1,1,8,0,0,0,0,0.0,0,0,0
03d844f92611137d05002bca601e90889c8bb0e1,2013-09-24 17:39:09+00:00,0,1,1,91,0,0,0,0,0.0,0,0,0
a2dbf5445642e9ebd0212553c2a1762028dbb734,2013-09-24 17:45:11+00:00,0,44,0,89,0,0,0,0,0.0,0,0,0
58376489afc423f82ca2760900e0d22ca31495b6,2013-09-24 17:45:46+00:00,0,1,1,93,0,0,0,0,0.0,0,0,0
2affd6385e04d7d73704ac7d07d8faebf8afea63,2013-09-24 17:46:16+00:00,0,3,3,95,0,0,0,0,0.0,0,0,0
23ced527f7c66747b92ed11405baec2cef47c27b,2013-09-24 17:48:07+00:00,0,11,2,125,0,0,0,0,0.0,0,0,0
2f39e0e2aa791da13a8358f7a48c0365461029d8,2013-09-24 17:59:38+00:00,9,851,106,11,0,373,92,1276,1.0000004768371582,1,0,0
c64c0ab1215168adf2384888f3d52bd99217d723,2013-09-24 18:06:24+00:00,1,6,0,34,0,44,44,184,0.9999995827674866,0,0,0
12760f2295e332111abcd2a96e17ef41ad4640d6,2013-09-24 18:08:28+00:00,1,1,1,9,0,0,0,0,0.0,0,0,0
54ad646067a3e023fd4dcf40c0937ec46069871f,2013-09-24 18:13:28+00:00,0,1189,208,22,0,0,0,0,0.0,0,0,0
2d283c9f2ddc8a7c1429317f5e521671349839b2,2013-09-24 18:17:17+00:00,1,1,1,5,0,0,0,0,0.0,0,0,0
94da24e387776266e4f1ef3fdb2217fdf71d056d,2013-09-24 18:19:07+00:00,1,2,2,6,0,1,1,28,0.0,0,0,0
62925fb668597e8e7a24e97aa25af1c4cf786872,2013-09-24 18:22:02+00:00,1,1,0,16,0,0,0,0,0.0,0,0,0
53ba629a232ae969ed68de2432c215dc73d6874f,2013-09-24 18:26:31+00:00,1,4,0,14,0,0,0,0,0.0,0,0,0
c93419f5125b2e836507eb243531985383faa8b6,2013-09-24 18:31:00+00:00,1,3,3,13,0,44,44,184,1.0000003576278687,0,0,0
58eacfa1adf1639125694cfbeed220d711f3e7c5,2013-09-24 18:31:13+00:00,0,4,0,59,0,0,0,0,0.0,0,0,0
4f463e897afb15db253994829af24928cf4f4535,2013-09-24 18:31:25+00:00,0,4,0,44,0,0,0,0,0.0,0,0,0
b8a88351518ada5d3da4629143e2c98d3a406d5a,2013-09-24 18:41:39+00:00,1,1,1,10,0,0,0,0,0.0,0,0,0
4401620111bee0a7319bf1cb4bd0852f7c854bf6,2013-09-24 19:08:12+00:00,2,15,4,23,0,0,0,0,0.0,0,0,0
fbb8d32c4eda57c56ce4dee222f863d4cc44405b,2013-09-25 01:35:22+00:00,1,64,0,27,0,0,0,0,0.0,0,0,0
a17f5592f8ea3f73314a558e8a05aaa14627c49f,2013-09-25 01:59:04+00:00,1,6,0,50,0,0,0,0,0.0,0,0,0
768b175feeefeb85fe8d18f6ab85f980d91c4ebd,2013-09-25 02:02:18+00:00,0,70,0,83,0,0,0,0,0.0,0,0,0
9968a10fcfad7268b552808c4f8946eecafc956a,2013-09-25 13:00:17+00:00,1,1,1,18,0,0,0,0,0.0,0,0,0
3501ea463432400c77479dddedab3b7af967b618,2013-09-26 06:40:12+00:00,1,22,17,57,0,31,31,123,0.9999997615814209,0,0,3
1d1831ba40fe53a37e5ab87e9913dd1c52349066,2013-09-27 13:17:40+00:00,1,1,1,21,0,158,158,423,0.9995126724243164,0,0,0
39fe0068aa657764778782ce4ca11d5e3ee08c66,2013-09-28 07:33:05+00:00,2,13,0,52,1,171,101,937,0.9999998807907104,15,50,0
373166d833aa5e89d38859f11be59ad3aaba5a1d,2013-09-28 07:41:08+00:00,1,17,22,13,0,29,29,119,1.0,0,0,3
d22eaf96e2a1c64bc29579a072f67d2a9c758ef8,2013-09-28 14:44:27+00:00,2,20,8,11,1,172,103,491,0.9999998807907104,0,0,0
8b7fcfb49a38cd6ee1cbb4a52e0a4af57969abb3,2013-09-28 14:46:43+00:00,1,5,4,44,0,45,45,185,0.9999386072158813,0,0,0
0051837af4fb8b21aac101cbb91f2f81a1853013,2013-09-28 16:01:32+00:00,1,5,4,38,0,68,68,254,0.9999147057533264,0,0,0
012f0334ce43fe23044fc58e4246a804db88650d,2013-09-28 16:08:58+00:00,2,10,20,66,1,169,100,486,0.9999998807907104,0,0,0
c8fc19a7799f34915a9a9e1ccfa2cb99ecd404da,2013-09-28 17:27:20+00:00,1,2,1,22,0,0,0,0,0.0,0,0,0
af4fb8cedca7c331b8c914a40c477a2cb02055e1,2013-10-01 00:07:13+00:00,1,9,6,236,0,158,158,426,1.000000238418579,0,0,0
82e670672295c5cf197620b146782c8ffd60bacf,2013-10-04 01:19:33+00:00,1,4,1,148,0,0,0,0,0.0,0,0,0
4291f76c9939a15838feed0b64230f4197ba844b,2013-10-04 06:07:11+00:00,2,9,1,85,0,46,45,202,1.0000003576278687,0,0,0
c9bee155c2453f0059daed7f4b7c65372a5d46f5,2013-10-04 06:14:26+00:00,0,9,1,139,0,0,0,0,0.0,0,0,0
953b234aff2fd0c4196c996f889811e6d0f37a76,2013-10-04 08:55:19+00:00,0,4,1,78,0,0,0,0,0.0,0,0,0
c8a68334a7523faf5f09b3f9b1e1cca658c2aba6,2013-10-05 03:53:34+00:00,1,1,1,33,0,84,84,354,0.0,0,0,0
f9b7d92b9189a210d12cd6bd38847b19394eec44,2013-10-05 03:55:14+00:00,1,1,1,23,0,0,0,0,0.0,0,0,0
8370e664649af8902658e3079b49307c9d395554,2013-10-05 03:56:11+00:00,1,1,1,21,0,1,1,28,0.0,0,0,0
4656c9b89b61d8ba16cd117c611d2a878c572053,2013-10-05 03:57:18+00:00,1,1,1,21,0,0,0,0,0.0,0,0,0
5c92c72e2cd18010048af1a3028a80e808ad4ec6,2013-10-05 03:59:47+00:00,1,1,1,27,0,158,158,423,0.9999881386756897,0,0,0
6087015f1c66941ea6e8f9be02ce0ef8054f5595,2013-10-05 14:10:27+00:00,1,1,1,19,0,0,0,0,0.0,0,0,0
36485983caa62437ced58dc0c8a4e974a1103c13,2013-10-05 14:11:30+00:00,1,1,1,21,0,0,0,0,0.0,0,0,0
56c82c52b060cada1b2dbd1f85fc1352ca6804a7,2013-10-05 14:12:18+00:00,1,1,1,21,0,1,1,28,0.0,0,0,0
48f59aa1f7587fbcb97df1b55aee356a94735b72,2013-10-05 16:49:54+00:00,1,1,1,21,0,84,84,354,0.0,0,0,0
d8180f5dac06532e90c8ace09d0713148a58d2f9,2013-10-05 17:02:46+00:00,0,4,4,110,0,0,0,0,0.0,0,0,0
66339b21fa45404b28812bb6d86408acf3f9cc81,2013-10-07 14:43:48+00:00,1,1,2,91,0,0,0,0,0.0,0,0,0
5bf396d5d12bf9debc667a509c84f640560da517,2013-10-07 17:23:16+00:00,1,22,1,19,0,76,76,263,0.9999997615814209,0,0,0
45873e2a0abb29b848948fd9473c594215ecf835,2013-10-07 20:45:11+00:00,0,1,2,90,0,0,0,0,0.0,0,0,0
3246fc088a18e61b86847dd6cc4dac9bfda4ecb2,2013-10-07 23:21:16+00:00,0,9,6,103,0,0,0,0,0.0,0,0,0
14c12fb15174794f58daf4e2cea1ea7531f9678c,2013-10-07 23:21:29+00:00,0,5,4,82,0,0,0,0,0.0,0,0,0
318ca102cd591da32476b1c1b5171b3630170861,2013-10-07 23:22:49+00:00,0,20,4,77,0,0,0,0,0.0,0,0,0
43477edc91a8f49de1e9d96117f9cc6d087e71d9,2013-10-07 23:23:18+00:00,0,5,4,92,0,0,0,0,0.0,0,0,0
f12584b94ae06d48ce4125de4d29feb283d2d62c,2013-10-08 02:17:46+00:00,1,19,0,31,0,102,102,691,0.9997395277023315,19,50,0
a4605fe32426bcc404ab1eb4ea4b0dde9238a3e8,2013-10-08 02:17:59+00:00,1,1,6,38,0,74,74,259,0.9993765354156494,0,0,0
0bb8be0e5ba58dfff9648b4058acaa927837e605,2013-10-08 02:43:21+00:00,1,9,2,47,0,98,98,237,0.9971684217453003,0,0,0
f32b86dba217578bc2d52473a807b0cae4f69cd3,2013-10-08 18:19:30+00:00,1,1,1,18,0,0,0,0,0.0,0,0,0
025543b604531fe8f106d87661d14b448ef8e7e9,2013-10-08 18:36:12+00:00,0,1,1,68,0,0,0,0,0.0,0,0,0
13a6e02ccd0b932b9cf8b8eb88cdb47ee118bbd1,2013-10-10 18:54:47+00:00,2,33,1,281,1,209,106,975,0.9999897480010986,15,50,0
2c2af651c4ae9327d11d159aaff10aa2ba4be335,2013-10-10 19:08:34+00:00,1,1,0,29,0,0,0,0,0.0,0,0,0
8d63577b78d37b49f1b3b1f9a6eb11f7de2d754d,2013-10-10 19:11:14+00:00,0,34,1,140,0,0,0,0,0.0,0,0,0
21c9680a1132ec20aea5c56e2657163e175615f8,2013-10-10 22:13:51+00:00,1,1,0,144,0,0,0,0,0.0,0,0,0
097121d21400a1dc958fef764eef27eab3556d79,2013-10-10 22:45:14+00:00,0,1,0,75,0,0,0,0,0.0,0,0,0
df7aece2c8aef689a4b1f71126b93a5f09a3d168,2013-10-11 01:43:18+00:00,1,4,0,44,0,98,98,237,0.9999053478240967,0,0,0
6632fb87c0eceed91d48f2bf84144cd4d24f77b8,2013-10-12 01:42:52+00:00,1,1,1,8,0,98,98,237,0.9999053478240967,0,0,0
bea206018211ef77955dfeb1e982bd3530b1fe60,2013-10-12 20:05:34+00:00,1,2,2,29,0,157,157,426,1.000000238418579,0,0,0
3f84190a7b9a98642afafd8c285f16b9af569833,2013-10-12 21:15:30+00:00,0,2,2,85,0,0,0,0,0.0,0,0,0
31c0962e83c8f3b043b3faceff880f69a9a4dbdc,2013-10-13 08:53:44+00:00,1,32,20,47,1,47,47,196,1.0000003576278687,0,0,0
9606f0240b8e0ce5f64e9659c2161a91c8dc6b60,2013-10-13 08:54:01+00:00,1,2,1,28,0,47,47,197,1.0000003576278687,0,0,0
17dd3c0a76893736917a1e0156b36df0877587d9,2013-10-15 09:33:51+00:00,1,1,1,10,0,158,158,423,1.0000001192092896,0,0,0
65ec319f0164489d1fe0484f7df3d1917ea7b4bb,2013-10-15 09:47:55+00:00,0,1,1,55,0,0,0,0,0.0,0,0,0
3d0a1eb90d67d6489feb76fd548df0416ec9c73b,2013-10-16 20:59:22+00:00,1,4,6,128,0,0,0,0,0.0,0,0,0
2ec1bdd0ab23dedcd9a37fb464e721b505e22134,2013-10-16 21:10:31+00:00,0,4,6,78,0,0,0,0,0.0,0,0,0
c8d3dcb315bbda047e90eceef37924b1b89d221b,2013-10-16 21:11:54+00:00,1,2,1,18,0,0,0,0,0.0,0,0,0
f35363e58428e80b9c9f07e96bf421b2080f1a64,2013-10-17 05:47:00+00:00,1,2,2,29,0,0,0,0,0.0,0,0,0
011f6dac820a644a9a09c8751f4aea374f5567c6,2013-10-17 05:47:39+00:00,0,170,36,44,0,0,0,0,0.0,0,0,0
c05b1bfca98cb15e09fea5e720b91165af59a593,2013-10-17 05:51:50+00:00,1,1,1,17,0,0,0,0,0.0,0,0,0
ab8e43a19677dd04f86d51250770efe65987b914,2013-10-17 06:32:16+00:00,1,4,3,33,0,0,0,0,0.0,0,0,0
e91ee0e2461cc9b6822e7c3cc422038604ace08d,2013-10-17 06:33:05+00:00,0,0,0,44,0,0,0,0,0.0,0,0,0
8a42d5fb41cbca27f64ced4b8f087fb1001fac23,2013-10-18 17:34:29+00:00,2,11,3,47,0,261,157,1125,0.999916672706604,15,50,0
333ac101baffd01c6eca1c4c61b1d620e4d8ca70,2013-10-20 07:46:41+00:00,1,2,1,40,0,157,157,427,0.9998980164527893,0,0,0
b5d2160ef8e5eb0b163a69e33f5deb31ecfabd32,2013-10-20 17:17:54+00:00,1,2,2,13,0,157,157,427,1.0000001192092896,0,0,0
6a24eb6d20c6747669ecd6d8bda3924a384d4648,2013-10-20 17:29:43+00:00,1,12,0,34,0,0,0,0,0.0,0,0,0
ff2b496e2d4d46ac351596dcd07654fb277d6b99,2013-10-21 08:31:50+00:00,0,12,0,83,0,0,0,0,0.0,0,0,0
741fd3ded57be6a18e826238bc85c9145d19011e,2013-10-21 10:57:06+00:00,1,7,7,77,0,0,0,0,0.0,0,0,0
0cd6959f1907dc50423ca147fa797f17a64d26af,2013-10-22 20:48:04+00:00,2,2,1,73,0,68,68,255,0.9999412894248962,0,0,0
76be17b00ac8e6f16e0a7e987a15b5d36e6bab01,2013-10-22 21:15:41+00:00,1,1,1,61,0,157,157,426,0.9999996423721313,0,0,0
6b975cbd82492e1a986ce74d65464c521fa4447e,2013-10-22 21:19:47+00:00,0,1,1,130,0,0,0,0,0.0,0,0,0
d9ec7000db3a5a76870eec5e74ed96453ce3f2c8,2013-10-24 11:10:14+00:00,0,2,1,135,0,0,0,0,0.0,0,0,0
1a9f0be6df1c273f750c7abe56b404d4c5e0762d,2013-10-24 13:40:39+00:00,1,4914,3238,83,0,0,0,0,0.0,0,0,0
e1e6255b488face3c71da9c05b6a861f71e9887b,2013-10-24 13:44:26+00:00,0,4914,3238,76,0,0,0,0,0.0,0,0,0
e81357449787799ecc4afac44c661e1db18babf9,2013-10-24 13:47:31+00:00,1,0,11,21,0,0,0,0,0.0,0,0,0
3b35f1c37d05107f7c6ec3e02e8ba16d5b82171a,2013-10-24 13:53:00+00:00,2,23,32,29,1,0,0,0,0.0,0,0,0
54692912961641565f6e8ab0fe5e2524ee0d72b0,2013-10-24 13:54:14+00:00,1,4,2,9,0,0,0,0,0.0,0,0,0
3d59569264b6f84258bcb92f580db072ab9dd68f,2013-10-24 14:00:49+00:00,2,8,2,6,0,1,1,28,0.0,0,0,0
f045979f8d942326a82ae87e2b5627f51cd5f45b,2013-10-24 14:26:47+00:00,1,3,1,13,0,0,0,0,0.0,0,0,0
c244f8ea8770d0a20d4548b9a66d342e67189e3a,2013-10-24 14:28:30+00:00,1,4,0,29,0,0,0,0,0.0,0,0,0
db108a19c84b1f4238daadeda8234dfda9b61ca1,2013-10-24 14:29:11+00:00,0,14,2,57,0,0,0,0,0.0,0,0,0
df272b7740d970a97ad243c061863892e072661a,2013-10-24 14:31:05+00:00,9,247,163,28,0,331,93,1279,1.000000238418579,1,0,0
dd777b3d7e8975ec6927dc9cc15b881778d39bc8,2013-10-24 14:32:05+00:00,1,1,0,42,0,0,0,0,0.0,0,0,0
52fe3f790e2809aec3584f93e3eb1aebd78fbb17,2013-10-24 14:35:40+00:00,0,2,1,97,0,0,0,0,0.0,0,0,0
6e52b5fe41f68a47059b7720cf5737c392220bce,2013-10-24 14:38:52+00:00,0,11,3,93,0,0,0,0,0.0,0,0,0
afa7594a2064dd019c968e42ec708561a992c433,2013-10-24 14:54:45+00:00,1,0,3,32,0,0,0,0,0.0,0,0,0
7b5c11f66bf22a31f1ee32999c5bb460caaa1be5,2013-10-24 14:54:48+00:00,0,13,4,44,0,0,0,0,0.0,0,0,0
e8683f00a601a59e971e5a31dbb4328f7e5d4acb,2013-10-24 20:14:46+00:00,1,30,0,33,0,0,0,0,0.0,0,0,0
ded42e649866328892c4b167fbd1cc7d75ddc5ce,2013-10-24 21:58:30+00:00,2,13,0,10,0,0,0,0,0.0,0,0,0
3d8d465a90826b82580e11a2ee618a36cc8a5129,2013-10-24 22:00:52+00:00,2,2,2,13,0,0,0,0,0.0,0,0,0
cb0d4efba295614436e4706a871e585f78226a6f,2013-10-24 22:01:50+00:00,2,2,2,8,0,0,0,0,0.0,0,0,0
592fb34a3d7091f7c8bea3dc3c555f52b5e2a7fd,2013-10-24 22:05:24+00:00,1,1,0,19,0,0,0,0,0.0,0,0,0
1f83ccb3084b67a357e1026cd1f96999e8f832ac,2013-10-24 22:07:47+00:00,2,3,23,11,0,0,0,0,0.0,0,0,0
25f86f13476e5fc2394dd0ef5152d34c62252042,2013-10-24 22:09:12+00:00,1,1,3,16,0,0,0,0,0.0,0,0,0
6931bd67153f92246c2fdd69d2c0ec29c13bb885,2013-10-26 09:14:19+00:00,1,22,17,73,1,31,31,123,0.9999997615814209,0,0,3
aa60b8ea5b570d2873c72e642f44eefe5286a096,2013-10-26 10:38:11+00:00,1,161,182,54,0,102,102,680,1.0000001192092896,164,52,0
3488f3ade7819c79f3628ef2c87aff6e0f2f3946,2013-10-26 23:43:08+00:00,1,9,3,50,1,0,0,53,0.0,2,0,0
a501b0ca81e340fb2c968e1cabc37565187006f7,2013-10-28 16:51:56+00:00,1,2,1,17,0,106,106,282,0.999811053276062,0,0,0
c4a7760ca6fb1f9f78793757bb98429dad55cd7f,2013-10-28 17:31:59+00:00,0,9,3,67,0,0,0,0,0.0,0,0,0
2d5542502bdd2c122abb67a1b4901c6ddf568454,2013-10-28 17:32:09+00:00,0,161,182,103,0,0,0,0,0.0,0,0,0
55ad38964b3f73d9a5c2d123a127e29040976a4b,2013-10-28 17:32:21+00:00,0,22,17,81,0,0,0,0,0.0,0,0,0
129ee3510f84d62a820295dfeb54edd945a03409,2013-10-28 17:34:07+00:00,0,30,0,84,0,0,0,0,0.0,0,0,0
2c1f51be0e840ea18ff1fee7998b16b961c0b412,2013-10-28 17:36:04+00:00,1,14,13,37,0,0,0,0,0.0,0,0,0
a9839dc7db7400b61d0d52003a659d4d02ab73ac,2013-10-28 17:36:08+00:00,0,222,202,44,0,0,0,0,0.0,0,0,0
ebdd5cabab290033add5cd4a516514c658e6484c,2013-10-28 17:39:04+00:00,1,14,13,24,0,0,0,0,0.0,0,0,0
2e196be143035fa6d03743d6ca95a2904572f12a,2013-10-28 17:40:52+00:00,0,2,1,70,0,0,0,0,0.0,0,0,0
2bbd7ba1c2c5a56c0957be64b5f94f6a4b0243ca,2013-10-29 14:18:03+00:00,1,5,1,11,0,72,72,259,0.9999998807907104,0,0,0
e3c771f36bbec5d116181229b58182435a2da461,2013-10-29 16:58:01+00:00,1,8,0,32,0,107,107,706,0.9999603033065796,170,55,0
b149be5d864cc7f65ac22113db3d0e4d2ed2b49e,2013-10-30 08:35:54+00:00,3,18,0,46,0,264,159,1124,0.9998674392700195,166,52,0
a9ec28a1b4288e6368f855f442817633d3a7f7da,2013-10-30 08:35:54+00:00,3,15,0,38,0,355,158,1381,0.9998602867126465,164,52,0
a8300c0ae6dd7e6b1655cf80b349e0bf645ff694,2013-10-30 17:17:26+00:00,0,15,0,91,0,0,0,0,0.0,0,0,0
0228851f19aaf4b0f620c74cb08d295329431a3e,2013-10-30 19:32:19+00:00,3,0,15,185,0,352,157,1369,1.000000238418579,164,52,0
20f802764142a1886db239ff7b147e3b5433e5f9,2013-11-01 09:20:22+00:00,1,2,2,19,0,157,157,427,0.9999915957450867,0,0,0
c86de38780779aeb7bd7da125409fd7a1176aeb2,2013-11-01 09:21:01+00:00,0,2,2,62,0,0,0,0,0.0,0,0,0
9ffcbb82a2d6a49939d52fe95f494488d4b6b7c6,2013-11-01 11:14:05+00:00,1,1,1,15,0,157,157,427,0.9999915957450867,0,0,0
edf7e5f42062dd8ff65ae05e9bbbc7a3bc3d156a,2013-11-04 01:59:24+00:00,1,1,1,23,0,46,46,188,1.0,0,0,0
1ba83c47ce7b177efe90d5f51f7760680f72eda0,2013-11-04 02:16:21+00:00,0,1,1,72,0,0,0,0,0.0,0,0,0
495f87363b3a8b5856850aea5db15df15d597f77,2013-11-04 09:32:45+00:00,1,2,2,11,0,8,8,22,1.000000238418579,0,0,0
1511dfa637643bae5b6111a20ecb80ec9ae26032,2013-11-04 13:32:17+00:00,3,11,3,49,1,179,103,961,1.000000238418579,165,52,0
3ef41153498917bc4d01123b2f7a8fbd8e7bcf63,2013-11-04 18:53:41+00:00,7,152,107,27,0,348,94,1150,1.0000001192092896,2,0,0
c4772423769299fcc7a6f8ad97cc825411a13ad0,2013-11-04 18:54:42+00:00,1,1,0,25,0,0,0,0,0.0,0,0,0
598f977df4f52b1d778a40cf4243dd93e486a58a,2013-11-04 21:55:58+00:00,0,153,107,66,0,0,0,0,0.0,0,0,0
7ccbcd28f0806e95786cc1ed82ee1e348a5a3ec0,2013-11-04 21:58:12+00:00,0,9,1,57,0,0,0,0,0.0,0,0,0
e40c1637c915e112fabaffb39fcd73beed56ff4b,2013-11-05 07:09:49+00:00,2,23,7,92,1,176,106,505,0.9999998807907104,0,0,0
30018e604c0f89a0dad7d8b7e6f2a227916ee8c9,2013-11-05 07:15:35+00:00,1,2,3,22,0,106,106,248,0.9995325207710266,0,0,0
1adba3c9e94a7408584d0d819da6aa47b34ed0bd,2013-11-05 08:00:01+00:00,3,11,8,100,0,283,107,1212,0.9998666048049927,171,55,0
5fcaf45c33c35aa36794bddf97da82545ada5fff,2013-11-05 09:00:23+00:00,2,12,9,50,0,216,109,961,0.9999998807907104,170,55,0
8b2255d0f8b0bb472ec2193e4ac5c4d28336a5eb,2013-11-05 16:10:27+00:00,1,2,2,20,0,109,109,255,0.9998384714126587,0,0,0
8eb40c777e4a5d0967205404a170615eb96ca237,2013-11-06 09:52:48+00:00,1,2,5,22,0,108,108,252,0.9997449517250061,0,0,0
a123f8351dc9f7ddfb06c5fafb25fedf6d119ff1,2013-11-06 19:19:31+00:00,0,13,2,132,0,0,0,0,0.0,0,0,0
5b30e960eb6ebb62f22c52653f4b134e917594a2,2013-11-07 00:39:56+00:00,1,7,1,69,0,114,114,741,0.9999910593032837,179,56,0
512beb8795f49ed474e3d679dda9524853853378,2013-11-07 02:01:27+00:00,2,44,1,141,0,266,162,1140,0.999758780002594,168,55,0
8bfe0d873f382ec92e4000084bb7e00505bc29b2,2013-11-07 02:52:21+00:00,3,14,11,98,0,271,163,847,1.000000238418579,0,0,3
86bdd85c4af7b61073e6004d958279524cc03eb9,2013-11-13 19:09:49+00:00,2,6,0,14,0,0,0,0,0.0,0,0,0
abf96670cea9b9b9e4699323f25c9d92d3a397f2,2013-11-14 13:23:45+00:00,1,2,1,30,0,0,0,0,0.0,0,0,0
bcb10af64fef2dbf0aeecb07bd5f6458b6a1b65d,2013-11-15 09:33:03+00:00,0,18,0,93,0,0,0,0,0.0,0,0,0
42bffb575d148e126234a986476e8324ad5bc680,2013-11-15 09:33:38+00:00,0,8,1,49,0,0,0,0,0.0,0,0,0
afaed3343ab732904fb46eddb28d255bb31ce0e5,2013-11-15 10:00:18+00:00,3,5,0,24,0,0,0,0,0.0,0,0,0
947375e982482de23bf74eac7d84140126862ac5,2013-11-15 18:51:47+00:00,0,5,0,73,0,0,0,0,0.0,0,0,0
4b69798796feeca5dc5c13643ce39d57de11ac70,2013-11-18 02:38:15+00:00,2,11,0,37,0,0,0,0,0.0,0,0,0
0c88ae42e637223cfc7f82fb37995ddfdebf199e,2013-11-18 02:39:01+00:00,1,1,1,7,0,0,0,0,0.0,0,0,0
cfbbd15de72a616fd9c648e1a0724acf2528db1b,2013-11-18 21:32:59+00:00,1,1,1,29,0,102,102,239,0.9978827238082886,0,0,0
8c8938e8cb7ffded42cf463f652831ca7e88e5fc,2013-11-19 09:59:22+00:00,2,9,4,44,0,114,68,448,0.9999618530273438,0,0,0
4972133a9bcbf98182a26d796e98c74453a224f9,2013-11-19 10:54:46+00:00,2,4,8,26,0,114,68,444,1.000000238418579,0,0,0
248c9ec53f50cf6a7fdbc68d319f97cc358bb141,2013-11-20 08:58:21+00:00,0,1,1,72,0,0,0,0,0.0,0,0,0
af921c7f515fdd466c0c89879b688ac203bfe981,2013-11-20 09:01:26+00:00,0,44,1,104,0,0,0,0,0.0,0,0,0
8a4c83022abdf552ac7f79282115f45ce8b8ef5a,2013-11-20 09:02:38+00:00,0,11,0,89,0,0,0,0,0.0,0,0,0
3327652623415cfa408ef54898071f28e9600ef6,2013-11-20 09:05:15+00:00,0,7,6,86,0,0,0,0,0.0,0,0,0
470af31f4a5e9edfae1c818f5104ee83f5f541cb,2013-11-24 11:09:00+00:00,1,7,1,23,0,70,70,256,1.000000238418579,0,0,0
3369d87da96e38772faa773b755189320ab5b81c,2013-11-24 11:13:49+00:00,1,2,3,31,0,70,70,255,1.000000238418579,0,0,0
3a9d9f22791dfe8947d9b08ff83c80a5ed49bd95,2013-11-25 13:29:53+00:00,1,9,0,402,0,33,33,130,1.0000004768371582,0,0,3
e5b9ae1f8e02604fd5732631d6d3ba62e6851d3b,2013-11-25 19:40:00+00:00,0,7,2,80,0,0,0,0,0.0,0,0,0
340b2459031feb421d678c3c75865c3b11c07938,2013-11-25 19:40:10+00:00,0,9,0,120,0,0,0,0,0.0,0,0,0
c26a6c310cf8489bb55be5b4b9899d06a2bddda9,2013-11-26 06:38:48+00:00,1,1,1,20,1,70,70,255,0.0,0,0,0
b825bbd4a21d7d6e2a0ce17527b25139b26808a2,2013-11-27 02:41:15+00:00,1,10,1,26,0,16,16,56,0.9995089769363403,0,0,0
847735553aeda6e6633f2b32e14ba14ba86887a4,2013-11-27 17:23:40+00:00,0,10,1,80,0,0,0,0,0.0,0,0,0
e45d4253436ecc282f4b546ec632fdb6681bc725,2013-11-28 18:32:12+00:00,1,15,0,18,0,0,0,0,0.0,0,0,0
dc31c1133994d7b9f94bd7077d69388bae03e403,2013-11-28 18:37:45+00:00,1,2,0,16,0,0,0,0,0.0,0,0,0
649dac1029ad51e01091a06feac81f199249cfc3,2013-11-29 06:28:47+00:00,1,1,1,924,0,33,33,130,0.9999997615814209,0,0,3
fecb35a08ec77d6392bdc609ab1ea21943e40228,2013-11-29 08:37:25+00:00,2,10,2,32,0,140,107,835,0.9999997615814209,170,56,3
92d3616b02fc0ce5b1a89d884a4b1c7d602cb364,2013-11-29 16:44:13+00:00,0,0,0,56,0,0,0,0,0.0,0,0,0
4f786e4f6240d3518d1add2faf49166301580732,2013-12-01 10:23:09+00:00,1,12,0,16,0,109,109,709,0.999846339225769,172,55,0
e2961b9f91e55199fac9d67f82180d06b0a7be35,2013-12-01 10:28:49+00:00,1,3,2,43,0,106,106,283,0.9991726875305176,0,0,0
2c914126ba0c4865dc37c0a70f481091112a7dac,2013-12-02 21:32:29+00:00,2,31,5,88,0,219,112,1005,0.9996446371078491,173,55,0
9ec222c363b226e908a9d72018e2f467952da52f,2013-12-02 21:40:26+00:00,2,11,0,45,0,108,108,713,0.9997884631156921,176,55,0
f9a48e0f0b79c1f6dc148b1abc6a2622c48b1ab1,2013-12-02 21:42:20+00:00,1,1,0,28,0,0,0,0,0.0,0,0,0
39841562c5a5d34ed6bebbf733f97b95d57977ca,2013-12-03 03:14:41+00:00,1,23,4,137,0,121,121,785,0.9964140057563782,197,56,0
6140d082416eb70730940181fe19b723d72e0311,2013-12-03 03:15:01+00:00,1,3,1,44,0,108,108,254,0.9993987679481506,0,0,0
6ac70450dc4c5099ec01cb7d9bf1a1ab653370b4,2013-12-03 03:15:16+00:00,1,1,0,20,0,0,0,0,0.0,0,0,0
617bc8cc1c1b34b11954cf9e4caec3a25a07167b,2013-12-03 15:17:36+00:00,1,8,0,110,0,0,0,0,0.0,0,0,0
8aff6f5ed0aca2dbe5b2eba242f0e3b96285c700,2013-12-03 15:23:08+00:00,3,52,17,71,0,225,117,1029,0.9999998807907104,177,55,0
f0d3edf4090f3228f576cee665e3135052fbf303,2013-12-03 15:30:47+00:00,1,1,0,16,0,108,108,715,0.9995324611663818,178,55,0
0eccd7a856bb8cbc73ff0bf2747ded4ed8098fed,2013-12-03 15:34:02+00:00,0,3,0,74,0,0,0,0,0.0,0,0,0
61313903453ee68677c5afe0a8cb3e26f8215f9c,2013-12-03 15:41:07+00:00,1,0,1,88,0,108,108,714,0.9999998807907104,177,55,0
ef5875cc19d8ca34a37662f53e196944595874d8,2013-12-03 16:00:25+00:00,2,73,38,336,0,233,126,1053,0.9999313354492188,197,56,0
3e66f08db7ea5d564066af9b443832d87dce3aa5,2013-12-04 01:02:25+00:00,0,8,0,98,0,0,0,0,0.0,0,0,0
8b88549bb78350b6918e13af5df8a03a2572bee7,2013-12-04 01:33:33+00:00,0,35,5,59,0,0,0,0,0.0,0,0,0
5c915451e70963eb3a468bf9752f853696f0023b,2013-12-04 01:33:42+00:00,0,36,1,81,0,0,0,0,0.0,0,0,0
a030a583031ac8b285d8d9a4cd0fe0f08c37d66f,2013-12-04 01:33:59+00:00,0,10,2,74,0,0,0,0,0.0,0,0,0
b2cee7bee85df2ca088492db9aa3c67dfd2faf8f,2013-12-04 01:35:02+00:00,0,17,0,71,0,0,0,0,0.0,0,0,0
4bceb312f1b99d36a25f2985b5606e98b6f0d8cd,2013-12-04 01:36:00+00:00,0,15,2,95,0,0,0,0,0.0,0,0,0
dfd3e45ad07cf23e0673a1493cde70e8d7ec1e13,2013-12-04 08:30:01+00:00,0,3,0,59,0,0,0,0,0.0,0,0,0
fe945345dd5d9b187632e9f9084cd101ee3a1211,2013-12-04 08:31:56+00:00,1,0,3,36,0,0,0,0,0.0,0,0,0
0a4e65c0ed6bab6fbe9cfc4f4c4d349098b6f319,2013-12-04 09:54:36+00:00,1,11,0,11,0,110,110,723,0.9994859099388123,182,55,0
947248129ba3b0917c86c013f24d7499c15cb8ae,2013-12-04 10:47:40+00:00,1,11,2,15,0,117,117,315,0.9999871253967285,0,0,0
e8bdcdb0a754ce3ec46fe167dfbd0e23f22e5ff7,2013-12-04 12:45:18+00:00,3,12,11,93,0,271,163,848,1.000000238418579,0,0,3
0d52ef7084a6839376be182dd91e9e003d3275ff,2013-12-04 14:10:24+00:00,1,12,0,22,0,112,112,732,0.9987587928771973,187,55,0
59b29d02f8c4674a9922df53c9df9f960e6eaf34,2013-12-04 14:11:10+00:00,1,1,1,16,0,117,117,315,0.9999352693557739,0,0,0
6c1be607f134f56bffebb7de71b18fadf918dcaa,2013-12-05 06:41:35+00:00,1,4,4,159,0,106,106,283,0.9998453855514526,0,0,0
21c88c829aade9347d74b69546f2541ae2a66caf,2013-12-05 08:32:29+00:00,1,2,2,21,0,117,117,315,0.9999441504478455,0,0,0
f3bc8b6e1f470298467738f1a33c759eeb0474f4,2013-12-05 08:36:49+00:00,1,1,1,10,0,117,117,315,0.9999871253967285,0,0,0
1d42d9d2741d36c469fca38bc7e7a5383e3b7bd9,2013-12-05 10:15:52+00:00,2,16,8,67,0,232,120,1053,0.9999995231628418,187,55,0
2c465de3320e7f7848bdfce24e1d7bd3c690f5d3,2013-12-05 19:44:06+00:00,0,4,4,82,0,0,0,0,0.0,0,0,0
57c138e59bac910e98df1d6815b121720e58e9a1,2013-12-05 21:06:11+00:00,1,4,4,28,0,106,106,283,0.9998453855514526,0,0,0
e851efb29bcfa22e8f70e88afc92f01fbdbb1396,2013-12-05 22:00:58+00:00,0,4,4,63,0,0,0,0,0.0,0,0,0
2dae61c0e36532a08625bb778a6656dea45d8d0d,2013-12-05 22:26:58+00:00,0,22,12,83,0,0,0,0,0.0,0,0,0
1cac72bfa9da3bdc8b51c2a2e2fa3be1f7fb2629,2013-12-05 22:36:10+00:00,0,33,20,76,0,0,0,0,0.0,0,0,0
f6107bc15198989b7de76020dac53f8f75028834,2013-12-05 22:37:48+00:00,1,3,1,24,0,0,0,0,0.0,0,0,0
ba3dab5047946e3c832d1586613e92f69e9a865a,2013-12-05 22:40:44+00:00,0,106,5,113,0,0,0,0,0.0,0,0,0
aae7e39a56d9116c19d51eb086d655892c5adce3,2013-12-05 22:41:25+00:00,2,3,2,30,0,1,1,28,0.0,0,0,0
795f18560b881a6872805668200750cf57515b7d,2013-12-05 22:44:56+00:00,1,1,0,20,0,0,0,0,0.0,0,0,0
57c4684035ff0a2042893e3f8613e5ff2282ce74,2013-12-05 22:45:05+00:00,0,161,37,44,0,0,0,0,0.0,0,0,0
3235766d67aecc8db3b343f40d190e9d4752c071,2013-12-05 22:51:10+00:00,2,92,31,18,0,0,0,0,0.0,0,0,0
ea4570da5714deac86d6438ebac3f0b2ecea1ee6,2013-12-06 02:54:29+00:00,2,4,3,33,1,233,126,1054,0.9999313354492188,197,56,0
837ba94dde2ba0c69ad8bd7a7db02e69ff75a05c,2013-12-06 15:08:42+00:00,1,9,6,45,0,126,126,806,0.9999662637710571,200,56,0
9fc070124750b8b437700b19dc9a171347e2d24c,2013-12-06 15:38:12+00:00,0,83,22,111,0,0,0,0,0.0,0,0,0
456c42b00d15c1ffb7fe610e4dad9164ab3eb6f0,2013-12-12 16:21:04+00:00,1,1,0,45,0,0,0,0,0.0,0,0,0
0b680379e5cee6c0ea30637cfe91fc192e57466b,2013-12-12 16:21:38+00:00,0,1,0,88,0,0,0,0,0.0,0,0,0
cac2077c36ca841bdee8b2978677325e0754eaec,2013-12-12 19:03:37+00:00,1,3,0,57,0,47,47,201,0.998550295829773,0,0,0
16f9798208f2ef78e3ba91fc03584a522dd258a9,2013-12-13 00:19:50+00:00,1,5,0,97,0,48,48,203,0.9991059303283691,0,0,0
d3f3b423ad1d2372067b7be73c0dec53b10b8a77,2013-12-13 00:21:29+00:00,1,1,0,16,0,0,0,0,0.0,0,0,0
1500632b602be698bfce682daeb01a2d64fc2d39,2013-12-14 04:29:30+00:00,1,2,5,31,0,47,47,201,0.9999452233314514,0,0,0
39d12818fe6ca81eaa32d917100aa5da8c9c3a7f,2013-12-16 18:19:30+00:00,1,1,1,9,0,0,0,0,0.0,0,0,0
1832e33753d5bd865eb1f9b240d478566edc1908,2013-12-16 18:19:36+00:00,0,84,22,44,0,0,0,0,0.0,0,0,0
537def4a4fb284a216f56f3bae308d28ccc67b1f,2013-12-18 02:56:53+00:00,3,53,11,41,0,240,127,1083,0.9997292757034302,206,56,0
642bbf60604d74319bd0e625277d4ac5bfe3cb9b,2013-12-18 04:52:48+00:00,1,1,0,190,0,75,75,263,1.000000238418579,0,0,0
e6a32d6283f2c9b98287fb9bf4a071bfcf41a243,2013-12-18 14:09:24+00:00,2,7,13,51,0,237,127,1076,0.9996793270111084,207,56,0
0bfbacd8b15ddb6e0c3bc86eb81d969ff4bcc0ae,2013-12-18 14:42:12+00:00,40,4440,4433,38,1,290,42,2958,1.0000004768371582,0,0,0
9379a14cb41916ce71fd94feaa26808b7770511d,2013-12-18 14:43:18+00:00,3,3,3,39,0,163,163,509,0.9999860525131226,0,0,0
d8d9591076a6222bad87c89591b0667180564ec4,2013-12-18 14:46:49+00:00,3,7,2,65,0,0,0,53,0.0,2,0,0
b8f1263f16777163baa3437e320a75d881430484,2013-12-18 14:50:53+00:00,1,64,2,28,0,131,131,868,0.9997898936271667,213,56,0
d88cd02fd86c6e74ef8a2d1928db78b8976ce00f,2013-12-18 15:52:55+00:00,0,4450,4438,93,0,0,0,0,0.0,0,0,0
0eb6dc36f088e6e5c0baaac3334dc5f0e4f07942,2013-12-18 15:56:30+00:00,0,1,0,85,0,0,0,0,0.0,0,0,0
aad828704d1772138dc52a3bebc5964defe8a1e6,2013-12-19 09:02:56+00:00,2,8,1,20,1,165,164,473,0.9995827078819275,0,0,0
11cd49987a512c05443ddba34fed88aff40328ab,2013-12-19 20:38:34+00:00,0,8,1,68,0,0,0,0,0.0,0,0,0
e0ba49e780fd2e00ec8c888adc00ba3e501e9c51,2013-12-19 20:38:52+00:00,0,108,10,121,0,0,0,0,0.0,0,0,0
4a6a0c3c65be2033e11130125601a6c810ea5d10,2013-12-20 09:15:12+00:00,2,15,5,49,0,164,164,457,0.9999330043792725,0,0,0
99ebac7e8419c96020565d506cece8f6f3ac4c9e,2013-12-20 14:21:04+00:00,0,15,5,96,0,0,0,0,0.0,0,0,0
9e843468de02cbd393fc144c123ea7465e9114a1,2013-12-24 10:14:04+00:00,1,4,1,33,0,47,47,202,0.9997539520263672,0,0,0
fad8d743b584c874cde320fa9be08192061f7ed8,2013-12-28 07:43:55+00:00,2,47,36,186,0,0,0,44,0.0,0,0,0
a0e77064400ceb75569669d4ff5cdc9c19f98514,2013-12-28 08:09:29+00:00,5,7,6,172,0,286,164,919,1.000000238418579,0,0,0
81f4412e0e8c18aa8cd400237ca44f76f17c5bce,2014-01-02 22:01:15+00:00,1,2,2,17,0,1,1,28,0.0,0,0,0
14a1839a454e4867813d9909141520aaf665a789,2014-01-02 22:05:29+00:00,2,2,2,31,0,0,0,40,0.0,0,0,0
e2a36dda0a4bd0b09d76fe6bf30e6fca4d2822ca,2014-01-07 09:37:59+00:00,1,10,1,38,0,121,121,326,0.9999995231628418,0,0,0
0b41cec7a42682da52a24c87ff6b2c341f101005,2014-01-07 16:34:51+00:00,1,10,2,457,0,120,120,325,0.9997197389602661,0,0,0
e40342afbe43a4190f319c2ddc29533cfee990ac,2014-01-07 17:03:24+00:00,1,1,0,12,0,0,0,0,0.0,0,0,0
a80bd7708d620ba1797aed1ca0840996fa137517,2014-01-07 17:23:11+00:00,1,3,2,105,0,119,119,326,0.9998767375946045,0,0,0
e1562afb583ed500e2cce6e7714d69c48ac10bad,2014-01-07 20:32:01+00:00,3,7,3,25,0,99,79,424,0.9999997615814209,0,0,0
0f40d8149a594a054e73f403a293a422d85b8e1e,2014-01-07 23:22:24+00:00,0,7,3,82,0,0,0,0,0.0,0,0,0
73c304089622b83c0ecfb23fa325d95b29000c1c,2014-01-08 18:44:20+00:00,0,4,4,66,0,0,0,0,0.0,0,0,0
e93b07eef6fe1e23782eb60f26928fcb7ebdea79,2014-01-08 18:45:33+00:00,0,7,6,91,0,0,0,0,0.0,0,0,0
632304209ca7d9da1a8c5ca235507a784f48719b,2014-01-08 18:48:25+00:00,0,47,36,98,0,0,0,0,0.0,0,0,0
a855ba81895424b3d716569560650f3f7cafe15a,2014-01-08 18:50:00+00:00,0,4,1,83,0,0,0,0,0.0,0,0,0
b17cad65cf27646f0680954914ab31abd4f626c9,2014-01-08 18:51:08+00:00,0,10,1,81,0,0,0,0,0.0,0,0,0
df1c2335c82165b961b8a0361d0176cdb298e513,2014-01-08 18:53:23+00:00,0,4662,4505,73,0,0,0,0,0.0,0,0,0
14f207f3fcee7e2d7ad17f0fe9a0ff311918d54d,2014-01-08 18:57:09+00:00,0,13,4,116,0,0,0,0,0.0,0,0,0
3ccdfce2e5e7e85b5e5628788f440570f9306242,2014-01-09 05:25:03+00:00,1,34,2,24,0,0,0,0,0.0,0,0,0
4862d29a96d83c1503048b0e12de23aa2b8e4aa4,2014-01-09 19:08:58+00:00,1,2,1,106,0,1,1,17,0.0,0,0,0
48e2ecc14d998e342fec8de8f6a845887972de20,2014-01-09 19:10:30+00:00,1,13,1,20,0,0,0,0,0.0,0,0,0
94981e1701caf40bb78138f4838d2c4aeb571690,2014-01-09 19:14:45+00:00,0,15,2,62,0,0,0,0,0.0,0,0,0
0db1d3d6753d6a1e5bee25b874b4eed757009425,2014-01-09 19:33:17+00:00,1,2,2,6,0,1,1,28,0.0,0,0,0
1720e4bb87f5db29e9d9f42da1b0cbb1f52a7171,2014-01-09 19:38:44+00:00,1,5,5,19,0,0,0,0,0.0,0,0,0
098865122c040ed87e57c4f2f1b0b146f51448a1,2014-01-09 19:46:32+00:00,0,34,2,88,0,0,0,0,0.0,0,0,0
ac4e05874a1a983ca126185a0e4d4e74915f792e,2014-01-09 19:48:13+00:00,1,1,1,27,0,0,0,0,0.0,0,0,0
ca187abd13052fee100909076358fca89b473e0f,2014-01-11 09:59:23+00:00,2,12,5,41,0,253,132,1202,0.9998264312744141,214,56,0
dddb41e34906c1b7eff389921c7b1bb6d734a433,2014-01-11 10:15:53+00:00,1,1,1,37,0,121,121,331,0.9998264312744141,0,0,0
b4ca6c95b60230ad604f8b89440fef18cfaa3a8c,2014-01-12 09:39:32+00:00,1,5,3,50,0,121,121,333,0.9990876913070679,0,0,0
2f98ef17924d296a4871d909e43f5e7e365d05a3,2014-01-12 14:44:53+00:00,1,4,7,39,0,120,120,330,0.9997168779373169,0,0,0
5b4e9aff0ea2d0876de33f57cece4b06fe4bc194,2014-01-12 14:46:40+00:00,1,0,4,28,0,47,47,202,0.9998315572738647,0,0,0
87abd9c6094f8b682f7457181adbe768d003fd23,2014-01-12 20:27:45+00:00,1,3,2,84,0,110,110,252,0.9991180896759033,0,0,0
a6a83420662b4ae2edda6949cf584415d3495c8e,2014-01-13 12:32:00+00:00,2,18,3,57,0,254,132,1212,1.0000001192092896,216,56,0
49fb630eb4c8345702aaddc90d8edf73fd173a6e,2014-01-13 13:04:28+00:00,0,13,17,27,0,0,0,0,0.0,0,0,0
eb124353af330f8e1249e568e521795652fefb11,2014-01-13 15:29:46+00:00,1,1,0,45,0,133,133,880,1.0000001192092896,216,56,0
0465d349559f12fce5489c4980279801e9bc5d17,2014-01-14 19:56:04+00:00,0,24,12,104,0,0,0,0,0.0,0,0,0
476ab203bc00cb57a7be24fb500b95447294ec92,2014-01-16 08:37:29+00:00,1,14,0,28,1,0,0,0,0.0,0,0,0
57c71ec9b666ab6887c22b928d4442a3170e153f,2014-01-16 22:16:04+00:00,0,14,0,74,0,0,0,0,0.0,0,0,0
c3055863c6791c696d957cf90197798eb8621d2c,2014-01-16 23:12:40+00:00,1,0,31,13,0,0,0,0,0.0,0,0,0
799bf116fe7e4149ef119bb5e241e77749190278,2014-01-19 04:44:50+00:00,1,6,0,40,0,0,0,0,0.0,0,0,0
f17ead413300e349b7080a3ee0be3c7e96ec55ec,2014-01-21 18:18:04+00:00,1,1,1,15,0,0,0,0,0.0,0,0,0
4872f4628c62bdfac9e750163d74f80f9cb93ce8,2014-01-21 18:24:37+00:00,0,1,1,62,0,0,0,0,0.0,0,0,0
3bd16ce9c5dc7a56078b80e12cf0d48208a24b64,2014-01-22 01:55:00+00:00,1,1,1,36,0,0,0,0,0.0,0,0,0
2a6b835a5e08c7365b8a4d3bfea4dcd98ad2d205,2014-01-22 14:28:41+00:00,1,8,0,27,0,0,0,0,0.0,0,0,0
d181577f3e34ac4bda2458f7b28405a5ed034d87,2014-01-22 19:20:34+00:00,6,152,32,25,0,299,94,1105,1.0000005960464478,3,0,0
a5b3719967e685afe9e96359e69177fda0a10d44,2014-01-23 18:22:21+00:00,0,152,32,79,0,0,0,0,0.0,0,0,0
33735480f77891754304e7f13e3cdf83aaaa76aa,2014-01-23 18:25:40+00:00,2,3,3,6,0,1,1,28,0.0,0,0,0
7773b2712ec4224c4a19aaa09687bdffd965e9d3,2014-01-23 18:54:08+00:00,0,6,0,105,0,0,0,0,0.0,0,0,0
06ecae43bd02513d5249224b697bf6d891064932,2014-01-24 20:39:32+00:00,1,2,3,13,0,0,0,0,0.0,0,0,0
4c11fb7f04e1f3bc1fcc0901a81c6af99778e904,2014-01-25 08:20:10+00:00,1,1,1,14,0,164,164,457,1.0000001192092896,0,0,0
42b8a6d8ab7b23a8f8efad604c7a2ce6787377f8,2014-01-25 13:38:39+00:00,0,1,1,61,0,0,0,0,0.0,0,0,0
1e3eb4ef9e21dded404909142b92fd7506b701f2,2014-01-28 09:03:59+00:00,1,2,2,37,0,0,0,0,0.0,0,0,0
19756d57f73c2062240dd477dd8f8d8a7c0c512a,2014-01-28 09:07:23+00:00,0,2,2,86,0,0,0,0,0.0,0,0,0
b6e16799d0225af6a389eb040d940c9f97de63d2,2014-01-28 17:08:16+00:00,1,3,0,45,0,134,134,882,0.9980795383453369,216,57,0
8b792be81bfaa79fde1ee8de3b72e4e07ef4f6c1,2014-01-28 17:11:23+00:00,1,2,2,43,0,75,75,263,1.000000238418579,0,0,0
b1c8fd3b679c95473f04aaf37f4bd80178411e01,2014-01-28 20:14:38+00:00,0,5,2,94,0,0,0,0,0.0,0,0,0
27eb54a20a6f21cfe7138d4a26a8f41f5b2ced4b,2014-01-29 02:13:57+00:00,2,14,9,84,0,50,47,222,1.0,0,0,0
c2fab5b4ca2f8dcdc76fabb1851bd268f0d41889,2014-01-29 02:24:41+00:00,1,3,2,25,0,4,4,21,0.9990217685699463,0,0,0
07e0a6198d132fee147806105a6ff05e541d3ba2,2014-01-29 02:39:09+00:00,1,2,1,25,0,4,4,22,0.9981787204742432,0,0,0
7ba5a534ae9fc24e40b3ae6c480c9075d684727e,2014-01-29 19:13:46+00:00,1,17,0,25,0,78,78,273,1.000000238418579,0,0,0
0163a836a104bfd03ceb27055e88d726b53be1ff,2014-01-29 19:21:04+00:00,1,1,3,43,0,0,0,51,0.0,2,0,0
326a22e8880c1dba52698a479eb7b6038d5b2e87,2014-01-30 15:11:24+00:00,1,3,5,27,0,78,78,271,1.000000238418579,0,0,0
4f12bfa6365acb8dd883ea2315ee2884253f3cc1,2014-01-30 17:23:57+00:00,0,1,3,89,0,0,0,0,0.0,0,0,0
d9f34c6848b9b313beefa7d3ce05f52fdea28c27,2014-01-31 07:36:44+00:00,1,1,1,30,0,79,79,271,1.000000238418579,0,0,0
f1893c835570d72823c970fbd6e0e42c13b1f0f2,2014-01-31 17:19:53+00:00,0,15,0,73,0,0,0,0,0.0,0,0,0
f74f5e3ebf0943163cd21b93fb682f790277aa19,2014-01-31 17:27:05+00:00,1,9,11,19,0,79,79,270,1.000000238418579,0,0,0
c042c08179cae74e7b2c520b33ea19881c0ec842,2014-01-31 17:29:56+00:00,1,17,9,12,0,79,79,273,0.9999999403953552,0,0,0
2b23d6a9f7aa02561fe6d38be31cde4d609d0e2f,2014-01-31 17:30:52+00:00,1,1,2,35,0,164,164,456,0.9995330572128296,0,0,0
c6084704ccb5610ea093b6b47fb45d2149570174,2014-01-31 17:31:11+00:00,1,1,2,33,0,164,164,455,0.9996426701545715,0,0,0
b5b8198fd1e872471f4523e0b450dfee33072242,2014-02-02 09:14:05+00:00,1,25,0,175,0,0,0,0,0.0,0,0,0
8a0bae45c2efa8706c76d8af925d0dcd727cfc32,2014-02-02 11:19:10+00:00,2,24,25,246,0,0,0,0,0.0,0,0,0
5ee8b348ebab9a7c427a87355dd089c83ee74be9,2014-02-03 12:00:14+00:00,1,11,2,440,0,164,164,459,0.9995837807655334,0,0,0
f35838beb6a84b1ece6e775570f6dd668dcd8da0,2014-02-03 13:37:57+00:00,1,1,3,76,0,164,164,457,0.9993264675140381,0,0,0
c5b6a107eb9af0fd6a1a48c7bf0276fbf71e9157,2014-02-03 13:39:21+00:00,1,1,2,42,0,164,164,455,0.9996774196624756,0,0,0
488b90f5acfafe65b428765aea70ebebd4afe58a,2014-02-03 13:43:59+00:00,2,0,6,22,0,197,164,583,0.0,0,0,3
15ac4e5fb65d7da36dddcc626e88b9c33414efe7,2014-02-04 08:53:53+00:00,0,1,2,103,0,0,0,0,0.0,0,0,0
98b76f4b988145a98be7d865da407e150aadc165,2014-02-04 10:08:11+00:00,1,3,2,195,0,0,0,0,0.0,0,0,0
3443c177a3b8279b6c5b5ce9c1643689d8983521,2014-02-05 17:29:09+00:00,1,2,1,144,0,164,164,455,1.000000238418579,0,0,0
2b9b4a35b21affc1a59b11fffff23589cab5f356,2014-02-05 18:32:16+00:00,0,2,1,102,0,0,0,0,0.0,0,0,0
a44910b83760364ff5d679a567bacf5a4814caaa,2014-02-07 02:32:41+00:00,0,0,6,70,0,0,0,0,0.0,0,0,0
969195ad55f9e44ee2e1605e8561123bfed62c4e,2014-02-11 07:31:47+00:00,1,2,0,35,0,0,0,0,0.0,0,0,0
1371e8194499ebe83d6f07a1fc3ee5971ad9220e,2014-02-11 16:55:20+00:00,0,8,1,128,0,0,0,0,0.0,0,0,0
94badad24c17b6959c06df93a6f2eba8058397cc,2014-02-11 16:55:33+00:00,0,25,0,93,0,0,0,0,0.0,0,0,0
4ecd74693f65821a96180af2859c13560bf84560,2014-02-11 16:58:23+00:00,0,16,9,102,0,0,0,0,0.0,0,0,0
0caa2432123bab2d991e635ce558226d019d7bc7,2014-02-13 19:27:42+00:00,5,36,13,36,0,380,167,1646,1.000000238418579,218,57,0
3c88e520da24ae6f736929a750876e7654accc3d,2014-02-13 21:03:37+00:00,0,36,13,94,0,0,0,0,0.0,0,0,0
d2f647cee45fd05cc1977cc3faf4b095b5047b29,2014-02-14 22:15:21+00:00,2,10,0,104,0,215,135,1158,0.9997098445892334,219,57,0
81e88b70bd757f5ca5e9bc418a17369c13c6abf2,2014-02-16 19:00:22+00:00,2,2,2,26,0,86,78,288,0.9999998807907104,0,0,0
e909a923431be2597498c33adc57707f0488bc76,2014-02-16 19:02:05+00:00,0,2,2,71,0,0,0,0,0.0,0,0,0
780ce3902eccc7f7087e195211daf4c592cb28fb,2014-02-18 14:15:36+00:00,2,15,10,165,1,167,120,533,0.9999998807907104,0,0,0
4404e7e328114868a272b99ffc81b4c74ecd06ed,2014-02-18 14:24:24+00:00,1,1,1,29,0,47,47,202,0.999541163444519,0,0,0
9b20cadaeb8103ab37c4f02f5cfcd6ca7ca7ec22,2014-02-28 14:27:50+00:00,1,13,17,193,0,0,0,0,0.0,0,0,0
930f03c8649613da9efb7915e17428dd1e8526af,2014-02-28 16:08:57+00:00,2,10,4,53,0,182,136,1089,0.9999998211860657,219,57,0
5f404a0592bba18c5eae7b2aead033f3d0cb27ff,2014-03-01 01:06:59+00:00,1,1,2,58,0,136,136,890,0.0,219,57,0
64f0b3c81ecbe6b4dff1393ad0409da64e1e8cee,2014-03-01 17:15:14+00:00,1,0,8,50,0,0,0,0,0.0,0,0,0
9a14086e6d6e1991b3dfae004622e5f13a53f077,2014-03-02 09:34:55+00:00,0,5,17,103,0,0,0,0,0.0,0,0,0
3c4b3747e45318ba8df2224fea13895e5210915f,2014-03-03 18:13:13+00:00,0,10,0,102,0,0,0,0,0.0,0,0,0
d8557a26270f116824f717a1cd6a6ff2b69e5f6a,2014-03-03 18:14:37+00:00,0,9,4,84,0,0,0,0,0.0,0,0,0
03f444e601e6608f68f3a09d708af93e4512560a,2014-03-03 20:23:59+00:00,2,5,1,30,0,0,0,0,0.0,0,0,0
c8226f69e13b9a076f725965e2ed462216c2f4c3,2014-03-04 21:27:13+00:00,1,3,0,39,0,167,167,467,0.9994961023330688,0,0,0
d289eb22f164e0bc71c81b191c1f00bdd08fe669,2014-03-04 21:33:40+00:00,1,8,7,131,0,167,167,467,0.999625563621521,0,0,0
7b378cb74266ccea308a83c5b0f7129cb4962567,2014-03-04 22:46:58+00:00,1,21,0,28,0,140,140,909,0.9997862577438354,222,57,0
c2a1f28a2ebd9448be7b4c8f9207d16c894717c3,2014-03-10 06:54:22+00:00,1,6,2,72,0,91,91,302,1.000000238418579,0,0,0
59c8d813818110aac29fd104c2fa012387c2004c,2014-03-10 07:07:10+00:00,2,4,6,53,0,137,92,500,0.9999999403953552,0,0,0
a59fac5e4ba290164cd0e108769bcab523f1bfb2,2014-03-12 11:10:53+00:00,1,1,1,41,0,120,120,330,0.999894380569458,0,0,0
ee7fe02953d864021298ed8d3e3e5f6aff1f6731,2014-03-12 18:34:43+00:00,1,1,0,293,0,167,167,468,0.9995998740196228,0,0,0
6d7e8a97bbefa287366bc5d0b0b8f789532e853a,2014-03-12 19:20:12+00:00,1,15,10,108,0,122,122,335,0.9997965097427368,0,0,0
97cf16e958a948ecf30c3019ae94f2e7ec7dcb7f,2014-03-12 19:22:11+00:00,1,26,13,36,0,81,81,273,1.000000238418579,0,0,0
4d8cb3244e8e4f84b250c10a48e025f9a8bf6137,2014-03-12 19:22:40+00:00,1,51,1,67,1,88,88,300,1.000000238418579,0,0,0
4112b8f14b628d884ea96d1957280bef9aeeae49,2014-03-12 20:18:58+00:00,0,1,0,112,0,0,0,0,0.0,0,0,0
110048f9837f8441ea536804115e80b69f400277,2014-03-12 20:37:27+00:00,0,1,1,94,0,0,0,0,0.0,0,0,0
4f6dca42ea0fb3d1c4706e63e594e43f7a3237f7,2014-03-12 21:21:14+00:00,1,0,6,45,0,88,88,300,0.9996266961097717,0,0,0
724038e4b5e94addb0bf6c767b7f5578b172c659,2014-03-12 21:53:07+00:00,1,17,0,29,0,139,139,910,0.9998079538345337,223,59,0
5e860c08d8b3f14bcdf0382b0535da39a4d5a02e,2014-03-13 17:27:12+00:00,1,20,1,80,0,155,155,1009,0.9989364743232727,236,61,0
24819e8aae62170ed2c8439e400cc16423207660,2014-03-14 08:24:25+00:00,2,28,3,66,0,317,167,1450,0.9999998807907104,231,61,0
daf56b3f62f91c7b6ae783ef74ee41ff3c7af89f,2014-03-15 15:33:00+00:00,2,10,1,48,0,218,138,1169,0.9999999403953552,223,59,0
8d693a2a27d0a073c0d03823cab71a3716001285,2014-03-15 16:38:13+00:00,2,65,1,503,0,224,144,1214,1.000000238418579,224,57,0
8fc6a65be892651e6f16597fcaf9e608ab5d958b,2014-03-15 17:48:29+00:00,1,1,0,23,0,80,80,268,0.9999999403953552,0,0,0
16459910a963c108529585fe8feb78f862d6d9ba,2014-03-15 20:29:14+00:00,1,20,0,50,0,159,159,1025,0.999896764755249,236,61,0
98ac3df71369a6cf9bde35b8e5c8dc5935b028d0,2014-03-22 20:42:23+00:00,1,3,0,324,0,26,26,61,0.9928666353225708,0,0,0
90f73378582e4e2cbc75a189a2cfa7826824f29e,2014-03-22 21:11:33+00:00,1,7,8,38,1,88,88,297,0.9996880292892456,0,0,0
a3fb689942e8a215858ef0619d0ec95e22186c77,2014-03-22 21:30:22+00:00,1,1,1,20,0,26,26,61,0.9983960390090942,0,0,0
fe4c4f146124d7fba2e680581a5d6b9d98e3fdf8,2014-03-23 14:51:48+00:00,0,102,24,80,0,0,0,0,0.0,0,0,0
c2e6fe4d5dfbb2bf4e31d70bb7c3f3eda2435beb,2014-03-23 16:38:37+00:00,1,1,1,37,0,26,26,61,0.9997447729110718,0,0,0
b2db089eefe7a38789429ad8d02a84d9ea6958a5,2014-03-24 15:39:15+00:00,1,1,1,3,0,0,0,0,0.0,0,0,0
a3cd2f3929f4f24445d71130f9cc80a6d3565619,2014-03-24 15:39:20+00:00,0,225,81,44,0,0,0,0,0.0,0,0,0
5f48e4a120737c5b53b990105a512032a2aebdd3,2014-03-24 15:44:14+00:00,0,65,1,115,0,0,0,0,0.0,0,0,0
b8128d6b1ec52bc57499a87eb3f7a73e359c6a6a,2014-03-24 15:45:06+00:00,0,11,1,109,0,0,0,0,0.0,0,0,0
b92f4ec6fb8e53c71603dcd91f8e0883539e678d,2014-03-26 13:12:31+00:00,1,1,1,129,0,147,147,965,0.0,230,61,0
0303e9b1373fc4afcc1be895ec9d141b860d35d1,2014-03-26 15:34:36+00:00,0,1,1,112,0,0,0,0,0.0,0,0,0
6c839985b9520ceeb0e48f204d86c92eb018bf3e,2014-03-28 23:37:54+00:00,8,227,76,33,0,275,82,1060,1.000000238418579,2,0,0
826667a54c608d72d8813c3eddb75b27ab26c988,2014-03-31 14:29:30+00:00,0,227,76,78,0,0,0,0,0.0,0,0,0
ae5ecdf2ae493e8d4def8b474653e6957b74dae0,2014-03-31 14:30:36+00:00,0,28,3,71,0,0,0,0,0.0,0,0,0
b361a4c0562c41f1cbf3cacd72bc8201d5ade3b7,2014-04-03 00:04:58+00:00,1,5,0,45,0,0,0,0,0.0,0,0,0
6a877661fbb6b4bcea24c8922fcd5da1085bc5bc,2014-04-03 05:51:07+00:00,0,5,0,105,0,0,0,0,0.0,0,0,0
8a23dd94cb27a2127cf962a53829b329cdb460aa,2014-04-05 03:58:18+00:00,1,4,2,152,0,0,0,0,0.0,0,0,0
96936b56164aa7973431375402ba6b41262277c8,2014-04-05 13:40:13+00:00,1,3,3,118,0,0,0,0,0.0,0,0,0
fb2380c3cc48eac77cc164df3f277a045a9f8848,2014-04-05 15:57:43+00:00,1,0,12,26,0,0,0,0,0.0,0,0,0
6f52970a6d359e1a703f59478ef8d6070564318f,2014-04-05 16:29:00+00:00,1,3,3,14,0,0,0,0,0.0,0,0,0
338c5f6a0bc7d4886ac23caa0ea74082d85cdb69,2014-04-08 14:19:39+00:00,0,0,10,77,0,0,0,0,0.0,0,0,0
4ca4865170ac98226ca214854975ce02062cdcac,2014-04-10 03:09:36+00:00,1,1,1,8,1,122,122,335,0.9999897480010986,0,0,0
07ee20d07dfd316a0fdd5ec4f5d276a72fe4cc62,2014-04-10 05:46:05+00:00,0,1,1,55,0,0,0,0,0.0,0,0,0
af21ec6165c40c0c12f8dccc8379eb97de53da20,2014-04-12 18:13:52+00:00,1,707,515,28,0,0,0,0,0.0,0,0,0
f409d65d1536848769d2e01aecd17593b90c1ed9,2014-04-15 23:01:41+00:00,1,1,1,10,0,0,0,0,0.0,0,0,0
21010ee25a7803f2283487cbc8e4abc87602f259,2014-04-15 23:07:41+00:00,1,8,1,17,0,0,0,0,0.0,0,0,0
b2c801f3c78a4d88bdbda894da30f89786d5e791,2014-04-15 23:07:52+00:00,0,339,94,44,0,0,0,0,0.0,0,0,0
b8ba5c2bcb861b07db6806da60fa96646743cfbc,2014-04-15 23:11:58+00:00,1,3,3,11,0,0,0,0,0.0,0,0,0
df34ed7a003e0029b24258c3eed5ee5f954d1e4b,2014-04-15 23:15:39+00:00,1,1,1,13,0,0,0,0,0.0,0,0,0
b5fd95cab93886e3a22b11a38d254eec0fad6a8f,2014-04-16 14:56:44+00:00,0,707,515,87,0,0,0,0,0.0,0,0,0
b4354fc66f1ed3b39b1752c3d1a0ccf8066509bf,2014-04-16 14:58:30+00:00,1,515,707,100,0,0,0,0,0.0,0,0,0
b1d0f9743e9de8a832d377fb7bd14729530cbe52,2014-04-16 15:11:35+00:00,1,487,0,49,0,0,0,0,0.0,0,0,0
229c4d8f7cbf286bee3657fa234e02d29fabb7c0,2014-04-16 19:37:29+00:00,0,487,0,67,0,0,0,0,0.0,0,0,0
e56cc117575ae31937f9fe19ebcf9d1a35eccae8,2014-04-18 15:35:44+00:00,1,1,1,11,0,0,0,0,0.0,0,0,0
35d20b2168d6ee00b5291a2ab2f23b42c0cae2f7,2014-04-18 16:13:17+00:00,0,1,1,67,0,0,0,0,0.0,0,0,0
082b877d81d64ad81d2845933436e210b47a3e3e,2014-04-18 16:15:45+00:00,1,0,2,47,0,0,0,0,0.0,0,0,0
6c1ddeedfbb12abfb6778620836a181f63387b4a,2014-04-18 16:28:12+00:00,1,5,3,43,0,0,0,0,0.0,0,0,0
826425fdfde06b0aab6fcee8a31d3407306246dc,2014-04-21 16:25:01+00:00,0,5,3,80,0,0,0,0,0.0,0,0,0
36b0481f24aa45a0229791630b467971dd58c92f,2014-04-24 18:43:26+00:00,12,738,678,22,0,267,85,1032,1.0000005960464478,2,0,0
dae4026c18b29b5995d41c1e50741a3d34f1297e,2014-04-26 03:04:54+00:00,0,738,678,66,0,0,0,0,0.0,0,0,0
459f8dfccb7ee2e1dc9e041b7aebc2392219c35e,2014-04-26 12:05:01+00:00,1,3,3,51,0,90,90,298,0.9999004006385803,0,0,0
3e568eb3b0c3f2dc2cc11ba873db8593918bad87,2014-04-26 13:27:06+00:00,2,18,16,14,1,0,0,0,0.0,0,0,0
7fa9799e28d11484f8d4c88235d2419e5e1856e4,2014-04-26 13:28:05+00:00,2,14,13,14,0,0,0,0,0.0,0,0,0
142b26ea7b4a4badd5ba98ed0e8490e3c7134592,2014-04-28 18:42:30+00:00,1,2,2,40,0,167,167,466,0.9981052279472351,0,0,0
54541a992751dafbfe0706a63fe71dc8801308a0,2014-04-28 21:49:27+00:00,0,3,3,106,0,0,0,0,0.0,0,0,0
b8049ba2012fe251c7351de6c2c4ad3b274df1f1,2014-04-29 17:50:38+00:00,1,2,1,37,0,0,0,52,0.0,2,0,0
31762899a013276343c02c72960c0e48b02ed3d9,2014-05-02 16:51:50+00:00,1,0,8,219,0,0,0,0,0.0,0,0,0
8f12f948b1aeb4b1fe2f92acbb22b366587da541,2014-05-02 19:09:21+00:00,0,0,8,78,0,0,0,0,0.0,0,0,0
02a76b79a173acb20e2ae977b20e4a793bc65102,2014-05-02 19:09:39+00:00,0,2,1,113,0,0,0,0,0.0,0,0,0
07f9a7ea0201b5e8d9763c41153862f211de12bd,2014-05-03 09:59:14+00:00,2,3,3,48,0,1,1,28,0.0,0,0,0
626c48e9471d8075039aeb5daefa61756951e03f,2014-05-12 18:43:50+00:00,3,15,8,27,0,46,26,226,1.000000238418579,1,0,0
be2674bf3cc4d4e876c32e2b611f900d7cd833f4,2014-05-12 18:50:36+00:00,0,15,8,81,0,0,0,0,0.0,0,0,0
569cd23c006f54b526061b282c7bab2e7ec1638a,2014-05-12 19:04:35+00:00,0,32,7,111,0,0,0,0,0.0,0,0,0
c023f06aadde3a16877f218f953caef7d8c38a46,2014-05-12 19:05:56+00:00,0,15,10,89,0,0,0,0,0.0,0,0,0
5893cfcd90249a16d70bb829c23a78b690033c74,2014-05-12 19:08:31+00:00,0,3,0,87,0,0,0,0,0.0,0,0,0
c15a8f8a3d8fbe943dcae2603c4ceca7f99ff2bf,2014-05-12 19:10:15+00:00,1,0,4,48,0,25,25,59,1.0,0,0,0
679ab5bc20d0d8569540b94178f232791bdb157d,2014-05-12 19:27:10+00:00,1,14,1,24,0,0,0,0,0.0,0,0,0
739d153ef77765392fa109bebead4260c05f3193,2014-05-12 20:50:33+00:00,0,50,9,95,0,0,0,0,0.0,0,0,0
a7e724161665895cd6328a90b65c4acdec2fe236,2014-05-13 08:11:40+00:00,1,1,1,54,0,0,0,0,0.0,0,0,0
24986f853cec0a28efd337b1b280bcb4ea2e8958,2014-05-13 10:31:24+00:00,0,1,1,77,0,0,0,0,0.0,0,0,0
bbed65d100993b40ed53501138cfcb8eb0d3253b,2014-05-16 14:37:32+00:00,0,14,1,67,0,0,0,0,0.0,0,0,0
343db403754da3334673d1474da0ebe86457ca03,2014-05-16 17:44:21+00:00,0,65,11,44,0,0,0,0,0.0,0,0,0
b26c85f081b083f71345fce13005f95ec242d2f6,2014-05-16 17:55:06+00:00,1,2,2,14,0,0,0,0,0.0,0,0,0
6366d3dd190a9e58ca582955cddf7e2ac5f32dcc,2014-05-16 17:55:47+00:00,1,2,2,6,0,1,1,28,0.0,0,0,0
53d3519a3503c59ad7de05941064f472720ae948,2014-05-16 18:11:05+00:00,1,1,1,12,0,0,0,0,0.0,0,0,0
76c09e7076f156c85f339185845ac9b2bf65dc49,2014-05-16 19:30:48+00:00,1,1,0,10,0,0,0,0,0.0,0,0,0
c43ecd1c47f988aeabbff0a092888c3b8f4b0e05,2014-05-16 21:05:41+00:00,0,1,1,56,0,0,0,0,0.0,0,0,0
eebae9c63bd336550210a4e4039298d23e6ad99f,2014-05-17 15:16:27+00:00,1,18,15,50,0,0,0,0,0.0,0,0,0
a7c218480d7acf1e866e07fde0627d05fb77fbc1,2014-05-17 15:37:31+00:00,0,18,15,96,0,0,0,0,0.0,0,0,0
f97e78726e7efe64b9a3db27707ec579e859ef06,2014-05-17 22:15:51+00:00,1,20,11,50,0,46,46,199,0.9997535347938538,0,0,0
e3d0ac7c9dae7468dc98ebe19052148256cc0757,2014-05-17 22:22:15+00:00,1,2,1,18,0,0,0,0,0.0,0,0,0
02618c8df5071d608a8c8341e4a44e26f58215d5,2014-05-18 19:10:35+00:00,1,10,5,52,0,46,46,200,0.9988367557525635,0,0,0
54e96b40b7c36deb547339e5d3d4ccac75b53b51,2014-05-18 19:24:35+00:00,1,7,4,53,0,46,46,200,0.9999605417251587,0,0,0
7815953cb41450992e487aa300080064999c4e99,2014-05-23 15:52:17+00:00,1,0,23,27,0,18,18,43,1.0000004768371582,0,0,0
5eea4a3767797af6a0b994723a4280382328ce03,2014-05-25 22:18:14+00:00,1,1,0,168,0,0,0,0,0.0,0,0,0
f4d1bbb7c549e1e276e61fa6390f9b5ce761c0ae,2014-05-25 22:23:21+00:00,1,1,0,98,0,0,0,0,0.0,0,0,0
c8916a08deb8be25d2be38c646fab9b2ab1fb8f7,2014-05-25 22:31:10+00:00,1,14,6,389,0,161,161,1031,1.000000238418579,236,61,0
3b0fcb620dd196acc20d03e259ba6fdb20b1a2c9,2014-05-25 22:44:09+00:00,1,3,1,633,0,0,0,55,0.0,0,0,0
3346ad1134bbf50e9d9ad36ddd396536c18fe6bc,2014-05-26 15:40:45+00:00,1,4,0,40,0,167,167,467,1.000000238418579,0,0,0
0d40d97d3eb2a9d928e6a08c089b7757b77a7fe2,2014-05-27 15:11:21+00:00,0,4,0,86,0,0,0,0,0.0,0,0,0
ddd748e67aef108dafde0bbc5466ab61bd4c09ab,2014-05-27 15:24:47+00:00,0,16,6,81,0,0,0,0,0.0,0,0,0
e71282394c575e6c621fe17765405793db7ecf76,2014-05-27 15:25:54+00:00,0,3,1,123,0,0,0,0,0.0,0,0,0
6c72509f5bb0e9cd8fad64a44ba99687ed044771,2014-05-27 15:28:11+00:00,0,0,23,75,0,0,0,0,0.0,0,0,0
3faff0b8ea2c3c7d87272971893234e26a01d9fc,2014-05-28 01:29:44+00:00,1,1,1,47,0,167,167,467,0.9999998807907104,0,0,0
5ab79e2514b663ac8e0a82981efe0a5e69efe01c,2014-05-28 13:17:18+00:00,1,1,1,40,0,166,166,467,0.9999998807907104,0,0,0
a2413e010f4d2dd5fa4cfcc85427a47a67fc8b01,2014-05-28 15:59:57+00:00,1,1,1,41,0,0,0,0,0.0,0,0,0
785e4ab3606be275f6887aab718ab7cda4a8938d,2014-05-28 16:01:10+00:00,0,1,1,99,0,0,0,0,0.0,0,0,0
69996114d90e5c59cb1bc087d46b21ca3f38bbde,2014-05-29 14:39:42+00:00,0,1,1,99,0,0,0,0,0.0,0,0,0
32f600b0836a86596aa3edc98aaa6827f6fe4644,2014-05-30 17:11:53+00:00,2,30,2,57,1,334,168,1523,0.9993536472320557,237,61,0
75cd0a9bd9443cb17ba3d0704118052e8094fb21,2014-05-30 17:33:29+00:00,0,30,2,102,0,0,0,0,0.0,0,0,0
702283093a9a39325cc1825b2376d88b0c5cdfd2,2014-05-30 17:36:18+00:00,1,5,0,16,0,0,0,0,0.0,0,0,0
22433163b35bb451e4804b8d757ef25d58e1171a,2014-06-07 08:53:12+00:00,2,4,4,36,0,92,92,304,1.000000238418579,0,0,0
d977ee8a2494903178f5b63756b65fc4dedb3715,2014-06-08 09:20:32+00:00,2,13,4,46,0,200,167,1193,0.9994009733200073,239,61,3
2b8353d3b3e533945bb82d6510ed2dfb15663045,2014-06-08 09:28:26+00:00,1,4,4,39,0,33,33,133,0.9994009733200073,0,0,3
046302c0cbe94588cdaf6460dfc49219b49db389,2014-06-08 14:23:37+00:00,1,6,6,34,0,46,46,200,0.9977648258209229,0,0,0
326f6adcfa96d049d7e55a0926e0c94255ced87b,2014-06-08 14:44:26+00:00,0,4,4,79,0,0,0,0,0.0,0,0,0
3ee781b8950400e9faa4aff110a9d88d8ba1a284,2014-06-09 14:53:23+00:00,0,13,4,100,0,0,0,0,0.0,0,0,0
e2c4da7dd2f4a50bf8b386724c7b6f016b10504e,2014-06-10 13:06:22+00:00,1,71,48,71,0,167,167,1078,1.0000001192092896,239,61,0
bff65f42eebe58f5f76c7b021369698bee4642f7,2014-06-10 15:16:24+00:00,1,7,12,49,0,167,167,1073,0.999919593334198,239,61,0
743ce8119b3f5308e0ff8102cb132eb64083fbd7,2014-06-10 16:02:21+00:00,0,61,43,119,0,0,0,0,0.0,0,0,0
07d9b730b712e8d77106c5c886be4e8bf3bef4f6,2014-06-10 20:30:17+00:00,1,1,0,46,0,168,168,468,0.0,0,0,0
ec3a2e6f04a6e268cbae747e9f1ff6ea4217f8b2,2014-06-11 15:08:10+00:00,3,7,7,161,0,260,168,847,1.000000238418579,0,0,0
da3178f377b34230792c70a48cc992500578316f,2014-06-11 17:27:36+00:00,1,2,1,70,0,0,0,76,0.0,0,0,0
b80ed77cddc2cb9d75c9e6d4f14b1eed9e5fb227,2014-06-11 20:40:23+00:00,1,1,1,16,0,0,0,0,0.0,0,0,0
2c262de0fee65e6dadb0d8c4f73e1468561b368a,2014-06-12 04:19:44+00:00,0,8,6,99,0,0,0,0,0.0,0,0,0
c3444f8c7abdda2642f59109d6961bdf8511f38c,2014-06-12 12:25:21+00:00,2,14,1,53,1,264,170,780,1.000000238418579,0,0,0
493697a0aaebb446ef033c317f305eb00d50c116,2014-06-12 12:25:33+00:00,0,1,1,41,0,0,0,0,0.0,0,0,0
6b21e5c8f0c8fafda661d80f4555ce530507bd68,2014-06-12 18:42:41+00:00,0,14,1,74,0,0,0,0,0.0,0,0,0
c451dd2c773402e5bdc1b41c3c23d31b5092bd86,2014-06-15 07:10:09+00:00,1,0,1,70,0,0,0,0,0.0,0,0,0
fcb735fd99a762425d14421247d32e7234361283,2014-06-15 08:19:34+00:00,0,0,1,68,0,0,0,0,0.0,0,0,0
b9bbfa659f85ba1c38ed601f33e9ee4ccb61905a,2014-06-23 19:11:13+00:00,0,34,16,116,0,0,0,0,0.0,0,0,0
1bf4af63952227b74a583b5ec5445f130af9d163,2014-06-29 13:05:04+00:00,1,1,1,56,0,0,0,0,0.0,0,0,0
de2cd2e9c8d4af72a83bde576dbaddd0d88dda5d,2014-06-29 13:31:23+00:00,0,1,1,67,0,0,0,0,0.0,0,0,0
84f67379c8844ff109a200caa3f3e815fdf0beee,2014-07-02 15:26:15+00:00,1,2,2,56,0,96,96,309,0.9999998807907104,0,0,0
d25280dc20d93446f1f66b069932c0c7adaf6515,2014-07-02 15:34:25+00:00,1,1,1,43,0,0,0,0,0.0,0,0,0
538a41e70d6114a43fd6af70715c9881f7252464,2014-07-02 15:41:14+00:00,0,1,1,96,0,0,0,0,0.0,0,0,0
3957b0befb063ecea1c9cb3dc67b2c385ddad58e,2014-07-02 15:42:00+00:00,1,2,2,15,0,94,94,309,0.9999998807907104,0,0,0
39f0c66cbe5c02684812a5c795ad55eaf61dc3a0,2014-07-03 13:35:55+00:00,0,2,2,109,0,0,0,0,0.0,0,0,0
291bc9ea079bb554d57802e79d792e8a21d5dff5,2014-07-04 16:42:56+00:00,1,2,1,48,0,0,0,0,0.0,0,0,0
7a51337ce0c939a2b9232c86e434c4478dbd1949,2014-07-10 20:49:16+00:00,1,7,6,39,0,1,1,8,0.9991211891174316,0,0,0
52facc7984bb2cdd3e985c429d423f8cc6da632e,2014-07-10 20:49:31+00:00,1,1,1,30,0,0,0,52,0.0,2,0,0
e48b4b492d50480a84fcf4d144ce8da6497fa672,2014-07-11 17:30:07+00:00,0,8,7,63,0,0,0,0,0.0,0,0,0
36b6c3749694d0d76282a12d69a36cdaf562b792,2014-07-14 14:13:23+00:00,1,1,1,15,0,0,0,0,0.0,0,0,0
28d1ef5be9ef8eb2725192e4c1b7d01ea70c8d32,2014-07-14 14:39:19+00:00,0,1,1,63,0,0,0,0,0.0,0,0,0
d9ea1aaeb0854ff48f3421153ec71fd445226755,2014-07-15 08:45:09+00:00,1,14,4,137,0,0,0,0,0.0,0,0,0
504b960fb4b890a09d056ae70509aa8ecddb4ec1,2014-07-15 08:48:23+00:00,1,2,2,94,0,0,0,0,0.0,0,0,0
55df62954bad614299cc9ddb522bed7fc9c6d02c,2014-07-15 08:57:47+00:00,0,14,4,78,0,0,0,0,0.0,0,0,0
cde5a4a5d50ba967813e1bb35041eaa5f7dd2264,2014-07-15 09:23:52+00:00,1,1,0,183,0,0,0,0,0.0,0,0,0
f5a2138e8ce658d7bf3883c14805589218b06a5f,2014-07-15 09:26:30+00:00,1,2,2,96,0,0,0,0,0.0,0,0,0
a8a4c9828aea6f5159cddc2786d4a74426f9dd4f,2014-07-15 09:26:51+00:00,1,8,6,127,0,0,0,0,0.0,0,0,0
127ab0a9f6cf9872d841f598d33a63bce04dbc0f,2014-07-15 10:40:28+00:00,0,11,8,88,0,0,0,0,0.0,0,0,0
6dc13f2194b7d367f591954707c05d27ef9c79a2,2014-07-15 16:56:47+00:00,1,1,1,43,0,0,0,0,0.0,0,0,0
54fc8075e6c09c28dcf0729f803bb77c87ed9ec2,2014-07-15 17:12:49+00:00,0,2,1,94,0,0,0,0,0.0,0,0,0
d21916c0ff213ed548fc3f8cd5d63293384c77fe,2014-07-15 17:13:09+00:00,0,1,1,90,0,0,0,0,0.0,0,0,0
2a6303e018ab2d0e5925c0afc44d529419bcc9d5,2014-07-16 01:40:16+00:00,2,6,5,199,0,0,0,0,0.0,0,0,0
e25fbc879e9ff67c1f139c450eb78d61015fdf28,2014-07-16 05:36:40+00:00,0,6,5,112,0,0,0,0,0.0,0,0,0
f0fb20cd83f770d6f71b8d5e73a89cb13c08f348,2014-07-16 06:13:11+00:00,1,1,1,74,0,0,0,0,0.0,0,0,0
999ba49611566a12941f624d74dbfdf68bf7932e,2014-07-16 12:14:36+00:00,0,1,1,88,0,0,0,0,0.0,0,0,0
8f17741849edb5e7eba0356f90cb17e43c938a2f,2014-07-17 19:34:31+00:00,4,36,10,37,0,456,178,1940,1.000000238418579,250,64,0
c6fa5bb1cd06ab6d8206ddb4c07572c77f26b9a3,2014-07-18 06:03:29+00:00,2,6,5,106,0,0,0,0,0.0,0,0,0
49ecffb86ee1fd957980581fb990d2d27eb366f6,2014-07-18 06:15:41+00:00,1,7,0,100,0,0,0,0,0.0,0,0,0
17852784e8026e779274366dd7b20609f0d397f7,2014-07-18 06:18:20+00:00,1,1,2,108,0,0,0,0,0.0,0,0,0
be453ba3c34466abe93f996b7de25a3b88b6fea5,2014-07-18 06:19:32+00:00,1,0,0,179,0,0,0,0,0.0,0,0,0
587a5153f0dbb0429a43f90ebef0326e27443bc0,2014-07-18 07:24:27+00:00,0,14,7,76,0,0,0,0,0.0,0,0,0
44e426e4ff7c8f4113d3754becc5678db1c0db6f,2014-07-18 07:35:54+00:00,2,38,14,72,0,0,0,0,0.0,0,0,0
743f38209dad9aa8a70b48249b48534dc0e699ed,2014-07-18 07:48:22+00:00,1,30,30,159,0,0,0,0,0.0,0,0,0
4c94282fdfeaeaaee36717745bb233828c115d72,2014-07-18 09:59:48+00:00,0,38,14,75,0,0,0,0,0.0,0,0,0
eef4e0836cacd5fba902fb44850ac134fc1b992c,2014-07-18 13:46:19+00:00,1,2,2,83,0,0,0,0,0.0,0,0,0
698b93b86dd88ed68ee6dc02c60f5defcc4b5995,2014-07-18 16:44:57+00:00,2,19,19,85,0,0,0,0,0.0,0,0,0
e66466a3319c2c0a406fdfa4e097ac2eec90e211,2014-07-18 20:17:43+00:00,0,19,19,121,0,0,0,0,0.0,0,0,0
811ee4eb5d9edba50a62b906420dec8e079532ae,2014-07-21 18:37:10+00:00,20,816,543,24,0,550,87,1961,1.0000003576278687,2,0,0
170d6269eb004aed085d2e770700bccf92ab0e40,2014-07-21 20:00:14+00:00,1,2,1,32,0,45,45,197,0.9999998211860657,0,0,0
eb2906a65c0fdf312ecc16a4e1c06294429a0edf,2014-07-22 06:57:25+00:00,0,30,30,101,0,0,0,0,0.0,0,0,0
57b861148eda51a0be752d133f6ba19c22936e75,2014-07-22 16:38:08+00:00,1,1,1,103,0,0,0,0,0.0,0,0,0
35f7bcdaa2734aca43a8462ab717af47342ca0c8,2014-07-22 17:10:40+00:00,1,4,3,68,0,0,0,0,0.0,0,0,0
9575d6a6ce03185dd7f295bf29eb847e235461a9,2014-07-22 20:20:37+00:00,0,4,3,60,0,0,0,0,0.0,0,0,0
fe693c492242ae532211e0c173324f09ca8cf227,2014-07-22 20:21:05+00:00,0,818,544,80,0,0,0,0,0.0,0,0,0
9eab9f7415e718cefc77f4bbe632abf8e089c555,2014-07-24 21:00:50+00:00,2,17,2,36,1,340,171,1556,0.9999463558197021,239,61,0
cf01a743aff009b18c42c553a53640d44f026f5c,2014-07-24 21:30:11+00:00,1,1,1,15,1,169,169,1082,0.999865710735321,239,61,0
3eb69be879063de4803f7f0152b83738a1c95ca4,2014-07-27 13:59:08+00:00,0,17,2,114,0,0,0,0,0.0,0,0,0
47d0517d66e8cf5832768262221f0357ae134ad1,2014-07-30 03:27:38+00:00,3,5,19,40,0,338,171,1600,0.9999999403953552,239,61,0
35d083e1665beff39aabe47a79cd1f867b897b0c,2014-08-02 01:33:55+00:00,0,5,19,88,0,0,0,0,0.0,0,0,0
df641e74ffa294d30f0cc9bf951b7f9614aac18d,2014-08-18 02:13:26+00:00,2,15,0,117,0,264,169,1393,0.9998839497566223,240,62,0
53d3cece000fb37bfe35977d01fcd0e5d04866ec,2014-08-19 16:53:26+00:00,1,1,1,3,0,0,0,0,0.0,0,0,0
2fc6e8a894a5378dd16b2653df9ccf875d0bddf8,2014-08-19 17:51:26+00:00,2,5,4,114,0,264,169,1394,0.999930202960968,240,62,0
aa6650a2e77565278af79bcb23d59ccd6ca40e82,2014-08-21 17:43:23+00:00,0,16,0,83,0,0,0,0,0.0,0,0,0
c7e087cf562d173ec62fa384aa028746798f96c8,2014-08-21 18:05:02+00:00,1,2,2,141,0,95,95,314,0.9999997615814209,0,0,0
8bb8a9a37c694c95b9edb17474015a5193658cbf,2014-08-21 18:12:36+00:00,1,1,0,26,0,0,0,0,0.0,0,0,0
5aa1881959378b37b13a488dfcbd740063874dd7,2014-08-21 18:16:59+00:00,1,1,1,25,0,0,0,0,0.0,0,0,0
337b338187af83933a441141892bb32bc1e9837d,2014-08-21 18:25:29+00:00,1,1,1,25,0,0,0,0,0.0,0,0,0
1b2602344fe783c5422602ff5f7d03bf7928c0f3,2014-08-22 08:39:05+00:00,1,3,0,44,0,0,0,0,0.0,0,0,0
391e064b8fc0bf31f1d2514700836b09570fdee5,2014-08-22 10:47:35+00:00,0,3,0,99,0,0,0,0,0.0,0,0,0
1c20d01f10e13a0c2f9348b062d04d5f222542db,2014-08-22 10:50:37+00:00,1,4,3,37,0,0,0,0,0.0,0,0,0
c0322e490ba80b62e1568fdf6bb9554cb8fd6eee,2014-08-22 13:04:50+00:00,0,3,2,84,0,0,0,0,0.0,0,0,0
e70179a6201ba2149d61356badd908900680821d,2014-08-23 17:02:27+00:00,1,3,1,366,0,0,0,0,0.0,0,0,0
024db279c48edfaafe4b6b97921b292c6687a4e3,2014-08-23 17:10:44+00:00,1,1,1,15,0,0,0,0,0.0,0,0,0
c2aeaa3959b5754f5b39a45bceff91b196b6c986,2014-08-23 18:52:51+00:00,6,130,14,277,0,248,177,1392,0.9999997019767761,246,63,0
b4a7906bca61f94a5b7a0e177b0d85b3ee11604f,2014-08-23 20:50:15+00:00,1,30,24,74,0,96,96,317,0.9999998807907104,0,0,0
596ca83f0c66460deb82af07b13ce724b9f46474,2014-08-24 14:54:56+00:00,1,5,7,34,0,95,95,316,0.9995377659797668,0,0,0
f0b9b60f6298ec743f2b470819cd249a041845d3,2014-08-25 02:46:46+00:00,1,1,1,13,0,18,18,43,0.0,0,0,0
8f9ce13e433013cd9bd4dbe9cf61c5b5f14b65ed,2014-08-25 02:56:57+00:00,1,2,2,35,0,4,4,24,0.0,0,0,0
39b3a436d3058975ac8e05735825da03e755a3b0,2014-08-25 03:18:05+00:00,1,4,2,34,0,177,177,1112,0.9993012547492981,248,63,0
7f236fcc40ae3597bfc944c704bff2b8d907cd93,2014-08-25 03:22:55+00:00,1,2,3,5,0,177,177,1111,0.9988601803779602,248,63,0
8bbc4fcb5718a2cc321a456422a80305c2351582,2014-08-25 20:44:29+00:00,8,100,24,266,0,269,87,1056,1.0000003576278687,1,0,0
c879873b3e279f9d3531fe4b8b4a3ec1643bef65,2014-08-26 19:10:51+00:00,0,100,24,85,0,0,0,0,0.0,0,0,0
32e403a90857bbc8d051bc6db57bd035e5aa8296,2014-08-26 19:13:30+00:00,0,130,13,82,0,0,0,0,0.0,0,0,0
7a09e727e392d03201a09a432bae87db5c514504,2014-08-26 19:15:28+00:00,0,3,1,103,0,0,0,0,0.0,0,0,0
08d8876230884eea98306ff60e1778a92fd09057,2014-08-26 19:20:34+00:00,1,1,1,31,0,0,0,0,0.0,0,0,0
7e24176ca137cfc1c134343d991163d5f8779333,2014-08-26 19:41:44+00:00,0,1,1,58,0,0,0,0,0.0,0,0,0
5f483369aaa25cae14d9974d4a1b0a154b27423a,2014-08-26 19:44:51+00:00,0,28,24,132,0,0,0,0,0.0,0,0,0
89cb408bb06d629f0932758abfafc9a17709cb82,2014-08-28 17:05:23+00:00,1,2,2,6,0,1,1,28,0.0,0,0,0
d33ce49aaa46c855458582f338a6e2039d428bee,2014-08-28 17:05:30+00:00,1,2,1,10,0,122,122,337,0.9998981356620789,0,0,0
d22b8d8e7e8fcb8d16efba6841977dc81ac2c935,2014-08-28 17:10:26+00:00,1,1,0,14,0,0,0,53,0.0,2,0,0
b34a496649667b9324caa634cb17e726e0cce1a5,2014-08-28 23:45:24+00:00,2,4,3,19,0,353,178,1600,1.000000238418579,250,64,0
402f3b4993fe8d0626fcffcbfc30caf671b65df3,2014-08-29 02:27:45+00:00,1,5,6,47,0,174,174,481,1.0,0,0,0
0713e09526d3ed2d2fe2516fa6d35727c557024f,2014-08-29 02:42:21+00:00,1,1,1,18,0,178,178,1119,0.9997978806495667,251,64,0
1fcda912dbac57cd4e0f557fb611ea46c200cb4e,2014-08-29 14:30:49+00:00,1,0,4,152,0,0,0,0,0.0,0,0,0
95161ed313db11296c3bd473336340dbb19bb347,2014-08-29 14:32:18+00:00,1,14,3,16,0,0,0,0,0.0,0,0,0
dfa41afd43a15222eb7a2db35feadd36dba4b445,2014-08-29 18:33:46+00:00,5,24,30,26,0,156,95,576,1.0000003576278687,0,0,0
81d6b3e435d41db5d7bb6b57b13977bec6ad526c,2014-08-29 18:51:09+00:00,3,3,3,20,0,0,0,0,0.0,0,0,0
59f5a1089a05bb768e1c86804cc8a6d023c9cb43,2014-08-29 19:06:58+00:00,1,1,1,18,0,122,122,337,0.9998981356620789,0,0,0
34ea836d77f342d4c6f74569288fd1288815f596,2014-08-29 19:08:03+00:00,1,1,1,6,0,0,0,0,0.0,0,0,0
da122231e4dab3cc3f9726b4e8edf70bb649dd5d,2014-08-29 20:16:30+00:00,1,4,0,42,0,50,50,218,0.9999997019767761,0,0,0
2c76122a48c6a4b513930fed56c0aea5362d6c9c,2014-08-29 21:07:28+00:00,1,5,0,53,0,178,178,1114,0.9994999170303345,248,64,0
c8098670357f2954ce4db2eb1fa9c7483c5f63d0,2014-08-29 21:39:22+00:00,1,3,0,19,0,0,0,56,0.0,2,0,0
c6a1167e8b35a7fa46b6bebe8f5d21fed9e25edc,2014-08-29 21:43:51+00:00,0,5,0,87,0,0,0,0,0.0,0,0,0
ce7957c085d912bd1b225460d159b19eaf3e6510,2014-08-29 21:50:45+00:00,1,3,0,25,0,178,178,1116,0.9983803629875183,248,65,0
226b5c7b0aafc3cb744eb79a666d9a1bd0803a47,2014-09-03 07:40:27+00:00,1,4,2,60,0,0,0,54,0.0,2,0,0
9354855648cedbec3a91a9391e067f56e8414814,2014-09-03 21:01:25+00:00,1,2,5,26,0,49,49,216,0.9999997019767761,0,0,0
bc2560480e43b6eee8b096e2a03530aa67e7ccf2,2014-09-04 18:36:56+00:00,0,3,0,73,0,0,0,0,0.0,0,0,0
958845ae35cee1fa15acc14b5691d787e8bed9bb,2014-09-04 18:37:45+00:00,1,1,1,18,0,0,0,56,0.0,2,0,0
07bbe214aa32fa547ae20dd63f52032d169d365e,2014-09-04 18:39:12+00:00,0,28,34,78,0,0,0,0,0.0,0,0,0
209a871b638f85e2c61966f82e547377ed4260d9,2014-09-04 18:39:23+00:00,0,1,1,66,0,0,0,0,0.0,0,0,0
1324ca1a0f6e4fc48a7edf5dd1766d528e557520,2014-09-04 18:39:41+00:00,0,11,2,95,0,0,0,0,0.0,0,0,0
a77054f90fd3947db03838d3f244ee802c388314,2014-09-04 18:40:15+00:00,2,18,1,44,0,0,0,53,0.0,2,0,0
0df32de02d7e8e7481ac4afdab8a762b22b1d240,2014-09-04 18:41:46+00:00,0,4,2,109,0,0,0,0,0.0,0,0,0
9c6ae1dc0b6ade1dec2e8c3d5dcd8ef98398cb91,2014-09-04 18:44:37+00:00,1,2,1,28,0,0,0,0,0.0,0,0,0
359659cf4b9dbeeef1ed832501dc1f99b0f0beac,2014-09-05 15:11:57+00:00,0,19,1,97,0,0,0,0,0.0,0,0,0
27c83f71770a2a64d56b7d53f9cc67f53cf70ccd,2014-09-07 17:02:23+00:00,1,2,2,41,0,96,96,316,0.9999997615814209,0,0,0
bf8f791a936dbaadb6be33546f41bca50a652ac0,2014-09-09 07:44:40+00:00,1,1,1,18,0,0,0,0,0.0,0,0,0
2416e2343aa6e06dc75f36b51a7e9bfa7bd28d85,2014-09-09 07:45:30+00:00,0,1,1,70,0,0,0,0,0.0,0,0,0
5e94c81e98168e79cb4e46e27a7630e94e785cec,2014-09-09 14:24:24+00:00,0,2,2,62,0,0,0,0,0.0,0,0,0
dff383ce8f7a7f1c348c1cb5ea970a59fbe48527,2014-09-09 16:34:34+00:00,2,11,2,15,0,1,1,28,0.0,0,0,0
27b6bfc2134454c7296513d85a40d38a839cdd55,2014-09-09 16:39:36+00:00,1,1,1,4,0,0,0,0,0.0,0,0,0
9e8702d3d54a532f01334f47e68eb90e22a6ab7a,2014-09-09 16:42:00+00:00,1,1,1,4,0,0,0,0,0.0,0,0,0
2bc7762cb6c91f49e5b116d3eb9f93af01e331f2,2014-09-10 16:57:20+00:00,1,6,3,64,0,50,50,219,1.0000003576278687,0,0,0
d3566ee1b053b6f24c4bf657ca36e6cb4698a44f,2014-09-12 01:10:54+00:00,1,9,2,175,0,178,178,1123,0.9964783191680908,248,68,0
1a44a99f175d831487fe82985d1d4a4820cc355c,2014-09-12 14:16:11+00:00,0,9,2,119,0,0,0,0,0.0,0,0,0
bff8b91638586a8269f79f1bac6e82921702e5b3,2014-09-12 15:13:43+00:00,2,4,2,55,0,349,178,1597,0.9998674392700195,248,68,0
9b41308b9f582dfa39db0ee57dc0b521a24538c2,2014-09-12 16:54:40+00:00,0,4,2,112,0,0,0,0,0.0,0,0,0
4707d11004a201a89257fa3ab5365fb3dc9d2f90,2014-09-16 09:38:40+00:00,2,25,0,59,0,0,0,0,0.0,0,0,0
0924069b689c7323f47444b6a19bc037c43b49e2,2014-09-16 09:54:31+00:00,2,26,23,56,0,0,0,0,0.0,0,0,0
082c8d0db884f8b2e3eaa09cb82fb1639fd559f9,2014-09-18 01:06:54+00:00,0,28,0,102,0,0,0,0,0.0,0,0,0
466a70f7c1ff4a268df3ff2f28a8afb78046b8bd,2014-09-20 14:00:36+00:00,1,3,3,48,0,0,0,0,0.0,0,0,0
d243668d16e5a1b9d886f12f43ab521a1774df65,2014-09-20 19:56:00+00:00,2,1,3,41,0,0,0,0,0.0,0,0,0
d28d45af915adcc964f1621e8115b40b2db0cbba,2014-09-20 22:12:38+00:00,0,1,3,104,0,0,0,0,0.0,0,0,0
fdf932c61c7ff77d494a4a413cc5fbdb71328ac7,2014-09-22 16:04:29+00:00,1,6,2,79,0,173,173,478,0.9999999403953552,0,0,0
d6470870d08828c1d332ae446d5288eaab55d1f1,2014-09-22 16:46:07+00:00,1,2,3,39,0,173,173,477,0.9999999403953552,0,0,0
58e0a6f4a020db660119f1c9459ab37ba55b92d4,2014-09-22 19:51:10+00:00,1,3,0,26,0,4,4,25,0.0,0,0,0
6e5f7bb9d397ade498ee22d9785863ef1b8ad946,2014-09-22 19:51:59+00:00,1,4,4,31,0,173,173,477,0.9999999403953552,0,0,0
64ba451049c614eb14d336c2e7989ffaa81b2bb5,2014-09-22 19:58:54+00:00,1,1,1,39,0,4,4,25,0.0,0,0,0
ac44b482971d93cf5e7d4985a0b3fff52b3d2059,2014-09-23 02:01:36+00:00,1,6,1,436,0,97,97,321,0.9996475577354431,0,0,0
671ba85d410febab91ac580eab8282a485c89108,2014-09-23 02:08:29+00:00,1,2,2,145,0,0,0,0,0.0,0,0,0
e0d88c2814f24e7da11b03351934bd1df5e27476,2014-09-23 06:25:26+00:00,0,2,2,84,0,0,0,0,0.0,0,0,0
de76fbeefbeae0974725e9470105347804d07349,2014-09-25 02:57:38+00:00,0,6,1,82,0,0,0,0,0.0,0,0,0
3635b1501d5bfb17678404f199fb6efe2b3249ff,2014-09-25 18:06:04+00:00,1,1,1,245,0,0,0,0,0.0,0,0,0
a718a81d273503bd2ffae8e6cb036a8516eb426a,2014-09-25 18:28:05+00:00,0,1,1,92,0,0,0,0,0.0,0,0,0
6e1db21733214e4d6707b0bc91b80499d4e946db,2014-09-25 19:47:56+00:00,2,17,2,177,0,173,124,559,0.9999618530273438,0,0,0
cd5eb629616012fcfa2835a633e04cdc47c33ec9,2014-09-26 22:28:29+00:00,1,1,1,20,0,49,49,216,0.0,0,0,0
c28da22e9c42e22b303bb07da434ce65e10c0cb2,2014-09-27 17:42:58+00:00,1,9,0,65,0,35,35,140,1.000000238418579,0,0,3
a68d1b4517395e4845fa8405f043f8aa3110f83c,2014-09-29 20:11:45+00:00,3,14,6,37,0,350,179,1600,0.9999207854270935,249,68,0
8ed941fa6991355753e698f6b253096d57f6c7e4,2014-09-30 21:03:31+00:00,2,12,10,225,0,268,173,801,1.0000005960464478,0,0,0
e74791d0543aa3bb65bcdfa40c3d8946cd84a0d6,2014-10-02 16:20:05+00:00,0,14,6,90,0,0,0,0,0.0,0,0,0
b1f3a2dd66f1da05976d7f60261ce0665d4b6469,2014-10-05 04:04:35+00:00,1,4,3,128,1,97,97,322,0.0,0,0,0
20ca9feeb33da439a963633cec08219ea8614fc5,2014-10-05 08:05:29+00:00,0,4,3,87,0,0,0,0,0.0,0,0,0
1e79cf6a47edc47968dc14221d8c8765ab8341c8,2014-10-05 16:46:09+00:00,0,38,10,67,0,0,0,0,0.0,0,0,0
65cdccb70f79443b868853c5543e65b2610452f7,2014-10-05 16:48:40+00:00,0,8,2,119,0,0,0,0,0.0,0,0,0
90dc467fc0b1f4f1b7472acb5708e3017a53fa70,2014-10-05 17:13:42+00:00,1,22,0,16,0,0,0,0,0.0,0,0,0
79f56e2e7e9cf1828da8287735751a998269a5f1,2014-10-05 17:14:38+00:00,1,1,4,58,0,122,122,337,0.9996733069419861,0,0,0
779c001e44ed436a805a6fea5b4d2895b381d7b3,2014-10-05 17:15:33+00:00,1,4,4,15,0,1,1,28,0.0,0,0,0
5850b1f53b98ba48c23432475b246cddf9f489d4,2014-10-05 17:19:14+00:00,0,18,3,55,0,0,0,0,0.0,0,0,0
ca2ebc5b682452bc870efb2f7123feda9a80a8ea,2014-10-05 23:30:11+00:00,2,10,2,177,0,356,181,1626,0.9999207854270935,252,69,0
0e4efab270780726fbf4f8b6704f8f22741399d6,2014-10-05 23:55:59+00:00,2,4,4,36,0,272,175,808,1.000000238418579,0,0,0
4ec26da2f7ab6a0e5f66fcb945145657e3f9bed1,2014-10-06 09:39:54+00:00,0,10,2,83,0,0,0,0,0.0,0,0,0
6da438dabd6f5aeed23f77fd663d4092506ec8b3,2014-10-06 09:40:03+00:00,0,4,4,91,0,0,0,0,0.0,0,0,0
78d12bbbe9a1a5ddf0a50aa793dc0579798ff7bd,2014-10-06 09:42:55+00:00,1,10,1,6,0,0,0,0,0.0,0,0,0
46d646064ca0836a7d7b4d50ea2c762d12ff8ce1,2014-10-06 09:44:25+00:00,1,2,2,6,0,1,1,28,0.0,0,0,0
6ff6f756c034ad0a946c711d0e136cfbd077ab62,2014-10-07 21:06:01+00:00,1,8,8,64,0,35,35,140,1.000000238418579,0,0,3
4594667f07cac83ea95a19747dea1588aa2cb59e,2014-10-09 02:26:07+00:00,1,1,1,28,1,124,124,343,0.999999463558197,0,0,0
ce1ac88543238c865e797eb59bbaa092c4d43ec7,2014-10-09 19:22:18+00:00,1,1,1,11,0,124,124,343,0.999999463558197,0,0,0
589f2f6d6e4b3934637c7de2b3e56b298cf21343,2014-10-10 02:07:01+00:00,1,1,0,48,0,0,0,0,0.0,0,0,0
8339b60fd5bbe0ef9dae1764b3964f515364a54f,2014-10-10 16:58:30+00:00,1,1,1,16,0,124,124,343,0.9998081922531128,0,0,0
2ac771b35edeb75ff47dfeca9859abb869a0ec60,2014-10-10 18:30:18+00:00,0,1,1,64,0,0,0,0,0.0,0,0,0
c41eb27091d2d719569191393c862f29011c83c5,2014-10-12 14:55:34+00:00,0,1,0,103,0,0,0,0,0.0,0,0,0
4d498db3ed2398bf777a64121bdd974f7dc93b0a,2014-10-14 14:56:05+00:00,1,2,2,113,1,0,0,0,0.0,0,0,0
f7ecad843bb5a0e2898a441a1664126877d0e721,2014-10-14 15:22:48+00:00,0,2,2,76,0,0,0,0,0.0,0,0,0
3a6348dbb9af4b811def72c67637bba04706916e,2014-10-19 07:48:26+00:00,2,3,8,46,0,0,0,0,0.0,0,0,0
e1e1855b85e4a416d9fe0cc6a97f766a6067306b,2014-10-19 07:56:36+00:00,0,3,8,98,0,0,0,0,0.0,0,0,0
96efb5ec9638f2a057e0206db62ee673a3e610dc,2014-10-19 08:36:02+00:00,2,6,6,28,0,0,0,0,0.0,0,0,0
6b58a359e8af882eb3fd89a54e0a4db38c9afa2e,2014-10-19 09:42:28+00:00,0,6,6,79,0,0,0,0,0.0,0,0,0
f5ff05be1ed04bcc50e33af28fb54382466a32e8,2014-10-22 01:03:11+00:00,1,6,2,46,0,176,176,486,0.9998710751533508,0,0,0
3d8823cafc82fd9849eef6650a54a61554079b61,2014-10-23 10:46:44+00:00,1,1,3,25,0,35,35,138,0.9986776113510132,0,0,3
387c8f852cbb6ee2bdbb073b23871e18b7767d53,2014-10-24 03:49:18+00:00,1,3,1,51,1,97,97,326,0.9999999403953552,0,0,0
3602690886a0b1795f721664e93c96f4b4c9f5a9,2014-10-24 23:37:35+00:00,1,3,3,50,0,176,176,486,0.9998710751533508,0,0,0
f54a4e3de186495a5254d21ae698c677c71b90c3,2014-10-25 02:58:11+00:00,7,97,26,28,0,280,87,1049,1.0000007152557373,1,0,0
2eb7e3c80b345f6c6e13fadf6f1ba98efccdd2e2,2014-10-25 03:23:15+00:00,3,25,4,41,0,239,184,1410,1.0000003576278687,255,69,0
cfd6e25749dd17c6b511043a6720b672f74029ed,2014-10-25 11:54:34+00:00,1,5,4,43,0,176,176,484,0.9990093111991882,0,0,0
c044a70796f5ba7cbe8f5a4c45a849c3acf09037,2014-10-25 11:54:47+00:00,1,1,0,14,0,0,0,0,0.0,0,0,0
adf475ef82cbd29f63814c0626f64926deb2355b,2014-10-25 13:31:03+00:00,1,3,1,28,0,51,51,222,0.0,0,0,0
be805f942ea5286e4b6b5c899d96e8cb9e76e66c,2014-10-25 18:33:52+00:00,0,6,2,109,0,0,0,0,0.0,0,0,0
77687de5099b6b65cde5901a29a3b1c5e751b8a2,2014-10-26 11:40:05+00:00,1,4,5,115,0,175,175,483,1.000000238418579,0,0,0
26ed7c2e1dce4271f3a3b111a167a6dcca3acddf,2014-10-26 11:49:46+00:00,1,3,3,43,0,176,176,483,1.000000238418579,0,0,0
8e69c9f0a16b37990df4430eb81a5138520689ac,2014-10-26 13:41:56+00:00,1,3,3,115,0,175,175,483,1.0000005960464478,0,0,0
583859b8204a1e9dd8a337f1ca06e31e8f79b5f8,2014-10-26 13:45:12+00:00,1,2,1,54,0,181,181,1144,0.9995999932289124,252,69,0
f2f3bdea8da5f4ba7f56d6a9dd4b2b5f414abf32,2014-10-26 19:46:23+00:00,1,2,0,46,0,0,0,0,0.0,0,0,0
d505b94fa47dbce4eae4db09d0056b7808b71b01,2014-10-27 00:24:37+00:00,1,11,0,351,0,124,124,354,0.9999854564666748,0,0,0
091991be0da19de9108dbe5e3752917fea3d7fdc,2014-10-27 00:32:46+00:00,0,3,1,122,0,0,0,0,0.0,0,0,0
a703e24573d46871f5cd63631e33778281981f24,2014-10-27 16:56:18+00:00,2,4,4,54,0,49,49,216,0.0,0,0,0
29ef1081583115c8bb2c8a592b883dc7c835240c,2014-11-01 02:20:04+00:00,2,7,2,56,0,279,182,1472,0.9999996423721313,253,69,0
124c0940e969cab670a92964e39d212bc6f0afc5,2014-11-01 14:04:09+00:00,0,7,2,96,0,0,0,0,0.0,0,0,0
122c92e59002cad20c29be4e9ec9d4f6d50a1ef6,2014-11-01 14:04:29+00:00,0,8,1,125,0,0,0,0,0.0,0,0,0
f28bde7250cfe18a2bb9351dae17908783d8a93e,2014-11-07 08:19:18+00:00,1,1,1,23,0,49,49,216,0.9999605417251587,0,0,0
1c52d15d9772e459add567cbdc9d38a284a8d939,2014-11-07 14:12:23+00:00,0,1,1,68,0,0,0,0,0.0,0,0,0
3155bc99362a8c6ab136b6a3bb999732617cd2e5,2014-11-07 14:55:17+00:00,1,6,1,221,0,8,8,23,0.9996576905250549,0,0,0
431282e77888e6601991d8c1e2481b3692f4194a,2014-11-07 20:18:41+00:00,0,3,1,102,0,0,0,0,0.0,0,0,0
34f6088c8f3f2bac942c84ce2ffa92dfdee5aa4e,2014-11-12 12:23:23+00:00,1,8,0,41,0,183,183,1154,0.998138427734375,255,69,0
ee50afef59ca47879144448ae056a2836f3d4534,2014-11-12 12:35:27+00:00,1,1,1,6,0,177,177,486,0.9995394945144653,0,0,0
67c505781cece96763b86c47967efb785f33b079,2014-11-12 14:46:22+00:00,1,5,1,168,0,35,35,138,1.000000238418579,0,0,3
19b8e3042e8bd5abf4da2464ac3b45551f88e292,2014-11-12 15:53:32+00:00,0,5,1,100,0,0,0,0,0.0,0,0,0
e4ddca0f8b5f61a7cc5f3c1e46174ac05f8f6920,2014-11-12 17:34:14+00:00,0,6,1,114,0,0,0,0,0.0,0,0,0
45ef1f8eeb866fc2791b74332e001ae82bf49ae2,2014-11-12 17:34:48+00:00,0,9,1,78,0,0,0,0,0.0,0,0,0
1601387cbe1f91080803ddc6a9cb4d0df2d4869b,2014-11-12 17:35:24+00:00,0,4,2,107,0,0,0,0,0.0,0,0,0
9dc660269f3270cf60ba5e1fd855e853241218d5,2014-11-12 17:36:03+00:00,0,11,0,117,0,0,0,0,0.0,0,0,0
087a27aba97d3eac017d321e37bf1970f8833c1a,2014-11-16 00:58:25+00:00,2,19,11,296,0,361,183,1639,0.9999801516532898,254,69,0
3246b1fe172ca3d4f098e85467234ded2f833b31,2014-11-17 00:39:08+00:00,2,3,3,37,0,361,183,1639,0.9999801516532898,254,69,0
8b03f6027832a9d79f951ca1e5f27278f8b72af4,2014-11-17 10:39:33+00:00,1,13,0,110,0,0,0,0,0.0,0,0,0
c8baf881257ff3194879ad79bef81c27007b4dcf,2014-11-18 04:13:35+00:00,1,12,3,273,0,98,98,333,0.9999999403953552,0,0,0
2a5364cf72fb8156773d6304c0e3e21472de8002,2014-11-24 01:54:44+00:00,1,1,1,44,0,97,97,326,0.9999997615814209,0,0,0
1c4a666b161772d64af91d744e9ac9e92602ff3c,2014-11-30 19:11:52+00:00,0,1,1,96,0,0,0,0,0.0,0,0,0
8ae4d02d73dc3506f77a0b139c974097729dffa8,2014-11-30 19:12:04+00:00,0,13,0,95,0,0,0,0,0.0,0,0,0
53d02381e22436b6d0757eb305eb1a960f82d361,2014-11-30 19:12:43+00:00,0,12,3,108,0,0,0,0,0.0,0,0,0
7aa6c62d6d917e11f81b166d1d6c9e60340783ac,2014-12-01 19:40:32+00:00,17,395,140,24,0,441,90,2237,1.0000007152557373,3,0,0
90857b8b59020397e5064df9aaedbef817f0ce3b,2014-12-01 19:45:27+00:00,0,31,5,72,0,0,0,0,0.0,0,0,0
cf82d4406be55c71983d05d7f6e18917540b5c69,2014-12-01 22:21:41+00:00,1,7,7,28,0,184,184,1162,0.9998987913131714,255,69,0
9a0ce939353a3ab4873088fb34d0683749b60e92,2014-12-01 23:02:42+00:00,1,35,0,21,0,0,0,0,0.0,0,0,0
33b25176b86efcfa79bc93bae9be8e4affc48262,2014-12-01 23:03:24+00:00,1,2,2,21,0,1,1,28,0.0,0,0,0
f172b30356d821d180fa4ecfa3e71c7274a32de4,2014-12-01 23:22:17+00:00,0,37,2,70,0,0,0,0,0.0,0,0,0
4e90aa7bd0c8051fe4894971fb77c72a26a92728,2014-12-03 04:46:10+00:00,0,7,7,82,0,0,0,0,0.0,0,0,0
bf2e73522f09dd131c5c8f78efd3ef6d6bc1d4d7,2014-12-08 18:04:27+00:00,1,1,1,43,0,0,0,0,0.0,0,0,0
1d9bf43def50780f733e83b9e0d99c9673f0abbe,2014-12-08 18:40:44+00:00,0,1,1,91,0,0,0,0,0.0,0,0,0
508f4b1ca514b2f18adaba807eaa81e0c298b8e1,2014-12-08 20:29:55+00:00,1,1,1,62,0,0,0,0,0.0,0,0,0
e23bf10cf4ecc62f6c3dd6284043516fb833d9ce,2014-12-08 23:46:08+00:00,0,1,1,107,0,0,0,0,0.0,0,0,0
d61540551943df57aa0dece5e44e130309dcafec,2014-12-09 02:48:40+00:00,1,78,1,37,1,13,13,42,1.0000001192092896,0,0,0
e8d02ea0bbc05042e618a7ca115f4fca7b2deeb9,2014-12-12 15:11:32+00:00,3,10,1,268,1,310,185,1522,0.9998082518577576,256,69,0
da82fb4b1d287caff3a2a99692be111eccbd1347,2014-12-13 03:12:31+00:00,1,20,5,30,0,13,13,42,1.0000001192092896,0,0,0
a8205bb5091bc0051bbd664deb4b1414558e7a87,2014-12-13 19:49:04+00:00,0,10,1,161,0,0,0,0,0.0,0,0,0
01b58ba04e694384119e33b05726b81757022b2e,2014-12-15 06:37:19+00:00,1,1,1,86,0,0,0,53,0.0,0,0,0
d7c0249aa8d46d1383cb31d38196c7715c213611,2014-12-15 07:59:47+00:00,0,1,1,70,0,0,0,0,0.0,0,0,0
39090cfba65cd056258dadce35e53dfeddd4568c,2014-12-15 18:24:06+00:00,0,507,160,65,0,0,0,0,0.0,0,0,0
4c61fef13f53db220f95032b72e6e374970bf272,2014-12-15 18:41:10+00:00,1,9,9,137,0,186,186,1171,0.9999998807907104,256,70,0
925e975295e2fe772268e748c6c074af7b0ae47d,2014-12-16 07:55:13+00:00,1,3,4,48,0,177,177,485,1.0000001192092896,0,0,0
f723ab538f2cfa52ad25cdacb90d7d91fbdb3f00,2014-12-16 09:19:50+00:00,0,3,4,84,0,0,0,0,0.0,0,0,0
386c589ba0832eed62aef91a30adaed3d5648d1c,2014-12-17 04:18:51+00:00,0,10,2,84,0,0,0,0,0.0,0,0,0
bd3cf95e34aa49c8d764c899672048df107e0d70,2014-12-17 04:49:24+00:00,1,1,1,30,0,178,178,488,0.9999997615814209,0,0,0
86c3ecfd341e4e86977317f03ae344d363c63e3a,2014-12-23 16:40:31+00:00,1,4,3,477,0,35,35,139,1.0000004768371582,0,0,3
eccbf4a4125199d353ec53e11dea56592270041a,2014-12-23 17:40:35+00:00,0,4,3,112,0,0,0,0,0.0,0,0,0
ce5b5fe227f939cd0195aa47822b8404357ced5d,2014-12-23 17:50:31+00:00,1,13,0,27,0,0,0,0,0.0,0,0,0
b83131779c701720a9ae9efae78996277d416269,2014-12-23 17:54:01+00:00,1,2,2,21,0,1,1,28,0.0,0,0,0
f4ec3d2309c681777211c5aba8c9fe3144f21ae2,2014-12-24 14:33:14+00:00,2,54,40,38,0,110,110,251,0.9997777938842773,0,0,0
101425ebfc747d4c0173fc42e64654c6bcb45fe1,2014-12-24 14:54:49+00:00,1,9,8,34,0,110,110,251,0.9996041059494019,0,0,0
2d1ffad80bdfbefcb1922e0129fca28d493d3fb0,2014-12-24 15:15:37+00:00,0,55,40,97,0,0,0,0,0.0,0,0,0
751b35c346e1cf373fcf4b2f19683ebfbd9dae3d,2014-12-27 02:02:16+00:00,2,28,4,55,0,314,188,1539,0.9997223615646362,258,70,0
892f2560c1fc99260a8cb073478c0c6e7245bd93,2015-01-01 03:34:50+00:00,3,4,4,96,0,1,1,72,0.0,0,0,0
7612015424c88cfd98f6be692ff994898aee1502,2015-01-01 08:28:11+00:00,0,4,4,97,0,0,0,0,0.0,0,0,0
673bd6afce7ca407c1863be5f6049edd4f5d43b0,2015-01-06 05:56:47+00:00,1,10,0,11,0,0,0,0,0.0,0,0,0
15597c27cd62c56892963545c526be7dcdd7854d,2015-01-08 14:52:50+00:00,3,7,7,12,0,0,0,0,0.0,0,0,0
5549f5025822dd2fedbb4fa09415495882ccfdf5,2015-01-08 14:52:56+00:00,1,0,5,8,0,0,0,0,0.0,0,0,0
ac34e3b346aa22d16a34bf869be1343d0d4236f1,2015-01-08 14:55:40+00:00,2,6,11,14,0,0,0,0,0.0,0,0,0
09658b80c0a090f54e8a30a7531deb96ff8da11e,2015-01-08 14:58:31+00:00,1,1,0,7,0,0,0,0,0.0,0,0,0
176b3652877b7a9c1b6fce6248661101912abf6a,2015-01-08 15:01:39+00:00,1,4,0,7,0,0,0,0,0.0,0,0,0
b176ccd481eb0c327e6b55254f580b59b3aecce4,2015-01-08 15:04:58+00:00,1,2,2,40,0,0,0,0,0.0,0,0,0
a57eacf080ac6c441dc85eb62340fb188003c479,2015-01-09 20:38:30+00:00,0,93,1,108,0,0,0,0,0.0,0,0,0
d2d576b6b1101e2871c82f63adf2c2b534c2dabc,2015-01-10 02:55:54+00:00,4,35,17,58,0,186,93,689,1.0000003576278687,0,0,0
f37fe551bbbf6ac8d07c35c64888b4ab289c967d,2015-01-19 03:17:11+00:00,1,0,52,64,0,0,0,34,0.0,0,0,0
eec44dbbb1a0ce0427bf5151aa32ad5fcd1898e5,2015-01-19 03:51:49+00:00,3,30,3,338,0,315,190,1602,0.9989684820175171,262,70,0
677bbe30d7b26b006d8b38107e1db9cbd429ac2f,2015-01-20 00:50:50+00:00,1,3,1,110,0,35,35,141,0.9999997615814209,0,0,3
74d85d0a2f21b6d888e8f5a5c4988e04ca522afc,2015-01-23 03:37:33+00:00,1,1,1,2391,0,0,0,0,0.0,0,0,0
2f7f6a57f35f204685840eb57d29ef454e45ba30,2015-01-23 07:19:39+00:00,0,1,1,96,0,0,0,0,0.0,0,0,0
fb1971778f0a199e65193af4bbd0a040fd3808f8,2015-01-26 00:11:22+00:00,1,2,1,96,0,36,36,139,0.9999997615814209,0,0,3
cf3a7f4945c2f8ace6f946b5d225856e032e86fe,2015-01-27 18:22:53+00:00,0,3,1,95,0,0,0,0,0.0,0,0,0
3314eb9a627a62cdaf0dbdcda623273ce253f715,2015-01-27 18:23:18+00:00,0,30,3,94,0,0,0,0,0.0,0,0,0
383b20b02324e5c5d1970dd3ab0ba29bd991d2b2,2015-01-27 18:24:25+00:00,0,0,52,121,0,0,0,0,0.0,0,0,0
b137472936cbe6a6acabab538c1d05ed4c7da638,2015-01-27 18:24:34+00:00,0,28,4,95,0,0,0,0,0.0,0,0,0
ff56e431ad94ce54ad0fb8e11113474ea1362112,2015-01-28 14:16:05+00:00,1,22,2,242,0,0,0,0,0.0,0,0,0
02f852cc41aec89e1f5147cc87732927b80b8420,2015-01-28 14:58:05+00:00,1,12,2,79,0,0,0,0,0.0,0,0,0
3a5e2b2f3de4d46ea247ad88a26c09867d048712,2015-01-28 14:58:43+00:00,1,1,1,19,0,0,0,0,0.0,0,0,0
e6448578776f6abe5116017103f6503369dccf1b,2015-01-29 02:48:22+00:00,1,20,6,46,0,0,0,0,0.0,0,0,0
69b7c45c2e1fc84e1d64ae95454afa69546c7e08,2015-02-03 06:50:11+00:00,0,4,2,94,0,0,0,0,0.0,0,0,0
53f33eb473ec55746098670d178e1e1936003da6,2015-02-03 09:16:38+00:00,1,7,0,51,0,0,0,0,0.0,0,0,0
c7beb703bf5c5991a2c54018b21969a72d4c40f2,2015-02-03 10:34:06+00:00,0,7,0,116,0,0,0,0,0.0,0,0,0
ced6550a2555002f6c081d75547f30fd3fc5e29c,2015-02-04 02:23:07+00:00,1,4,2,158,0,193,193,1203,0.9995388984680176,264,70,0
426493f388e0b0f657e244962d382d31ad7afad9,2015-02-04 07:01:10+00:00,0,1,1,130,0,0,0,0,0.0,0,0,0
80aee7a2252f15d6790f15e1d98d59885e9c7e7b,2015-02-05 02:05:03+00:00,1,1,1,79,0,193,193,1203,0.999718189239502,264,69,0
291b6b24b7a4645dc7b8b9ee8919c62c65b85fef,2015-02-06 13:46:38+00:00,1,1,1,153,0,0,0,0,0.0,0,0,0
69d9594338292e8b6cbbca236cde25fad33e3a47,2015-02-06 14:02:58+00:00,0,1,1,169,0,0,0,0,0.0,0,0,0
b86330d1f15f04e77093800efb8c6bd6909e8c8e,2015-02-10 19:03:59+00:00,1,635,550,26,0,0,0,0,0.0,0,0,0
a5a314e8ee0205122aad181bb23693cf96c7a3d4,2015-02-10 19:05:56+00:00,0,635,550,70,0,0,0,0,0.0,0,0,0
62df872871049f1911bbcfee194d603e9704613e,2015-02-11 18:22:10+00:00,5,79,11,59,0,280,98,918,1.000000238418579,3,0,0
344b51327caccca6fd02b28e46495b3d2f02173f,2015-02-19 06:36:16+00:00,1,4,4,86,0,0,0,0,0.0,0,0,0
5a22d2060fb9ffa82e4c9cbb2cd14922a4a24c49,2015-02-20 02:01:55+00:00,0,4,4,89,0,0,0,0,0.0,0,0,0
ed73d9e45d96ba47c6c67796d5ddd7b5d98cc96f,2015-02-20 18:20:18+00:00,1,9,0,49,0,0,0,0,0.0,0,0,0
6f3c91b8348d27f6e8ef5d7036ae91b1a1ee369b,2015-02-21 10:20:57+00:00,0,9,0,101,0,0,0,0,0.0,0,0,0
0b6d2e451b4a5c468bcafdeedf9e0c15a5fa1961,2015-02-23 22:01:06+00:00,0,79,11,114,0,0,0,0,0.0,0,0,0
58e513579a0934dbd737077f3069c04d68cf1a52,2015-02-23 22:02:30+00:00,6,197,83,58,0,323,98,1059,1.000000238418579,3,0,0
d8be2473d1a586a3673d728d49e10fd4286e3b0e,2015-02-23 22:26:40+00:00,2,49,2,37,0,1,1,28,0.0,0,0,0
b58318163cadbe1f0738690eb779afcec786757e,2015-02-24 15:44:51+00:00,1,550,635,35,0,0,0,0,0.0,0,0,0
de674fc82c357fdc753d3887e4d14c66a5f98318,2015-02-24 16:18:16+00:00,0,550,635,97,0,0,0,0,0.0,0,0,0
628474d62666e6691ec35677a918f5e97c35cda2,2015-02-24 16:30:17+00:00,2,10,2,44,1,1,1,28,0.0,0,0,0
461b740db6ae3d3ab1c5d975b657307f5c630fcb,2015-02-24 16:32:15+00:00,0,10,2,108,0,0,0,0,0.0,0,0,0
6ea3f2ada87177559188bfc9148af1b2384f38c6,2015-03-01 02:13:45+00:00,1,4,3,418,0,13,13,43,0.998151421546936,0,0,0
9d8a57f2a29de97682d85d71ea98354ac8223442,2015-03-01 02:19:13+00:00,1,7,0,47,0,194,194,1208,0.9996042251586914,264,69,0
2669f0c0b1e98c9ea36d2614d48b07ad150ea276,2015-03-01 05:04:22+00:00,1,15,4,294,1,17,17,53,0.9989341497421265,0,0,0
11b12c3e07c542f9027b3cd3fac0d59573d28c2b,2015-03-03 01:44:52+00:00,1,1,1,127,0,178,178,488,1.0000001192092896,0,0,0
326f77d57c3fdb45bf1d263a8b4ecef781f39850,2015-03-03 02:41:00+00:00,1,13,0,87,0,194,194,1213,0.9996596574783325,266,69,0
1887f32b17326fdaced7b57da349dc5ad7873435,2015-03-03 19:37:39+00:00,1,1,1,87,0,194,194,1213,0.9996873736381531,266,69,0
61f4faae704e6b07ac70c9c26d97c5023156edf6,2015-03-03 20:01:31+00:00,0,14,1,135,0,0,0,0,0.0,0,0,0
39e49e5fb906d23fcc81197cfec85ca71b1a36d9,2015-03-04 13:49:12+00:00,0,21,2,101,0,0,0,0,0.0,0,0,0
e7ac8ea0c106be330912c2d043756a714d115e4a,2015-03-04 14:11:39+00:00,1,6,0,24,0,0,0,0,0.0,0,0,0
ec700a9a1338975cbd340001091aa2c6d98c8988,2015-03-04 15:21:38+00:00,1,6,5,132,0,177,177,488,1.0000001192092896,0,0,0
bcfcd9f980440e7bb3f38d57c1332009b8d31642,2015-03-04 20:16:25+00:00,1,1,1,33,0,0,0,0,0.0,0,0,0
c53aa08cce050fcbe581467a62c6fc16462f1b1a,2015-03-04 22:20:33+00:00,0,52,2,118,0,0,0,0,0.0,0,0,0
62200cb07e76b0b6189bc64d1ca35d43514d0566,2015-03-07 07:40:25+00:00,1,17,0,59,0,197,197,1230,0.9998130798339844,270,71,0
4497a26c376c60360d05644b574be0db3c887fe3,2015-03-07 09:04:43+00:00,2,15,0,48,0,178,178,488,0.9999943971633911,0,0,0
14b653ab3c500b43a317c800dc8a85792188b402,2015-03-07 10:03:42+00:00,0,32,0,91,0,0,0,0,0.0,0,0,0
a0790f37b762ec737b2a4a13c167aad2defa8575,2015-03-11 00:34:34+00:00,4,30,15,58,0,109,66,452,0.9999999403953552,2,0,0
9adaae6785a3526319e6aabab5ed551062636970,2015-03-11 14:52:11+00:00,0,30,15,117,0,0,0,0,0.0,0,0,0
c4bd6ea1501ee24a7e45d3e888f11d2a52e41469,2015-03-12 01:52:12+00:00,1,1,1,357,0,51,51,222,0.0,0,0,0
bc746e158cebf034a5010c2d130a19be94702cf8,2015-03-12 06:50:33+00:00,0,1,1,119,0,0,0,0,0.0,0,0,0
573d460aa7f7883951adc1fe9f05a89130d84b09,2015-03-12 12:54:29+00:00,2,24,8,61,1,8,8,23,0.999785304069519,0,0,0
1acc4992d42950b54a7be1b0dcacdaac35d32436,2015-03-14 02:47:29+00:00,1,14,4,464,0,0,0,67,0.0,2,0,0
3bd8afbff29e50b38f889b2f688785a669b9aafc,2015-03-14 08:49:55+00:00,1,1,1,43,0,98,98,333,0.9999997615814209,0,0,0
76f7ce8a249e57df5ed1f2331a43e635895bdbba,2015-03-14 11:19:12+00:00,0,24,8,96,0,0,0,0,0.0,0,0,0
8a2fd7ce6d3c543d224bace94c2222e2c24cc58d,2015-03-14 11:20:33+00:00,0,14,4,124,0,0,0,0,0.0,0,0,0
f7c85685a8e484715649c13bacae6adc7f5f3908,2015-03-14 11:29:05+00:00,1,3,0,41,0,98,98,333,0.9999997615814209,0,0,0
e776bb26560fe5e9fe7ae72719519e1d011b5d23,2015-03-14 12:05:48+00:00,0,4,1,90,0,0,0,0,0.0,0,0,0
bbbd9de6fdc8a99846414cdfc582974e49478c7b,2015-03-14 12:43:17+00:00,0,6,5,123,0,0,0,0,0.0,0,0,0
80a3e87bf39f05a7b255cd757d84bb46e23c3a86,2015-03-14 16:42:38+00:00,2,31,1,44,0,1,1,28,0.0,0,0,0
fa338da717124188b21d48df55f2fa9aca459d12,2015-03-14 16:43:32+00:00,0,31,1,103,0,0,0,0,0.0,0,0,0
6e2f1eb402096dfce912f7ff44cae55e466c3afc,2015-03-14 20:02:09+00:00,1,2,3,54,0,0,0,0,0.0,0,0,0
3385c789991197d9b08da1de203615f6f40c2738,2015-03-15 11:49:32+00:00,1,6,6,39,0,0,0,0,0.0,0,0,0
8c6d82a244880004863abe6b311ec0cf6a8e4a96,2015-03-15 11:50:51+00:00,0,6,6,94,0,0,0,0,0.0,0,0,0
3711e04f37329b7252e13b410bc0ab04a6c4645c,2015-03-15 17:42:43+00:00,1,1,1,27,0,0,0,0,0.0,0,0,0
cd3f7eb3883867575b82c204ba52bf399e475fc0,2015-03-15 18:39:54+00:00,0,2,3,85,0,0,0,0,0.0,0,0,0
81d2d5535a6822ebc7d80f900903c2d0bbb1955d,2015-03-16 20:25:05+00:00,0,6,6,59,0,0,0,0,0.0,0,0,0
dfa0a2925f2bba7dd922a23fc9237ce306ea42b1,2015-03-16 20:29:33+00:00,1,1,0,27,0,0,0,0,0.0,0,0,0
86f9b1616ae9fd0690a8a1746b9a8d111b4210d2,2015-03-16 20:31:09+00:00,0,1,0,72,0,0,0,0,0.0,0,0,0
b974cd374165214bc55712b41082d8b3dba43c67,2015-03-17 20:07:28+00:00,3,103,36,41,0,0,0,0,0.0,0,0,0
587eb193ddbc2dfc10c2bdbf1718cd2267a0e77f,2015-03-18 11:29:18+00:00,2,5,12,51,0,98,98,325,0.9999465346336365,0,0,0
bedd2be0a75c355229e43cb71bac398400d81e7a,2015-03-18 21:27:20+00:00,1,5,3,35,0,0,0,0,0.0,0,0,0
84cc36017a53f99e10401e8d5f050c74e8529990,2015-03-18 21:31:55+00:00,1,6,1,27,0,0,0,0,0.0,0,0,0
b7e33707627ed41531008a5a0d483437c3beed28,2015-03-18 21:40:03+00:00,1,2,1,10,0,0,0,0,0.0,0,0,0
54791d1970531cdb44d60e2f0abc186933f1a7ed,2015-03-21 16:27:21+00:00,1,5,1,31,0,177,177,488,1.000000238418579,0,0,0
8dda20f8e3274ee9dd0d32b488960584f55dd50a,2015-03-22 19:51:17+00:00,0,5,1,77,0,0,0,0,0.0,0,0,0
1b5317ea088b26e386c53e6a4f55558915467bb5,2015-03-23 05:01:48+00:00,2,10,3,28,0,99,99,363,0.998921811580658,0,0,0
a0f5776f3546d2ced19d9e264c53176a23d3b078,2015-03-23 06:18:48+00:00,0,10,3,77,0,0,0,0,0.0,0,0,0
b2ce5be9d049a73e0adb475156435b854355f234,2015-03-23 15:11:13+00:00,2,3,10,37,0,98,98,360,0.9999998211860657,0,0,0
e95e173b8c77997c8832bc2c4c442a9a69ffabc3,2015-03-23 15:13:14+00:00,0,3,10,100,0,0,0,0,0.0,0,0,0
ce234d53a5b8d829eca4f27857e6ea2625575fe8,2015-03-25 17:21:34+00:00,1,2,6,54,0,0,0,63,0.0,2,0,0
1145fe64a54d5d1f813b96bf2923aff954267554,2015-03-26 14:53:19+00:00,1,2,2,50,0,0,0,63,0.0,2,0,0
452ba32edfbd130c0802ceb32e01c592a38ffdcd,2015-03-27 11:03:41+00:00,0,106,36,81,0,0,0,0,0.0,0,0,0
460caf71a47f6ccd2317ef4c8d7fe1442dcba5b7,2015-03-27 12:49:29+00:00,0,2,6,121,0,0,0,0,0.0,0,0,0
0ad075c430a2f2b1d428dd50b4726dc0742d15ce,2015-03-31 16:44:50+00:00,1,1,1,16,0,0,0,0,0.0,0,0,0
845e8f943f47ed3b88e19ff8351e6f248a9d6ab9,2015-04-02 13:24:54+00:00,1,8,5,582,0,35,35,143,1.0000004768371582,0,0,3
e65360dbaf252a136a011adf639e5dce880a2412,2015-04-02 20:29:51+00:00,1,1,1,103,0,35,35,143,0.9991398453712463,0,0,3
e8d9bc55bc9fae82e3ba934d3f7a93e94a72d094,2015-04-03 13:21:29+00:00,1,38,27,116,0,37,37,150,1.0000004768371582,0,0,3
142e24de7b456d09b88bbbe0b9c978755254ca95,2015-04-03 13:38:59+00:00,1,20,0,81,0,200,200,1246,0.99965900182724,271,71,0
898465756a600958fdfee6aef43134cab7d75a7d,2015-04-03 14:58:42+00:00,1,9,0,35,0,0,0,0,0.0,0,0,0
d294de38c4461c1e694038dd7264ff74ceae1c0b,2015-04-03 15:57:54+00:00,0,9,0,100,0,0,0,0,0.0,0,0,0
36dea434065fa174105ac220152d94f7a39827b5,2015-04-03 16:04:33+00:00,1,10,12,92,0,37,37,148,1.0000004768371582,0,0,3
5a69137ac871c38f4597b574e93de07d9ff9655f,2015-04-04 13:25:08+00:00,1,30,31,119,0,37,37,147,1.0000004768371582,0,0,3
1b1866934b407dfe10bd75a7d81bdeb218934f70,2015-04-05 21:23:10+00:00,1,1,1,57,1,0,0,0,0.0,0,0,0
18e678c1f897d5bcc934f0b1d5788afee9c37ada,2015-04-05 22:33:29+00:00,0,1,1,122,0,0,0,0,0.0,0,0,0
1b5bfe681b4c0a987e97ae78b2034db7b7ce3d01,2015-04-06 01:48:35+00:00,1,1,1,477,0,17,17,53,0.0,0,0,0
36093e69c70b9b24dd1e007befa35ad891313f51,2015-04-06 02:27:33+00:00,2,19,3,420,0,290,176,750,0.9995759725570679,0,0,0
dacf69a16df787c4a4c4b4185b86e597b2414445,2015-04-06 02:49:10+00:00,1,1,1,50,0,1,1,28,0.0,0,0,0
1ff9a05181fce368b2b39d79d16431f3fdeb3fd3,2015-04-06 11:15:55+00:00,0,19,3,96,0,0,0,0,0.0,0,0,0
0581f2c7d2066d5c17ce401a56778b022a9e7e1e,2015-04-06 11:19:15+00:00,0,1,1,91,0,0,0,0,0.0,0,0,0
956ec8321a76f0b5a9f5bcb591cf6e77d773f819,2015-04-06 15:19:15+00:00,0,2,1,123,0,0,0,0,0.0,0,0,0
e3c7b43fc98aab11bd228498a775a528a06429f0,2015-04-06 18:00:51+00:00,1,9,1,148,0,176,176,488,0.9998317360877991,0,0,0
a57c87a459d51c5b17d20285109e901b8aa95752,2015-04-06 21:54:22+00:00,0,1,1,89,0,0,0,0,0.0,0,0,0
b0c008c5932fc2736891d7d2fe12785f353c2c72,2015-04-06 22:29:17+00:00,0,9,1,116,0,0,0,0,0.0,0,0,0
ccc03b93ef003de381cdafc5f483080a85553e94,2015-04-10 17:22:14+00:00,1,2,0,4,0,0,0,0,0.0,0,0,0
0cd9f5855e395c04bf99a68e0059784fb9a90cf3,2015-04-10 18:40:52+00:00,1,3,7,30,0,0,0,0,0.0,0,0,0
f89b5a5d90d7b45a7f59dbd2bb29ae2f400aba44,2015-04-10 21:23:07+00:00,1,1,1,12,0,176,176,488,0.9999997615814209,0,0,0
f02d0f9e79a3aa3f0b716871f457ceb8f446bdba,2015-04-10 22:41:02+00:00,1,1,1,12,0,176,176,488,0.9999997615814209,0,0,0
599f8343512277671d08e043a0505a82630c641d,2015-04-11 00:29:21+00:00,1,2,1,12,0,176,176,489,0.9999997615814209,0,0,0
5478dd62719a1ce60899a856fad2bee288d7271a,2015-04-11 02:59:13+00:00,0,2,1,125,0,0,0,0,0.0,0,0,0
a0632d8df045f9e56625a856a14df8941922eced,2015-04-11 03:03:26+00:00,1,2,2,23,0,176,176,489,0.9999997615814209,0,0,0
8cf5e670418264242f02f9c52291253817933f19,2015-04-13 15:39:23+00:00,2,27,0,21,0,0,0,0,0.0,0,0,0
5a799dd0f505e6c6c2ff67e227f6a3d25c086342,2015-04-14 18:03:08+00:00,0,3,7,77,0,0,0,0,0.0,0,0,0
a0d9e0bc57c971823811de38e5733b4b85e575ae,2015-04-16 05:57:56+00:00,0,5,12,141,0,0,0,0,0.0,0,0,0
d0e64d32bae5ed8be1eca59e9e3f06879e2d4738,2015-04-17 12:44:38+00:00,0,27,0,71,0,0,0,0,0.0,0,0,0
576e18a79686c84f908f7bdad7cfd56028404c1e,2015-04-17 12:51:02+00:00,2,23,4,35,0,0,0,0,0.0,0,0,0
16eeee14367550680d9c3cd084b9d4addd743755,2015-04-17 12:52:47+00:00,2,3,4,14,0,0,0,0,0.0,0,0,0
35045e851a75b23d3d4e50853dfc1c5555110895,2015-04-21 01:13:57+00:00,2,4,1,224,0,374,197,1719,0.9999123811721802,270,71,0
b906c04a6f6d70595fd3f02de2abc3320e470692,2015-04-21 05:59:55+00:00,0,4,1,89,0,0,0,0,0.0,0,0,0
4cfc5bcd965ed060bf109edad28c89c93c0f8562,2015-04-21 21:15:51+00:00,1,1,0,29,0,0,0,0,0.0,0,0,0
1f0e5775f28d6c2db3430fdc16a095762816bf87,2015-04-21 21:18:04+00:00,1,12,0,11,0,0,0,0,0.0,0,0,0
5fcd843eb23e8e84cd5f60c6d372ef4d678f80fe,2015-04-22 13:17:39+00:00,8,146,61,58,0,371,98,1400,1.0,3,0,0
cfb9e66b04136f014412a8d638b2d69603557c1d,2015-04-22 13:43:20+00:00,2,25,2,44,1,1,1,28,0.0,0,0,0
3d339ed7e61261832347190185113b890b55009e,2015-04-22 17:39:40+00:00,1,1,1,96,0,3,3,38,0.0,0,0,0
3e3fc7683cab2d401981fdf01ae8cdc40c8d6222,2015-04-22 21:26:14+00:00,1,1,105,33,0,0,0,2,0.0,0,0,0
ae7c28eb8e8df89555b50d766b77dc922c1500ce,2015-04-22 21:52:40+00:00,1,1,2,22,0,0,0,0,0.0,0,0,0
3880cf1255c70e7a13a491cd07d282d41d871649,2015-04-22 22:12:26+00:00,0,172,169,72,0,0,0,0,0.0,0,0,0
73b9b6906d5cd94bd18751d7c5dce15a5d47eab0,2015-04-23 16:27:42+00:00,1,34,18,58,0,93,93,260,0.9998347759246826,0,0,0
ca66267d2cf8adc67ed8857f3f57b45ffde21e01,2015-04-23 16:29:10+00:00,2,10,2,41,0,1,1,28,0.0,0,0,0
b7fc3a1250cb13ed3b55010ccc33f2681f0ffa4a,2015-04-24 10:05:18+00:00,1,12,1,47,0,0,0,12,0.0,0,0,0
93216afbaf09290aa1cadb2f5811f18f4c48f983,2015-04-24 13:29:19+00:00,2,27,2,38,0,0,0,12,0.0,0,0,0
773e730d80aa5e590ca0fb0fa079a9b4f11d6403,2015-04-25 00:28:01+00:00,2,53,1,45,0,0,0,0,0.0,0,0,0
f74fc486be3ba16914a46df809ca33fbffb28629,2015-04-25 14:29:40+00:00,1,23,20,174,0,0,0,0,0.0,0,0,0
9dba20395296f26a56fde851cbfa8ac6cef5a3bf,2015-04-25 20:39:00+00:00,2,162,0,28,0,0,0,0,0.0,0,0,0
09023f5894ea4deffb43f49985443fc38374211f,2015-04-25 21:34:45+00:00,0,162,0,79,0,0,0,0,0.0,0,0,0
535c51f5481ab6276ac43dc73264a6d24aefec0f,2015-04-25 21:36:14+00:00,1,7,7,25,0,0,0,0,0.0,0,0,0
51938de6b74cdf15b000bd8da76467784f8293e6,2015-04-25 21:42:48+00:00,1,13,31,28,0,0,0,0,0.0,0,0,0
1f85ce86700130e17e553b943e85048345d36041,2015-04-25 21:44:25+00:00,1,4,2,10,0,0,0,0,0.0,0,0,0
5d722bd0f5f8b7743bc3ba28fc7959cac3e24016,2015-04-25 21:46:31+00:00,0,56,1,96,0,0,0,0,0.0,0,0,0
e85920455485389a99719184ae4fee4848352328,2015-04-25 21:49:12+00:00,1,1,11,13,0,0,0,0,0.0,0,0,0
c8004e3dd70cc69297a89df07e1fe01f1473dde1,2015-04-25 21:49:14+00:00,0,56,1,44,0,0,0,0,0.0,0,0,0
ff71b25efc44460d941b97a021a2b58bc3e0ef2e,2015-04-25 21:50:03+00:00,1,3,4,27,0,0,0,0,0.0,0,0,0
6e9ebc06d1056d5a488e8d9af75ae82f458bf714,2015-05-01 03:54:34+00:00,1,3,2,36,0,8,8,23,0.9986687898635864,0,0,0
6acca21baebd824aa1af13d5ec9c7c034f5217df,2015-05-01 05:59:46+00:00,0,3,2,85,0,0,0,0,0.0,0,0,0
ee7389da98092f6e63f68a490e7f71651c9ec047,2015-05-03 14:02:40+00:00,3,78,53,29,0,144,98,410,1.0,0,0,0
b7bd29734022e634634d908e10bbf7a5ac15e76b,2015-05-03 14:45:47+00:00,2,13,2,6,0,1,1,28,0.0,0,0,0
ba7975fd165d8511c3c83039a65deffa7341d4ca,2015-05-04 00:34:09+00:00,1,2,1,20,0,0,0,0,0.0,0,0,0
a6937534ce0a496bca3205a25c4fb17470ac9fd7,2015-05-04 02:18:37+00:00,0,2,1,68,0,0,0,0,0.0,0,0,0
3475399a472ad0813a18d0b1fbeaec773f6cdeab,2015-05-06 19:35:14+00:00,1,1,1,17,0,1,1,28,0.0,0,0,0
ab84f9be5740d4649d734e73b84f17f85e52ffc9,2015-05-06 19:36:26+00:00,1,2,3,17,0,176,176,488,0.9999945163726807,0,0,0
74609c5c8f94cbae3d3fc72e0b0a53cae19cc29c,2015-05-06 19:42:43+00:00,1,11,28,20,0,176,176,469,1.000000238418579,0,0,0
868625532d2c64e4a46ec05a5c74bebff90c62e7,2015-05-06 19:42:47+00:00,0,475,204,44,0,0,0,0,0.0,0,0,0
c6c8d649af10cd5660b625fca4f44bd00541d518,2015-05-12 23:21:03+00:00,1,4,3,64,0,177,177,470,1.0000001192092896,0,0,0
fb6dade63d967623e5fb7505e05d22995dcec00e,2015-05-13 06:04:57+00:00,1,3,2,57,0,177,177,471,0.9999998211860657,0,0,0
395a3e888506d3713dba030b73adc21ca99a305c,2015-05-13 06:04:57+00:00,1,3,2,57,0,177,177,471,0.9999998211860657,0,0,0
4505f71829b82dab35f9fe71eb8118104a16ad62,2015-05-13 06:16:44+00:00,0,4,3,99,0,0,0,0,0.0,0,0,0
86aff09103608fb5cbb11dbfbcf35e5e4927a5da,2015-05-14 06:12:07+00:00,1,1,1,50,0,36,36,141,0.9998907446861267,0,0,3
c3c4c96a95d95726b47968cc953c6f60829933a8,2015-05-14 06:15:10+00:00,0,1,1,98,0,0,0,0,0.0,0,0,0
cda95d3cdee339f10d48287395368e31c386f296,2015-05-14 10:44:33+00:00,1,1,1,1483,0,114,114,262,0.9999128580093384,0,0,0
553907aa6b588c6006babdf746e34748d630595d,2015-05-14 21:30:24+00:00,1,4,2,26,0,177,177,473,0.9999998807907104,0,0,0
059e105f8f5897ddf2da7c2317bef995ee099ab5,2015-05-14 21:30:24+00:00,1,4,2,26,0,177,177,473,0.9999998807907104,0,0,0
639f8347a395782b8bd9b27b9448b0ea2af8e426,2015-05-14 22:32:19+00:00,0,7,4,104,0,0,0,0,0.0,0,0,0
d3bd3630ee9599f1bdbc71e0efb3d3b21ee0100e,2015-05-15 02:16:35+00:00,1,4,1,25,0,115,115,265,0.9997670650482178,0,0,0
dd0f164f8ed8e6f936c8af4442f6ddfa4d302fd5,2015-05-15 02:28:22+00:00,1,4,4,17,0,115,115,265,0.9997670650482178,0,0,0
ab1f493c8b6f82cbf80f8554b5fbbd02f2b2a363,2015-05-15 15:13:42+00:00,0,6,3,25,0,0,0,0,0.0,0,0,0
d866d8a44d76ff2f013f27d3f5d2b5b2a7766923,2015-05-21 00:25:42+00:00,1,7,7,26,0,0,0,0,0.0,0,0,0
d249c0a9c6dccf2bd63c3d1aad365f37cc4591a1,2015-05-21 00:31:42+00:00,1,1,1,30,0,0,0,0,0.0,0,0,0
3c850b33397b2bdacec3c2c518bc08299e8b8482,2015-05-21 08:16:24+00:00,0,8,8,60,0,0,0,0,0.0,0,0,0
8d0889b91b7e9d487e69eea00baed666a25259af,2015-05-24 13:59:35+00:00,2,26,0,83,0,378,200,1720,1.0000001192092896,271,71,0
1da62a65d9b28306c3be7ad603b2721374ce7d13,2015-05-24 13:59:35+00:00,3,14,0,83,0,376,198,1711,1.0000001192092896,270,71,0
f608547bef8fedce5d93fcc42c0b6b6f0d29eece,2015-05-24 19:02:36+00:00,0,0,0,74,0,0,0,0,0.0,0,0,0
dfdf371a0fea6d0fcd11a1c3f7e51cb3dd3528f9,2015-05-25 17:15:57+00:00,0,14,0,121,0,0,0,0,0.0,0,0,0
fd31453aa25f80f04e1ce36de9abff0460bd136a,2015-05-25 21:08:06+00:00,1,2,2,17,0,198,198,1236,0.9997650384902954,270,71,0
7ba130a0cb66c94eae2604a4a59d55d4be9f2713,2015-05-26 13:16:24+00:00,1,14,0,118,0,0,0,0,0.0,0,0,0
a92a2a42632733a29270fd2789516b23d76e41af,2015-05-26 14:12:33+00:00,0,14,0,113,0,0,0,0,0.0,0,0,0
8b5e457b756b2ab4c02473f7a42c2e0201ecc7e9,2015-05-26 19:54:51+00:00,0,2,2,34,0,0,0,0,0.0,0,0,0
2e62df456ae82aedb12987a317d29b1a9123633e,2015-06-13 07:10:53+00:00,1,0,3,65,0,51,51,220,1.0000003576278687,0,0,0
9bbab338fdbb562b923ba2d8a80f0bfba697fa41,2015-06-13 13:54:40+00:00,0,0,3,98,0,0,0,0,0.0,0,0,0
e3bdec5934a4bdd00405acbb714aec81980f6097,2015-06-22 20:22:59+00:00,1,2,2,917,0,178,178,475,0.9996844530105591,0,0,0
f5dacf84468ab7e0631cc61a3f1431a32e3e143c,2015-06-22 21:16:28+00:00,0,2,2,109,0,0,0,0,0.0,0,0,0
a560e094279c755b7a9bd5f3d29c303155ed8b27,2015-06-29 01:56:51+00:00,1,3,2,419,0,127,127,362,0.9999949336051941,0,0,0
884cb7a7fbaea704427ed878dfbdeae3744c9e71,2015-06-29 03:22:57+00:00,1,3,3,108,0,127,127,362,0.9999949336051941,0,0,0
e4d59bedfd3c7f4f254f4f5d036587bcd8152458,2015-06-29 07:24:21+00:00,0,4,3,128,0,0,0,0,0.0,0,0,0
e9a1e35f8989691afe99407d9b65a67684aa8bac,2015-07-03 16:00:38+00:00,1,2,1,38,0,51,51,221,1.0000003576278687,0,0,0
2440b6f089f4c53e96cd2ece80e92774b72ed243,2015-07-04 20:19:37+00:00,0,2,1,96,0,0,0,0,0.0,0,0,0
147a305da8c7c5e1fa44d073f97c865f4e81bfd7,2015-07-13 12:21:12+00:00,1,15,0,127,1,200,200,1249,0.9997846484184265,273,71,0
47e71d1774745543b743bdf570d9d8e7151355e6,2015-07-13 13:07:38+00:00,1,1,1,56,0,200,200,1249,0.9997846484184265,273,71,0
3b325f1bc5df476c4c4e93c5a742d81e2c5bd950,2015-07-14 06:10:13+00:00,1,4,1,42,0,200,200,1252,0.9977186322212219,274,71,0
2b26489f74c48ca5fdac330409b056ef8d5864a3,2015-07-14 06:57:58+00:00,0,18,0,92,0,0,0,0,0.0,0,0,0
beaa7e4180ad6679424dda3d6bbd0368591ada17,2015-07-15 22:28:09+00:00,1,1,1,298,0,0,0,0,0.0,0,0,0
0be38a0c37c59c4b66ce908731da15b401655113,2015-07-16 01:51:06+00:00,0,1,1,114,0,0,0,0,0.0,0,0,0
5ec7576f2311b5b881ff2426e05b6b35a9aa8bdb,2015-07-17 08:18:02+00:00,2,14,0,174,0,254,202,1483,1.0000003576278687,275,71,0
1e640c8456c644d5452267c480b3e3693757f852,2015-07-18 15:38:30+00:00,0,39,3,90,0,0,0,0,0.0,0,0,0
77d7e53c12da9fbeea75711d8607741bdfd12973,2015-07-18 15:38:58+00:00,0,58,27,97,0,0,0,0,0.0,0,0,0
2b5cdc56f36f083666fb9abaed2adc9b9c60529b,2015-07-18 15:41:29+00:00,1,2,1,22,0,0,0,0,0.0,0,0,0
d7026bfb2a015c2187009e7e159bc6abc251c355,2015-07-18 15:43:26+00:00,13,479,114,59,0,492,103,1822,1.000000238418579,3,0,0
d0aecb271f38f42246dedcfc0baa816ea4036b5b,2015-07-18 15:44:31+00:00,0,7,1,77,0,0,0,0,0.0,0,0,0
b8a297baab501f5818a8041ca6dac15b1d29dafd,2015-07-18 15:47:23+00:00,1,0,7,56,0,199,199,1246,0.0,273,71,0
b4c1feac436f9efb5960124901cca01a0648f877,2015-07-18 15:48:26+00:00,0,0,7,96,0,0,0,0,0.0,0,0,0
31817b66c6b793689c93a5b558384fb53d0576f7,2015-07-18 15:57:28+00:00,1,1,1,31,0,205,205,1275,0.9998178482055664,276,71,0
873f834fc9104b894eb7b254d8dcbd3170086cc7,2015-07-18 15:57:34+00:00,0,7,8,66,0,0,0,0,0.0,0,0,0
6648defcddeff2e5e4022f51a9fd7b6c224bc472,2015-07-18 22:50:29+00:00,1,3,4,196,0,0,0,0,0.0,0,0,0
9648301e1ecad91781a2bdcd9cf4b2599d90b9ae,2015-07-19 09:57:01+00:00,0,3,4,102,0,0,0,0,0.0,0,0,0
e8a4784c8fa8cb137c6d1c102059f0b2f501c175,2015-08-04 13:05:35+00:00,1,3,3,133,0,0,0,0,0.0,0,0,0
9b067db19e20226dcb3aa407605d30942d085050,2015-08-04 13:54:30+00:00,0,3,3,95,0,0,0,0,0.0,0,0,0
276202f51ee9967969eafc1880c4785c80d63d3b,2015-08-04 21:47:12+00:00,2,8,3,70,0,296,200,1576,1.0,274,71,0
5d7392f140ed476cdc99f4178e425ce2fbb05884,2015-08-06 23:06:23+00:00,0,14,10,89,0,0,0,0,0.0,0,0,0
75c1776bde6398489c1b6722cf4f612b0061bfc1,2015-08-07 18:21:39+00:00,2,15,0,45,0,98,98,325,0.0,0,0,0
8f3ddbeefba5f3c57310741259328dd84854bcef,2015-08-07 18:25:02+00:00,1,6,1,43,0,0,0,0,0.0,0,0,0
313143959e9bd405845757dad99317560cf4791e,2015-08-07 20:41:21+00:00,0,21,1,92,0,0,0,0,0.0,0,0,0
1bb91653ccb9ddb8252697eb10b506fb4108feb0,2015-08-07 22:19:10+00:00,2,20,0,69,0,0,0,0,0.0,0,0,0
408d75d47aecc3724270217cf47793c114670f38,2015-08-08 01:18:21+00:00,0,20,0,121,0,0,0,0,0.0,0,0,0
b6127ca9ca7adf7f5a55c4fe6602afa5744707d0,2015-08-13 19:04:49+00:00,1,3,1,31,0,129,129,364,0.9997965097427368,0,0,0
5a9097dc4b8c90a3b501a403177ec5314064e395,2015-08-14 14:15:51+00:00,1,9,0,80,0,0,0,0,0.0,0,0,0
b1de7e728721750c21988895d3c9de8f627b81ea,2015-08-14 14:31:54+00:00,1,2,2,40,0,0,0,0,0.0,0,0,0
98a59e4894ce68f4aced0e39e70baa3bf874fc02,2015-08-14 19:30:00+00:00,0,9,0,128,0,0,0,0,0.0,0,0,0
f40bd0f7074ccda6be66c77f39442770d7669af0,2015-08-15 09:45:44+00:00,3,6,6,88,0,157,98,569,1.0000001192092896,0,0,0
fdc76f12e53d06ace9565dc1a960f939f2c21006,2015-08-15 13:24:20+00:00,0,6,6,116,0,0,0,0,0.0,0,0,0
53ea23128e375ef84511fd2b22b740eca15d0854,2015-08-15 15:39:46+00:00,0,8,3,125,0,0,0,0,0.0,0,0,0
2411b1f56aa0259e3ddb6c85c55c5dd1b9d0a082,2015-08-15 18:00:13+00:00,1,1,0,36,0,0,0,0,0.0,0,0,0
3cf4ec41b916b354f49121fe2f54bffba9b11cef,2015-08-15 18:42:21+00:00,0,1,0,86,0,0,0,0,0.0,0,0,0
7197afa8874a3751a3dfafffc715c598e3be55ca,2015-08-15 19:53:11+00:00,1,3,3,56,0,0,0,0,0.0,0,0,0
c7c26fb8eb60a181795c9a39c41519bc0263b8a1,2015-08-15 20:02:06+00:00,0,3,3,115,0,0,0,0,0.0,0,0,0
48fe34447de02bfe9827321fafe3277741d77c38,2015-08-20 21:59:57+00:00,1,2,1,285,0,51,51,222,0.9996021389961243,0,0,0
4947cd01ae4ebcfb1ce97345d1e9232c331331da,2015-08-21 07:44:09+00:00,1,5,4,186,0,97,97,324,0.9996287822723389,0,0,0
5d6d1bc284520d986ce1ad8912f245b19a13366b,2015-08-21 08:08:19+00:00,0,5,4,118,0,0,0,0,0.0,0,0,0
9d88810d52a2f70bba96b6f0360daa99c0531969,2015-08-24 11:48:17+00:00,1,0,1,32,0,51,51,221,0.9998651146888733,0,0,0
cef2589436b2e25385a43e87c8455ca3f84f554d,2015-08-24 12:43:01+00:00,0,0,1,108,0,0,0,0,0.0,0,0,0
8b03cd96cbdc79666ae49e1b0b63b53ddb4c6bdf,2015-08-24 23:28:41+00:00,1,2,2,48,0,97,97,324,0.9999998807907104,0,0,0
767cc9d2dcb07c23ed105eaa250a6c24dc707f67,2015-08-25 01:44:45+00:00,0,2,2,102,0,0,0,0,0.0,0,0,0
66567e037b5805dc81b80745bf2468a568aa04f3,2015-08-25 01:47:22+00:00,1,4,2,23,0,200,200,1254,0.9999047517776489,274,71,0
e57925223fc2424bca34aa60dc1d0f047ed56f6a,2015-08-25 07:27:20+00:00,0,4,2,82,0,0,0,0,0.0,0,0,0
56844d128754b923211a981618903c34fd36ed7b,2015-08-25 14:53:52+00:00,1,6,0,43,0,0,0,0,0.0,0,0,0
618514231bd24d7eec7b8d486f4a55cb7ef8d522,2015-08-25 15:11:27+00:00,1,8,7,41,0,0,0,0,0.0,0,0,0
22075f02d0f41ee8d6e7328361b59c3b2d54bdaf,2015-08-25 18:21:20+00:00,1,4,2,31,0,52,52,224,0.9996021389961243,0,0,0
a2e828d4d735c79786a0d8e54ead9831e96456a2,2015-08-25 20:09:10+00:00,1,1,2,26,0,0,0,0,0.0,0,0,0
bf436ea0a49513bd4e49bb2d1645bd770e470d75,2015-08-26 00:38:04+00:00,0,1,2,72,0,0,0,0,0.0,0,0,0
d7a3aa618839e304c324e6092953131a1f43c647,2015-08-27 17:26:14+00:00,1,5,3,52,0,53,53,226,0.9995154738426208,0,0,0
2c8721540ad70cadb3c71912b1ab8577f2f8fd53,2015-08-27 17:26:45+00:00,1,5,5,50,0,97,97,324,0.9999999403953552,0,0,0
500f15da1fe54e3773be42f7770680d1f86b699f,2015-08-27 17:38:18+00:00,2,13,13,35,0,179,130,588,0.9998865127563477,0,0,0
c80121df91997535f4c27f9c44c7aca10ad39af6,2015-08-27 17:41:12+00:00,2,6,2,44,0,179,130,588,0.9998865127563477,0,0,0
fb496e4e86cafd78fd510e6d1ecf539c0545bcae,2015-08-27 18:20:11+00:00,1,9,0,37,0,201,201,1259,0.9969453811645508,277,71,0
f3d4480a33b367cf020b0ed447bca10797706094,2015-08-28 20:06:45+00:00,1,2,1,35,0,49,49,220,0.9999468326568604,0,0,0
4c6540898c101a606e1a50e539f01a82163bdae0,2015-08-28 20:20:07+00:00,2,2,2,101,0,179,130,589,0.9999468326568604,0,0,0
00d8c24fe171db90cf2226f7753e00ca706b50ae,2015-08-29 02:12:10+00:00,1,1,0,27,0,0,0,0,0.0,0,0,0
bf9e66364f7d909ce7fdcd2789ab6d8f30ae68ba,2015-08-29 12:21:07+00:00,0,1,0,78,0,0,0,0,0.0,0,0,0
7c958ee28e54be838785b9f4388045005a7f1ffb,2015-08-31 09:26:06+00:00,1,5,1,49,0,0,0,0,0.0,0,0,0
719c76cd9deeaa58eeb8aa224b22970b556b71d2,2015-09-01 01:34:11+00:00,0,5,1,95,0,0,0,0,0.0,0,0,0
704a922fc2d77bbc1b24fe2a02ad6876bdc16d5c,2015-09-04 22:55:38+00:00,1,4,1,123,0,0,0,0,0.0,0,0,0
117813ee2ef730d1338d5cd6d55c389089799002,2015-09-05 06:30:40+00:00,1,37,0,35,0,214,214,1427,0.9984258413314819,283,82,0
f4eaefa63e80b323762c4e719342717fd523663b,2015-09-05 10:07:49+00:00,1,4,4,17,0,0,0,0,0.0,0,0,0
14ee84b5fdfc9b5ecdc2fdfc14e3157adee7960a,2015-09-05 21:01:39+00:00,0,4,4,62,0,0,0,0,0.0,0,0,0
56ecdebcc507c71f2386d3bf2ea14db2d27cc834,2015-09-06 03:02:40+00:00,0,42,13,83,0,0,0,0,0.0,0,0,0
37037607b5f3da32ff1897caca3c38e210f04c37,2015-09-08 09:15:46+00:00,2,9,2,112,0,380,202,1742,0.9999997019767761,278,71,0
7a0cd16c1a5be16f3df395ee12ed11d0ddde7837,2015-09-09 07:34:24+00:00,2,2,2,114,0,380,202,1742,0.9999731183052063,278,71,0
1f48a4c9ea81d6b2128a7e1199be2dfbb81b643d,2015-09-09 09:13:22+00:00,1,1,1,53,0,202,202,1267,0.9996477365493774,278,71,0
96e8e8b92f177b3672dc5566a1e7cd010c872ccf,2015-09-10 16:59:39+00:00,1,1,1,68,0,0,0,76,0.0,0,0,0
ebc38f78255182f56ea2d95312619685118f7dee,2015-09-10 17:38:25+00:00,0,1,1,114,0,0,0,0,0.0,0,0,0
e9c94e0f0662c33aa3a94c784f64ae575ce97c7b,2015-09-10 20:45:59+00:00,2,2,2,15,0,0,0,0,0.0,0,0,0
17a9e6da9eab7129a62774aef6fd1d42a5ffc436,2015-09-10 21:14:11+00:00,0,2,2,61,0,0,0,0,0.0,0,0,0
2cee3bb57a464d0ae48892661a9edf44790d373b,2015-09-11 17:48:18+00:00,1,22,22,56,0,0,0,0,0.0,0,0,0
7c74050d66698a9d8c61edb607e98ed78452f9c9,2015-09-11 19:22:13+00:00,0,22,22,112,0,0,0,0,0.0,0,0,0
c5a41269d9795e7c63d72777b7ea360e380544d8,2015-09-13 00:43:25+00:00,1,5,13,47,0,8,8,15,1.000000238418579,0,0,0
9d69c7845db1136832f8508ad7b8b901cf04fb78,2015-09-13 05:05:34+00:00,0,5,13,101,0,0,0,0,0.0,0,0,0
649aeaa489d66807a30b9e7ea508589f036ba883,2015-09-13 10:36:39+00:00,1,1,4,35,0,8,8,14,1.000000238418579,0,0,0
46ff1a9a543cc4d33541aa64c94f50f0a698736e,2015-09-13 12:26:05+00:00,0,1,4,95,0,0,0,0,0.0,0,0,0
647ed5b6de6a71d235eb222fe978899c0447b0f2,2015-09-24 01:45:35+00:00,1,21,0,26,0,216,216,1439,0.9984258413314819,286,84,0
b8df8911c3591ce1abe823fcde91f6fa4f5ae570,2015-09-24 17:40:49+00:00,1,1,1,9,0,0,0,0,0.0,0,0,0
76a0d3fcb9a826435e938e0c268083b014375aaa,2015-09-28 02:48:42+00:00,1,0,1,44,0,0,0,0,0.0,0,0,0
21bf8cd9bf9c96dcf72ac1a2c771685b3e6277c2,2015-09-30 13:29:27+00:00,0,0,1,100,0,0,0,0,0.0,0,0,0
79675a0638190560fb4d4afa26452f9118574daa,2015-10-01 09:26:14+00:00,1,3,3,24,0,0,0,0,0.0,0,0,0
aead8c347c74d7dff40d413a37f30147bee8942a,2015-10-01 09:27:25+00:00,0,3,3,87,0,0,0,0,0.0,0,0,0
bf38d5bf529c89be336cd380067faea83b9287f4,2015-10-02 08:20:52+00:00,1,1,1,91,0,178,178,475,0.0,0,0,0
610fbd062fda3bc53cc2b3a0c8cfa014cb86ca05,2015-10-02 09:08:23+00:00,0,1,1,105,0,0,0,0,0.0,0,0,0
63b3b9be55e0a836ec312dd2197366c260fd2eb0,2015-10-02 12:47:50+00:00,1,2,1,44,0,97,97,324,0.9999999403953552,0,0,0
3c6f89b8f43829a9425e9eef46b3eece79d169cb,2015-10-02 12:48:56+00:00,0,2,1,95,0,0,0,0,0.0,0,0,0
443d07e0d3bcbf5a23314a4ddf95c67bba533ddb,2015-10-02 22:58:48+00:00,1,8,2,61,0,0,0,0,0.0,0,0,0
086e19d8e175cccb630ee3589affdd2f38075ecd,2015-10-03 15:34:36+00:00,1,2,5,63,0,177,177,471,0.9969124794006348,0,0,0
a89d5c003a8708e9555968f810311f3e019281c4,2015-10-03 17:32:28+00:00,1,5,2,135,0,178,178,475,1.0000001192092896,0,0,0
139418475cd6bedd3d383cd3e442698b888c51c2,2015-10-03 17:33:25+00:00,1,2,2,23,0,0,0,0,0.0,0,0,0
f7a43e2664eddbe482d58d95fd3e0394d91258ef,2015-10-03 17:33:38+00:00,0,8,2,30,0,0,0,0,0.0,0,0,0
8963e1567b76e896441a64c4429877821c281893,2015-10-05 14:09:41+00:00,0,590,144,73,0,0,0,0,0.0,0,0,0
2a635ba87d7c7c3ef75e7f2013a2cd1a207a0e1a,2015-10-05 14:18:23+00:00,2,2,27,168,0,124,124,346,0.9966431856155396,0,0,0
f6afa71281c7df41aa940a7dd6b5100711200162,2015-10-05 14:27:53+00:00,0,9,2,72,0,0,0,0,0.0,0,0,0
d996a95cf75c60a6e175dc2f8edce5de4ee8524d,2015-10-05 14:28:49+00:00,0,3,1,90,0,0,0,0,0.0,0,0,0
4e44c2ab640f01739602da46929a24ded1516081,2015-10-05 14:36:21+00:00,1,0,1,37,0,0,0,0,0.0,0,0,0
09bd3232dd1572f1b6c435fdcca4275687fcb937,2015-10-05 14:38:24+00:00,10,84,65,22,0,431,103,1568,1.000000238418579,3,0,0
8dcd9f12de656706af70122b84d3c5bfb7e77fda,2015-10-05 14:38:31+00:00,1,35,0,27,0,0,0,0,0.0,0,0,0
397f10bac76b74e3e6efcb5c4be2fe735382d7bc,2015-10-05 14:41:04+00:00,1,2,2,26,0,1,1,28,0.0,0,0,0
96e949010092741ba94d437b88c7e33a1e465851,2015-10-05 14:54:17+00:00,0,1,27,79,0,0,0,0,0.0,0,0,0
ba7d09354a5bbe552a863ea3927199932fe76832,2015-10-05 14:57:05+00:00,1,2,0,20,0,0,0,0,0.0,0,0,0
e499b354c4215b158db6d4210136e0b9adbe8d14,2015-10-05 16:21:40+00:00,0,123,67,61,0,0,0,0,0.0,0,0,0
23051979f431ba7512c68968f44a9ff498c112a3,2015-10-08 07:09:53+00:00,1,1391,801,135,0,0,0,0,0.0,0,0,0
f7be4e5f28335cc2c6d31be716c0a883b64b2a71,2015-10-08 13:05:17+00:00,1,4,1,100,0,51,51,225,0.9999998807907104,0,0,0
2da8a604d3cfbe4dcb4c1684c3e70399b215cb02,2015-10-08 13:10:01+00:00,0,4,1,93,0,0,0,0,0.0,0,0,0
3948a9562db886e7ead6a48dbcbada34fbeb0838,2015-10-08 13:53:35+00:00,1,1,1,31,0,178,178,475,0.9999997019767761,0,0,0
931fd0eecefc1586ceeeec84af4f1a99a77dda3b,2015-10-08 15:13:08+00:00,0,1,1,80,0,0,0,0,0.0,0,0,0
978a89d5a32f6e91acf0812f7f2b29c9f97d6a0c,2015-10-08 16:12:09+00:00,0,1391,801,84,0,0,0,0,0.0,0,0,0
b071c4955682275a699ad7b3ac3e8dd945fd6761,2015-10-12 09:48:57+00:00,1,11,0,28,0,208,208,1299,0.9997841119766235,283,71,0
2df3c7c75dd4e3c825421da3aaa4b08bd91d4afb,2015-10-12 09:50:37+00:00,2,1,4,46,0,275,178,798,1.0,0,0,0
14a555ac716866678bf17e43e23230d81a8149f5,2015-10-12 14:50:53+00:00,0,12,4,86,0,0,0,0,0.0,0,0,0
18a6b601100db978f3a6e191816456e75bc47e0f,2015-10-13 12:55:09+00:00,2,16,2,6,0,1,1,28,0.0,0,0,0
7c55446b7ec0978d38fceda5ad4bc45e5b26f1f1,2015-10-14 12:23:19+00:00,2,27,1,42,0,0,0,0,0.0,0,0,0
d8f28f4bca40715a3b2929ae639868f235bcaa38,2015-10-15 12:32:35+00:00,1,2,2,34,0,97,97,323,0.0,0,0,0
6c2d09dc2f3b9f2035abf71ad7df3f52449a1e08,2015-10-15 13:01:13+00:00,0,2,2,87,0,0,0,0,0.0,0,0,0
8f591682e6a901baf0cc8a0393b5930252f0318a,2015-10-15 13:26:08+00:00,1,9,1,517,0,52,52,228,0.9999998807907104,0,0,0
58b20d671c67b0c74f0b1c0fe27ce886b9965191,2015-10-15 14:37:06+00:00,0,9,1,111,0,0,0,0,0.0,0,0,0
b675377dc2a0b5552877dce523d375fc4cb17b76,2015-10-16 11:31:36+00:00,2,3,2,19,0,0,0,0,0.0,0,0,0
13ea7394ccad31ca2bfde77ff3efb1cad9657d98,2015-10-16 12:21:45+00:00,0,3,2,87,0,0,0,0,0.0,0,0,0
4dffe5efaa73c1ae4a082442e201f413b5e5bea7,2015-10-16 21:01:47+00:00,1,2,2,25,0,0,0,63,0.0,2,0,0
de53523befec064909fe0d2436f94772fc28b6f6,2015-10-22 11:17:13+00:00,1,1,0,31,0,0,0,0,0.0,0,0,0
e5053cd32269ce9122ab7643e112e21518005b63,2015-10-22 11:20:29+00:00,1,22,9,29,0,212,212,1311,0.9999998807907104,284,71,0
a56db9ecc4456c992372f13d979e526bca251183,2015-10-22 11:20:57+00:00,1,1,1,38,0,212,212,1311,0.0,284,71,0
f52287d9992f0cff892ab5b55ed12803791a78a7,2015-10-22 11:21:36+00:00,1,1,2,46,0,212,212,1310,0.9996693134307861,284,71,0
9b63f9cd37d19f2d4bbce42caec112ad0606d8dd,2015-10-22 11:22:28+00:00,1,26,21,32,0,213,213,1314,0.9998475313186646,284,71,0
3bc189b0afba0d6ea8c65f0e99a78196a4a6d8b6,2015-10-22 11:24:34+00:00,1,90,90,42,0,213,213,1314,0.9999999403953552,284,71,0
a8fdba15b12550a9bb08b1fa1e4d78b5d9508c1f,2015-10-22 11:25:05+00:00,1,2,2,28,0,213,213,1314,0.9999550580978394,286,71,0
70d7b134c806cf75c5c4343f9cefa92f9345635a,2015-10-22 11:25:15+00:00,1,1,1,50,0,213,213,1314,0.999413013458252,286,71,0
edc68a0ac899785cd89a726e3da258e880d641dd,2015-10-23 12:22:36+00:00,2,6,1,15,0,387,209,1778,0.9998292922973633,284,71,0
1dff6c9153448213cd5ed957409de5c809447eba,2015-10-23 12:24:36+00:00,0,6,1,63,0,0,0,0,0.0,0,0,0
be564e500cdebff5c0325808adb9ff33610b7c78,2015-10-23 16:28:53+00:00,1,1,1,98,0,213,213,1314,0.9999595880508423,286,71,0
15cf19431a99a5334458b9478223cec63a494549,2015-10-23 16:30:58+00:00,1,1,0,20,0,0,0,0,0.0,0,0,0
f1fd11e54faef9045833432c8505b6681d7526bc,2015-10-24 08:29:23+00:00,3,39,3,41,1,132,127,420,0.9991636276245117,0,0,0
d290a9b4c6e7c40b30e14091de0352ab955c6299,2015-10-24 14:37:16+00:00,0,66,4,99,0,0,0,0,0.0,0,0,0
7dd94941c84d28c329db1d7739ea32f8d41a131e,2015-10-26 15:42:37+00:00,1,1,0,75,0,0,0,77,0.0,0,0,0
8f460faa31589a94311c179067debfe41f3e2f2e,2015-10-26 15:58:01+00:00,0,1,0,96,0,0,0,0,0.0,0,0,0
7c91e27d0142c177add6a1f726712f58914d4f52,2015-11-05 10:37:53+00:00,1,0,15,20,0,210,210,1302,0.0,285,71,0
0352ec0bd3aabb131b0cbb649f2062d59fc8f4a1,2015-11-05 13:21:21+00:00,3,16,2,34,1,53,53,233,0.9997934103012085,0,0,0
43b90d7f72c4793aa538dd7eac2ac126da2a3aaf,2015-11-05 13:47:04+00:00,1,1,1,52,0,210,210,1302,0.999718189239502,285,71,0
f7e0494130bdbd9c7b552ffd4f7c4f57cfbabdd6,2015-11-05 15:37:22+00:00,0,141,137,103,0,0,0,0,0.0,0,0,0
e67cd15bc81943cba10786cb3f5de0473d9e8550,2015-11-05 18:53:14+00:00,2,9,2,35,0,264,212,1535,0.9999998807907104,287,72,0
1ced0040bdc7da87b9fb05c57fc2443be012caf9,2015-11-06 20:54:43+00:00,1,5,7,38,0,8,8,21,1.0000001192092896,0,0,0
02576ae7e7c89f2396a4f0b952c13e3702f6ff7a,2015-11-06 21:02:30+00:00,0,5,7,83,0,0,0,0,0.0,0,0,0
c1c164ba80a35e63e13f00d20bd32f2f08c4fc51,2015-11-07 14:08:15+00:00,1,0,7,32,0,210,210,1302,0.0,285,71,0
7d5d067e9c6ad35b6af9f2ac4962953e7be5788e,2015-11-07 17:50:50+00:00,0,2,2,97,0,0,0,0,0.0,0,0,0
35170e180e45126b6cb9da5d9f93c41f7b77ef58,2015-11-07 21:39:41+00:00,0,16,2,100,0,0,0,0,0.0,0,0,0
a25a641fb479b17e582effa4142f21701a958805,2015-11-10 11:36:36+00:00,1,5,4,16,0,115,115,266,0.9998122453689575,0,0,0
89178ebcdca2d83f7fa43c766f44f4a60248400f,2015-11-10 12:47:40+00:00,1,5,3,50,0,115,115,268,0.9999041557312012,0,0,0
d849d6e90753cf76425d75fd3cb35631f1a5c5b4,2015-11-10 12:58:09+00:00,1,2,2,53,0,115,115,268,0.9999041557312012,0,0,0
cf9da5b52e5e3f97c1d87940f8d19c7c3383dcba,2015-11-10 13:05:24+00:00,1,1,0,21,0,0,0,0,0.0,0,0,0
f835843f876c9757e2bc66bcba0459784a2a595a,2015-11-10 13:07:55+00:00,1,1,1,24,0,0,0,0,0.0,0,0,0
4e89ba707714e3b58a46c2ed9e220cff8b7f1e6a,2015-11-10 13:21:01+00:00,0,8,4,73,0,0,0,0,0.0,0,0,0
0a1aaca024f34cc3b2d411f56905f9cfb7a3003b,2015-11-11 03:15:29+00:00,1,9,0,26,0,211,211,1307,0.9992327690124512,286,71,0
5397ef71b37ebe1fdf8af95a9a3b561baffe9dd8,2015-11-11 03:22:24+00:00,1,15,9,52,0,128,128,363,1.0,0,0,0
6d0017ee6a242433b2a05e78ae57ae0b84ad4b13,2015-11-11 07:52:47+00:00,0,24,9,91,0,0,0,0,0.0,0,0,0
de2a5f43320288ed29023564574e299f2d254160,2015-11-12 13:54:47+00:00,1,0,1,29,0,0,0,0,0.0,0,0,0
2128321b85dfd969498e5d1636dcc3c4a27917ba,2015-11-12 13:56:55+00:00,0,0,1,75,0,0,0,0,0.0,0,0,0
6597b5383485c8ffd06f5593c338d4793b7b8e82,2015-11-19 19:05:03+00:00,1,1,1,241,0,0,0,63,0.0,2,0,0
6c47a0c5e9a244363b32baf694e1e87329af575e,2015-11-19 19:11:34+00:00,0,1,1,95,0,0,0,0,0.0,0,0,0
e5d6630888e530053ca3167363772fc0f54249d5,2015-11-20 11:29:35+00:00,1,53,0,30,0,0,0,0,0.0,0,0,0
085a8768a232187f12d9c195c431ea85c33fb4b8,2015-11-20 13:59:59+00:00,1,4,0,27,0,0,0,0,0.0,0,0,0
6506dc8f66a3fa82085e9d2e37d6f45d07345b80,2015-11-20 14:14:59+00:00,0,57,0,81,0,0,0,0,0.0,0,0,0
6f6b2fd1d5ca6b281a841e8a31e32eb6c34c429b,2015-11-23 19:52:06+00:00,1,2,0,61,0,180,180,477,0.9999997019767761,0,0,0
4c82dbab6fc3ad4b66babb1b01d21a26db602579,2015-11-24 12:42:13+00:00,1,1,3,39,0,178,178,475,0.9999645948410034,0,0,0
99825de025fe47372ce8fc09f1461a7f0576f4f7,2015-11-24 22:08:38+00:00,3,57,0,60,0,218,213,1350,0.9999151825904846,288,71,0
68db4132e36d23dc371219dd99ac51b1c1b1f852,2015-11-25 01:02:41+00:00,1,1,1,42,0,53,53,233,0.9999452233314514,0,0,0
c1f51fd1002850b931aba8e25474ab753cabf687,2015-11-25 02:44:51+00:00,0,1,1,64,0,0,0,0,0.0,0,0,0
9a2cc99b068b2aaa572f52b4516852b239577c34,2015-11-25 12:52:53+00:00,1,2,3,33,0,5,5,25,0.0,0,0,0
b806ce15ba5d726f94f58aa247fe40b6e2972fb7,2015-11-25 12:53:54+00:00,1,2,2,44,0,213,213,1325,0.9997478723526001,288,71,0
47e96c4e57964dd2db4806b2c24e02a89f3ae8bc,2015-11-25 13:05:21+00:00,4,3,6,33,0,218,213,1350,0.0,288,71,0
ab0f063d85d01a707516c84881c0a698edc526cd,2015-11-25 13:15:51+00:00,2,5,2,66,0,5,5,26,0.9999151825904846,0,0,0
2ad3f079821769062ad6b8e91c927b1b345895d6,2015-11-25 13:41:03+00:00,1,14,7,73,0,7,7,32,1.0000003576278687,0,0,0
11ad502b80a10d3c4fe5631509f893a7bd20c2e9,2015-11-25 23:29:53+00:00,2,20,0,53,0,223,214,1374,0.9999256134033203,291,72,0
f7917c305a4f05a86a3ae058036e2205dc0f47e7,2015-11-26 00:04:27+00:00,1,1,1,57,0,9,9,43,0.99997878074646,0,0,0
b4b4661f461a132c6815daa3719a3200553464a9,2015-11-26 00:05:16+00:00,1,10,0,84,0,215,215,1339,0.9998037219047546,291,72,0
6adabacd81d8e453c3915f8a98692c9891df022b,2015-11-26 00:11:18+00:00,1,1,1,43,0,215,215,1339,0.9998118281364441,291,72,0
27f5a15364f921fc314eadf3b0370dbfc02c3190,2015-11-26 14:34:01+00:00,1,1,1,36,0,0,0,0,0.0,0,0,0
6cfe6e775f06c92f0b943bdf4b1dbede7dd38556,2015-11-26 14:57:10+00:00,0,1,1,91,0,0,0,0,0.0,0,0,0
23d9b077d8b2db9d13c1edd97ffb65b0582631d0,2015-12-01 11:24:56+00:00,5,9,9,9,0,601,211,2373,1.000000238418579,286,71,0
dfa97addccf7b8c069eff9f00453558696ead579,2015-12-01 11:28:06+00:00,0,9,9,55,0,0,0,0,0.0,0,0,0
6551c290fdbf0b29e4534abef1b04f7485a88aad,2015-12-02 00:52:32+00:00,1,24,8,52,0,14,14,54,0.9992308616638184,0,0,0
aac32ac56e60ac220a15c33d207306806c193d1b,2015-12-02 00:53:39+00:00,1,32,2,84,0,218,218,1359,1.0000001192092896,293,73,0
5ecf789a6f2c50a69854e2663083aeea1a0ff683,2015-12-02 01:02:09+00:00,1,5,0,70,0,15,15,57,0.9971747398376465,0,0,0
40ce36671cfaa0ef4710638e3242561a3c7d2bb9,2015-12-02 14:35:41+00:00,0,1,1,118,0,0,0,0,0.0,0,0,0
6e903de0680856ca1dc2c0e80eae97457e3ea29a,2015-12-04 08:01:03+00:00,3,91,3,138,0,0,0,49,0.0,0,0,0
4d5e534467b9f9b0e35bef8e71f8e460475f05f0,2015-12-04 08:20:40+00:00,8,0,991,50,0,0,0,0,0.0,0,0,0
5c19d3e07b68145c7af9ad70dcaa2e48dd06b0b5,2015-12-05 15:47:00+00:00,1,1,1,733,0,38,38,147,1.0,0,0,3
e48fea7fb320b0104aed33c14d2cb3eaec4f2910,2015-12-06 04:48:52+00:00,0,1,1,122,0,0,0,0,0.0,0,0,0
3b2a489e13a2dc3c9d1ef919ad35e14cc5189f10,2015-12-08 15:12:40+00:00,1,13,8,96,0,16,16,60,0.9992355704307556,0,0,0
4a41c591f88c3be7bb1319c8e6b8eba631fea8da,2015-12-08 15:23:02+00:00,1,14,0,27,0,219,219,1370,0.9998975396156311,296,74,0
578b03255594d446b4fc8c6e00ec67dd3c8b440f,2015-12-08 15:37:03+00:00,1,17,0,43,0,221,221,1380,0.9999560713768005,297,76,0
3eeea3771b274e1089317faa302730e74203b37c,2015-12-08 19:40:58+00:00,2,49,6,127,0,239,222,1468,1.0000001192092896,299,76,0
534ee814fcb9d7b563413ea77ce6838090ead25f,2015-12-08 19:54:12+00:00,1,25,0,58,0,224,224,1414,0.9999998211860657,301,76,0
3ad66349ea651d13459d7cd2db1613c1b91b40e1,2015-12-09 16:21:21+00:00,1,1,1,273,0,97,97,323,0.9999998807907104,0,0,0
2d91365cba9ddca25ddd28f5c0ecd9497b8a2e24,2015-12-09 16:33:09+00:00,0,1,1,76,0,0,0,0,0.0,0,0,0
9a20afd6b5140da4b9f187a3c0c6ea7010baeee9,2015-12-11 18:32:09+00:00,3,5,4,227,0,105,97,344,0.999984622001648,0,0,0
9aca57d4bf7fe7906dd7b6d9e7c4836b6f38735d,2015-12-11 21:47:47+00:00,1,2,2,154,0,97,97,323,1.0,0,0,0
3d33f30436f75a5822d33b99d9db92555cac8c83,2015-12-11 22:13:53+00:00,0,3,2,68,0,0,0,0,0.0,0,0,0
3c0f0b9ab510d7ac6b556088d29fcc050c995357,2015-12-15 14:47:20+00:00,23,228,94,22,0,703,107,2535,1.000000238418579,3,0,0
2f744b501058d45c36c71391d4a185cccf62f9e1,2015-12-15 14:59:14+00:00,1,22,0,25,0,0,0,0,0.0,0,0,0
424fe263d8d80c9e8b90fccfc5b26d5bbc239681,2015-12-15 15:20:26+00:00,1,3,2,36,0,0,0,0,0.0,0,0,0
046a0f215de3fac60326ea1c2c9dd30beb329f61,2015-12-15 15:26:56+00:00,0,251,94,74,0,0,0,0,0.0,0,0,0
5f7a3a74aab1625c2bb65f643197ee885e3da576,2015-12-15 15:29:27+00:00,2,4,4,6,0,1,1,31,0.0,0,0,0
fc8fa1aa265bb14d59c68eb68a179bce17953967,2015-12-16 14:56:13+00:00,2,9,1,50,0,391,212,1788,1.000000238418579,287,71,0
b32c3bc10f0fb4075b6a282b283418f5290e812a,2015-12-16 15:20:26+00:00,0,9,1,104,0,0,0,0,0.0,0,0,0
96a068b58e14e77633f24168072e405ea60e58b2,2015-12-18 09:14:13+00:00,0,7957,3017,35,0,0,0,0,0.0,0,0,0
f7cb7962417f6e106a8ead214fb556e63bb71014,2015-12-18 09:18:10+00:00,0,4,2,23,0,0,0,0,0.0,0,0,0
589f13ca9d81a3ba2bace8b889f84b8b7c5e4881,2015-12-18 09:22:23+00:00,1,4,1,40,0,129,129,366,0.9997138977050781,0,0,0
b444f21b1f1474d5cad1353afd2e75813d1458bd,2015-12-18 09:54:42+00:00,1,9,0,26,0,0,0,0,0.0,0,0,0
834a9601c3eb3291558ef8d1c16a92b376bf49e0,2015-12-19 08:40:39+00:00,2,11,2,24,0,31,28,221,1.000000238418579,1,0,0
46b7f19857278c4422ca69ce6bae8d63de9880f3,2015-12-19 08:41:51+00:00,1,8,0,28,0,0,0,0,0.0,0,0,0
6e0649d9f896ce2dde57911e7f56b1c968575d74,2015-12-19 08:44:21+00:00,1,5,4,42,0,129,129,366,0.9999294281005859,0,0,0
728c3180803d09cacef971f201c57b460c82614d,2015-12-19 17:34:34+00:00,0,6,2,99,0,0,0,0,0.0,0,0,0
fcb8c8d33b72f66a0c94b3f2b0a65cb2a2e06697,2015-12-21 02:53:47+00:00,2,5,3,334,0,0,0,0,0.0,0,0,0
06a411c289dd02d78b59d94db558c5895a89c5a6,2015-12-21 14:51:21+00:00,0,28,2,65,0,0,0,0,0.0,0,0,0
1108058626450b863d154bb74d669754b480caa4,2015-12-21 14:53:36+00:00,1,2,2,6,0,1,1,31,0.0,0,0,0
a1c9b8439c7d36125867200aadfb44184f865fa6,2015-12-21 18:49:52+00:00,0,5,3,106,0,0,0,0,0.0,0,0,0
f14f30817e80b8181ae79114691230d3af1b6f55,2015-12-28 15:21:53+00:00,1,2,2,262,0,0,0,0,0.0,0,0,0
cbb0830ee9072d7d0bf8f28efe4e5825d69a9eb4,2015-12-28 15:58:54+00:00,0,2,2,109,0,0,0,0,0.0,0,0,0
cd84b3ff943f733c2e76bb047ab2d3a60cac5ba2,2015-12-30 10:07:16+00:00,10,228,37,22,0,307,102,1339,1.0000001192092896,2,0,0
396963ac7eb8078bae5c30d9cf596debef892c3d,2015-12-30 10:40:12+00:00,2,7,8,23,0,15,12,169,0.0,0,0,0
08364c6739ef94d245327acf88359de371bbf3ba,2015-12-30 10:40:24+00:00,1,33,10,21,1,57,57,253,0.9998685121536255,0,0,0
39ee5d46dc05edec6d4cf9c2831b326b857fc0e4,2015-12-30 10:40:30+00:00,1,6,0,42,0,1,1,34,0.0,0,0,0
1c54014daff8fa237820d5c67dcbd1aa2f585927,2015-12-30 10:48:29+00:00,1,2,1,29,0,58,58,254,0.9998763799667358,0,0,0
11b9b24ac9c6d7e2231493b3d8723de7715b0f2e,2015-12-30 14:37:53+00:00,1,25,23,19,0,58,58,256,0.9998763799667358,0,0,0
e4d15c464929e87a6648c57f32c422dc5bfecef3,2015-12-30 16:45:51+00:00,1,7,8,34,0,57,57,255,0.9998258352279663,0,0,0
a3acd30bcc284f02e5740b7ce9b4aa415af00bf5,2015-12-31 09:19:45+00:00,1,1,0,11,0,0,0,64,0.0,2,0,0
